:020000022000DC
:1070000000000420618F0600998F06007D72060043
:107010009D8F0600897206008F7206000000000036
:10702000000000000000000000000000E51B03005D
:10703000A58F0600000000007F1C03008F1C0300CA
:1070400059D4060001270600AB8F0600AB8F06005F
:10705000AB8F0600AB8F0600AB8F0600AB8F060030
:10706000AB8F0600AB8F0600AB8F0600AB8F060020
:10707000AB8F060061D80600AB8F0600C533060053
:10708000AB8F0600AB8F0600AB8F0600AB8F060000
:10709000AB8F0600AB8F0600AB8F0600AB8F0600F0
:1070A000AB8F0600AB8F0600AB8F0600AB8F0600E0
:1070B000AB8F0600AB8F0600000000000000000050
:1070C000AB8F0600AB8F0600AB8F0600AB8F0600C0
:1070D000AB8F0600AB8F0600AB8F0600AB8F0600B0
:1070E000AB8F0600AB8F0600AB8F060000000000E0
:1070F00000000000AB8F060000000000AB8F060010
:1071000010B5054C237833B9044B13B10448AFF3E1
:1071100000800123237010BDE06F002000000000FC
:107120006CCA070008B5034B1BB103490348AFF312
:10713000008008BD00000000E46F00206CCA07005A
:10714000154B002B08BF134B9D46A3F5803A002139
:107150008B460F461348144A121A4CF0C1FB0F4BD2
:10716000002B00D098470E4B002B00D098470020F2
:10717000002104000D000D48002802D00C4840F00A
:107180001DFE4BF0ADFE200029000CF0D3FD40F0B9
:1071900012FE00BF000008000000042000000000F4
:1071A000913C0300E06F0020787A0120BD7D06004D
:1071B0000000000010EE102A084BF6EE007AA3EB58
:1071C000620307EE103A60EE277AB7EE080A67EE20
:1071D000877AA7EE670A20EE070A7047DF59375F04
:1071E0009FED7D7A90ED034AD0ED023A90ED015A81
:1071F000D0ED045A07EE901A06EE903A67EE872A11
:1072000007EE902A67EE877A26EE877A27EEC41A71
:1072100064EE071AA3EEE21A08B5E5EE221AB1EE03
:10722000653AA3EE071AE3EE271A27EE632A23EE48
:10723000A73AA5EE272AA5EE073A2DED0C8BDDED3A
:107240000E0A9DED0F6A9DED10AAA5EEA22AA4EEEE
:10725000623AF5EE400AF6EE006AF1EE10FA21EE1F
:10726000261A61EEA61A22EE262A23EE263A0AD123
:10727000B5EE406AF1EE10FA05D1B5EE40AAF1EE96
:1072800010FA00F0828026EE060AB1EE009AA0EE17
:10729000A00AB2EE00BAAAEE0A0AFFF78BFF60EE70
:1072A000800A75EEA5BA63EE896A2AEE00AA25EE79
:1072B000A5CA20EE460A2BEEE06A74EE048A65EE5B
:1072C00005CAA6EE8C6A24EE048A25EE097A60EEE1
:1072D000A82A6CEE89CAE7EE082AA3EEAC6A63EE30
:1072E000A39A75EE057AE7EE292AB0EE467AA0EE6B
:1072F000277A23EE8BDA37EE666A64EE09AAADEEE2
:10730000296A73EEA34AADEE086A24EE0BBAAAEE20
:10731000266A60EEA76AE0EE242AE4EE2C6A64EEA8
:10732000E04AEAEE8C6AE0EE2B6A76EEEA6AEBEE71
:10733000296A69EE899AEBEE086AE5EEA94A28EE19
:10734000098AEAEE2A6AE5EE884AE0EE284A26EE45
:10735000060AA2EEA20AA6EEA60AA4EEA40AFFF767
:1073600029FFD0ED007A62EE802A26EE006A66EEF2
:10737000806A64EE804AF1EE677AA7EEA21AE7EE21
:10738000861AA7EEA62AA7EEA43AD0ED057AE7EE74
:10739000A13AA7EE815A23EEA30AA7EE824AA5EEF0
:1073A000050AE7EE835AA4EE040AA5EEA50AFFF744
:1073B00001FFBDEC0C8B25EE005A23EE806A64EED3
:1073C000006A65EE805A80ED015A80ED026AC0EDD8
:1073D000036AC0ED045A08BD39FA8E3C90ED017A7B
:1073E000D0ED037AD0ED026A67EEC77A90ED047AA9
:1073F000E6EE877A08B5B8EE007A67EE877A17EE80
:10740000900A48F043FDDFED047A07EE100A67EEBC
:10741000277A17EE900A08BDE12E654238B50D4671
:10742000C0F1FF010C2014460AF084FAC5F1FF01F7
:107430000D200AF07FFAC4F1FF010E20BDE83840AC
:107440000AF078BA08B50AF025FA2E4B1B6843B14A
:10745000834206D90021FF220846BDE80840FFF715
:10746000DDBF294B1B78052B1CD801A252F823F055
:107470008974020055740200AB740200F9740200B2
:10748000CD74020055740200204A1368C31AB3F584
:10749000FA7F35D310601E4A137883F0010313700E
:1074A000002BD7D10022114628E0184A1368C31ACE
:1074B000952B25D91060164A137883F001031370B9
:1074C000002BEFD000221146FF20C6E7114B1B789E
:1074D000002BE7D0104BD3ED007A104BF5EEC07ABD
:1074E000F1EE10FA93ED007AD8BFF1EE677AB4EEC0
:1074F000E77AF1EE10FAE5DB0022FF211046ACE757
:1075000008BD00BFDC7000201470002060700020F7
:1075100068700020186000206C700020306000202F
:10752000002213B511461046FFF778FF224B1C6866
:1075300023682046DB699847236820461F4CDB6898
:10754000984700221121204607F0C8FE2022102172
:10755000204607F0C3FE80225821204607F0BEFED9
:107560003F225B21204607F0B9FE00225C21204625
:1075700007F0B4FE20225E21204607F0AFFE0DF199
:1075800007011C22204607F015FE1D220DF1070100
:10759000204607F00FFE00210B200AF087FA4FF07B
:1075A000A043074AC3F82C274FF080430122C3F8B9
:1075B000002502B010BD00BF2472070078700020C3
:1075C00004000200F7B56A2200212348234D244C11
:1075D000244F07F046FC244B244A1A604FF07E5299
:1075E0005A6000229A60DA601A612149214A5A6180
:1075F000284601F069FE002622461F49284640F031
:10760000D8FB1E4D0096202312221D49384601F05A
:1076100055FC38461B4F2246294640F0CAFB202322
:1076200000960C221849384601F048FC3846174F9E
:107630002246294640F0BDFB009620231222144921
:10764000384601F03BFC22462946384603B0BDE8E7
:10765000F04040F0AEBB00BF78700020EC7000201E
:1076600000600020E07000201C700020CDCCCC3DDC
:10767000B07007006F12033B5D920200318E020072
:10768000D570070008700020FA700700D070002045
:107690001F7107002DE9F0474FF4E13194B0A7487E
:1076A00008F024FB01210C200AF000FA01210D2032
:1076B0000AF0FCF901210E200AF0F8F90022114627
:1076C0001046FFF7ABFE002105200AF0EFF99C48B9
:1076D00007F036FE024600B1FEE70146994F9A4E8A
:1076E0009A4DDFF85C92FF20FFF798FE00233B6085
:1076F00033602B604FF0C8081C46484607F031FD48
:10770000D7ED007A07EE100A77EE877A4846C7ED84
:10771000007A07F007FDD6ED007A07EE100A77EE43
:10772000877A4846C6ED007A07F03AFDD5ED007A33
:1077300007EE100A77EEC77A0A20C5ED007A0AF044
:10774000C7F8B8F10108D8D1DFED817AD7ED006A2A
:107750007B4886EEA77A4FF07E534FF0000AD6EDB5
:10776000006A87ED007A86EEA77AD5ED006A86ED8D
:10777000007A86EEA77A85ED007A764DAB606C6074
:10778000EC602C6107F090FC06466D4807F06DFC3C
:1077900007466B4807F0A7FC6F4B6B616F4B2B6084
:1077A00080F000484FF4FA64A9460022CDF8088022
:1077B00001970096534611464846FFF711FD013CDC
:1077C000F3D14FF08043DFF88C912B604FF4FA64D3
:1077D0004FF0000A0022CDF808800197009653462A
:1077E00011464846FFF7FCFC013CF3D15C4BDFF847
:1077F00064912B604FF4FA644FF0000A0022CDF838
:10780000088001970096534611464846FFF7E8FC6A
:10781000013CF3D1534B2B602146FF222046FFF75A
:10782000FDFD4FF496700AF053F82046224621469B
:10783000FFF7F4FD4C4B1C68236820469B68984773
:1078400000B9FEE7236821461B6A05A89847474907
:1078500008A809F0C8FE079B102B23D90E230C2281
:1078600005A90BA809F096FF0BA911A809F0E9FEDC
:1078700011230F2205A90EA809F08CFF0EA911A84B
:1078800009F031FF014608A809F0CCFE0EA809F066
:107890005FFE11A809F05CFE0BA809F059FE08A8CC
:1078A00009F098FF324911A809F09DFE08A911A816
:1078B00009F019FF01460EA809F0C3FE11A809F04E
:1078C00047FE23680E99DB6B2046984723680E9984
:1078D0009B6C2046984723682649DB6A20469847D8
:1078E0002549244801F00EFD2449224801F00AFDF3
:1078F0002349204801F006FD23681E491B6D2046E0
:1079000098472368A02120469B6F9847236820460C
:107910005B6D984709F0BEFF1A4B186009F0CCFF69
:10792000194B18600EA809F013FE08A809F010FE04
:1079300005A809F00DFE14B0BDE8F087C87F00204F
:107940007870002034700020387000203C700020D7
:10795000000048431C7000206F12033B00002041D0
:10796000CDCC4C3E0AD7233C247207004671070059
:107970004B710700EC700020E070002008700020C0
:10798000D070002054700020B8700020000000006B
:107990002DE9F04F3E4B2DED0E8B19680B68ABB007
:1079A0001B6F17A8984709F075FF044617A801F048
:1079B00029FB90B9374B1870374B1860FFF742FD21
:1079C000364B1B6833B1364A1268A41AA34201D25F
:1079D000FFF7A6FD052009F07BFF17A801F012FBB9
:1079E000002801F005802B4B06931A7812B9294A1A
:1079F000012313702B4A002313702B4A137009F0D4
:107A000049FF2A4B186009F057FF294B186009F00D
:107A100041FF284BA0F56A406038186017A801F0B4
:107A200011FB0246002800F0DC8709F033FF054611
:107A300009F042FF0790FFF705FD1F4801F07DFAAE
:107A4000002800F02181164B1B481D6001F050FA00
:107A50000446194801F056FA002840F315812378AE
:107A6000522B2FD100221146FF20FFF7D7FCC82050
:107A700009F02EFFBFF34F8F1049114BCA6802F473
:107A8000E0621343CB60BFF34F8F00BFFDE700BF41
:107A90002472070014700020DC70002014600020A5
:107AA000547000205170002052700020B4700020EB
:107AB000B8700020587000200870002000ED00E031
:107AC0000400FA055A2B40F04685069AD04FD14E55
:107AD000D14CDFF84C9302231370002308EE103AC8
:107AE0003B6033602360C822B846B246A34648468E
:107AF000059207F036FBD8ED007A07EE100A77EE14
:107B0000877A4846C8ED007A07F00CFBDAED007A78
:107B100007EE100A77EE877A4846CAED007A07F03A
:107B20003FFBDBED007A07EE100A77EEC77ACBED6C
:107B3000007AFFF787FC0A2009F0CAFE059A013A8D
:107B4000D5D1DFEDB67AD7ED006AB54886EEA77AD3
:107B50004FF07E534FF4FA694FF0000BD6ED006AF8
:107B600087ED007A86EEA77AD4ED006A86ED007A7A
:107B700086EEA77A84ED007AAA4CA36084ED018A90
:107B800084ED038A84ED048A07F08EFA0646A44841
:107B900007F06BFA0746A24807F0A5FAA24B63610B
:107BA000A24B236080F000480022CDF808800197A6
:107BB00000965B4611469B48FFF712FBB9F101099D
:107BC000F2D14FF0804323604FF000094FF4FA6484
:107BD0000022CDF80880019700964B461146914847
:107BE000FFF7FEFA013CF3D18E4B914A1A604FF435
:107BF000FA644FF0000B99460023CDF808800197F6
:107C000000961A4619464846FFF7EAFA013CF3D1B6
:107C10008448884EFFF7E2FB874B88491860884B01
:107C20008848C3F800B0884B884AC3F800B0884B36
:107C3000C3F800B0874BC3F800B0874B1C70874B6C
:107C40001C70874B874CC3F800B0874BC3F800B05B
:107C5000864B4FF0000C03F114074FF07E5E43F8A3
:107C600004CB9F4246F804EB44F804CB40F804CB25
:107C700041F804CB42F804CBF1D17D4B7D4A1A6028
:107C800009F01AFE7C4B18607C4A13684EF65F219F
:107C9000EB1A8B425DD90C20156009F0D7FE01214B
:107CA000202009F003FF0021202009F041FF0520DA
:107CB00009F00EFE062009F08DFE01210446202069
:107CC00009F036FF0021202009F0F0FE204647F0A1
:107CD00043FA49A3D3E9002347F0D2FB48A3D3E9F1
:107CE000002347F0A3FA48A3D3E9002347F09EFA04
:107CF00047F074FDDFED627A07EE100A67EE277A2F
:107D00006424FDEEE77A009400234FF4C8724FF428
:107D1000AA7117EE900ACDED057A09F0AEFA0028A7
:107D2000C0F21185009400234FF4C8724FF4AA7179
:107D3000059809F0A2FAA04200F3088500940023F8
:107D40004FF4C8724FF4AA71059809F096FA4D4B9A
:107D50001860494A07991368CB1AB3F5FA6FC0F057
:107D6000898307EE903A9FED487A2D481160F8EE2E
:107D7000677ADFF82081DFF82091444CC7EE87BA9C
:107D8000DFED437AF4EE67BAF1EE10FA48BFF0EE99
:107D900067BA07F06AF908EE100A214807F084F97B
:107DA0000AEE900A1E4807F09EF909EE900A1C4858
:107DB00007F0B8F909EE100A194807F0D2F908EEF1
:107DC000900A174807F0ECF988ED008A28EE088A37
:107DD0000F4BC4ED00AAF1EE697AAAEEAA8AC9EDAA
:107DE000007AD3ED007A0B4B78EEE78AD3ED007A78
:107DF00054E000BFAFF300800000000000FEAF4081
:107E00006666666666660A400135B56CADAF0740CA
:107E100034700020387000203C700020000048437F
:107E2000787000201C7000206F12033B000020417E
:107E3000CDCC4C3E10710020A87000204C71002069
:107E40007470002038710020707000206071002074
:107E500074710020A4700020FC6F002015700020B9
:107E600064700020247100206C700020FC700020E1
:107E7000B07000200AD7233CB87000205870002052
:107E80000000C8420C6000200024744900700020EB
:107E90006F12833A0470002008600020DA4BA9EECC
:107EA000A98A39EE679A07EE900AB1EE67AAD3ED78
:107EB000007A18EE100A3AEE67AA48F043F869EE25
:107EC000097A09EE900AE8EEA87AEAEE0A7A17EE45
:107ED000900A48F037F8CD4BD3ED00AACC4B79EEA1
:107EE000EAAA1B78F5EEC0AAF1EE10FA08EE100A25
:107EF000D8BFF1EE6AAA33B9DFEDC67AB4EEE78AED
:107F0000F1EE10FA12DDC44A15607BB1DFEDC17AE3
:107F1000B4EEE78AF1EE10FA08DDC04B1A78042AB5
:107F200004D0BF4A0121117004221A70F0EE047AC5
:107F3000F4EEE79AF1EE10FADFF8ECA207DCDFEDE1
:107F4000B97AB4EEE78AF1EE10FA40F30284002326
:107F5000F7EE007AC7EEAB6AB34ECAF80030D9F834
:107F60000030DFF810A3304619EE102A87EEA67A0B
:107F700018EE901A86ED057A0293D8F80030019336
:107F8000236800931AEE103AFFF72AF93046FFF7FC
:107F900025FAA64B07EE900A93ED00AA37EECAAA7F
:107FA000F6EE00CA1AEE100A47F0E8F88EA3D3E9FD
:107FB000002347F03BF947F011FC09EE100A18EED8
:107FC000100A47F0DBF888A3D3E9002347F02EF925
:107FD00047F004FC96ED027AD6ED036AD6ED047AFA
:107FE00096ED016A9AED00BAF0EE6C5AE7EE475A48
:107FF00066EEA77AE6EEE65AE6EE077A15EE901AF6
:1080000008EE900A17EE900A47F09AFFDFED887AA3
:1080100007EE100A67EE277A2BEE28CA17EE900AB1
:1080200047F0ACF870A3D3E9002347F0FFF847F01E
:10803000F5FD80461BEE100A894647F09FF80022A6
:108040007C4B47F0F3F842464B4647F0EFF847F0D9
:10805000C5FB794A794B146879491860A300194423
:1080600081ED00AA77499AED00AADFF80CA2194425
:108070000746706808607449B068194401340860A4
:108080007249F06819440860714930691944086000
:1080900070490B4483ED00CA052394FBF3F303EB13
:1080A0008303E41A6C4B1460D3ED007AF4EEC97AC2
:1080B000F1EE10FAC8BF83ED009A684BD3ED007A59
:1080C000F4EEC97AF1EE10FA48BF83ED009A644BE2
:1080D00093ED00DAB4EEC9DAF1EE10FA19EE100AF7
:1080E00054BFB1EE68BAB0EE68BA47F081FEDAED7F
:1080F000007A7BEE677A06461AEE100AC7EEABDA14
:1081000047F03CF802460B4639A1D1E9000147F09F
:10811000B7F901F1004308903046099347F02EF873
:1081200002460B46DDE9080147F080F847F056FBB0
:1081300007EE900A7DEEE77A4A4E17EE900A47F076
:108140001DF82DA3D3E9002347F070F8804630686E
:10815000894647F013F82AA3D3E9002347F066F8CD
:1081600002460B464046494646F0AAFE47F036FB1B
:108170003D4B3060D3ED00DA3C4E3D4B07EE100A2C
:108180006AEE2D7A19EE100A67EE877A96ED007A7C
:1081900093ED00EAF5EEC07AF1EE10FAB5EEC07A92
:1081A000D4BFF1EE676AF0EE676AF1EE10FAD8BF5D
:1081B000B1EE477AF4EEC76AF1EE10FAC8BFC6ED29
:1081C000007AF0EE00BA47F06DFDF4EEEB8AF1EEC6
:1081D00010FA834640F3E982B4EEECCAF1EE10FAED
:1081E00040F3E3824AE000BF399D52A246DF913F4F
:1081F0001F85EB51B89E23409A9999999999A93F67
:10820000666666666666EE3F3C700020246000206D
:108210005170002000007042547000201470002043
:1082200052700020000048441C700020A8700020FC
:10823000E12E654200005940F87000206C7000206B
:10824000FC70002010710020247100203871002083
:108250004C7100206071002074700020707000204C
:10826000B0700020187000201C600020A470002056
:10827000206000202C600020AC70002068EEA88AEE
:108280007AEE4E7A68EEA77A17EE900A46F076FFFD
:10829000E8A3D3E9002347F0F3F88046584689461F
:1082A00046F06CFF02460B464046494646F008FE43
:1082B00047F094FA07EE900A77EEE97A17EE900A03
:1082C00046F05CFFDBA3D3E9002346F0AFFF804616
:1082D0001DEE900A894646F051FF02460B46404685
:1082E000494646F0A3FF47F079FADFEDAB6A07EEA7
:1082F000100AB4EEE67AF1EE10FA07EE900A00F1F9
:108300005782DFEDA66AB4EEE67AF1EE10FA00F3DA
:108310005282FDEEE77ACDED057A9DF91480A04BEF
:10832000DFF800B383F800809BF80030DFF80C938F
:10833000002B71D0B5EEC09AF1EE10FA1BD519EEF4
:10834000100A46F01BFF92A3D3E9002347F0FEF981
:1083500088B1B5EEC0BAF1EE10FA0CDD914BD3ED59
:10836000007AF4EECC7AF1EE10FA42BF83ED00CA47
:108370008D4B83F80080B5EEC0DAF1EE10FA06D529
:10838000B5EEC09AF1EE10FAA4BF884B1F6099F8C1
:108390000030002B43D1864BD3ED007AF4EEEA7A1D
:1083A000F1EE10FA5ED8834B1B68EB1AB3F5FA7F37
:1083B00058D9814A1560814AC2ED009A804A82EDFF
:1083C000008A804A01231C44136089F80030052389
:1083D00094FBF3F303EB8303E41A7B4BA4002344E5
:1083E0001A687A4B1A607A4B23441A68794B1A60E0
:1083F000794B23441A68794B1A60794B23441A68E5
:10840000784B1A60784B23441A68784B1A60784B83
:108410001C44784B22681A6099F8003013B3664BFD
:108420001B68EB1A192B00F2F781644BD3ED007A2D
:10843000F4EEE97AF1EE10FA48BFC3ED009A604B12
:10844000D3ED007AF4EEC87AF1EE10FAF4EEEB9A7E
:1084500048BF83ED008AF1EE10FA03DD594A136834
:1084600001331360644B8AED00BAC3ED009A634B8D
:1084700083ED009A624A1368EB1A272B7FF6CEAA87
:10848000604BDFED616A93ED017A156027EE267A85
:10849000D3ED047A1195BDEEC77A67EEA67A17EE92
:1084A000102A93ED027AADF8482027EE267AFDEEE9
:1084B000E77ABDEEC77A052017EE102A93ED037A0E
:1084C000ADF84A2017EE903A27EE267AADF84E30F6
:1084D000BDEEC77A4D4BDFED4E6A17EE102A93EDD5
:1084E000007AADF84C2027EE267ABDEEC77A17EE5B
:1084F000103AADF85030474B93ED007A27EE267ACC
:10850000BDEEC77A17EE103AADF85230424BD3EDBC
:10851000007A67EEA67AFDEEE77A17EE903AADF8AC
:1085200054303E4B1C6809F033FB012804F07F04F3
:108530000CBF6FF07F03002323438DF85630184B98
:1085400037481B788DF857301422012311A900F009
:10855000E3FCFFF763BA412B0CD1324B01221A70B6
:10856000314A00231370314A1360314B03221A70D1
:10857000FFF786BB492B63D12A4A002313702A4A8E
:1085800013702B4A01211170284A1360FFF77CBB3E
:10859000182D4454FB21F9BF000000C30000FE4227
:1085A0001570002074710020FC6F002064700020A2
:1085B000106000205C7000204C700020447000208F
:1085C0004870002040700020FC700020BC7000202B
:1085D000107100202860002024710020C07000204D
:1085E00038710020C47000204C710020C870002039
:1085F00060710020CC70002024600020B07000204A
:10860000B47000201C70002000401C460070002048
:108610000000C84204700020086000200C600020A8
:10862000E07000205170002052700020DC700020AB
:10863000147000201F85EB51B89E2340507000201D
:10864000432B7FF421AB07287FF71EAB6078604E89
:1086500046F082FD00225F4B46F012FF47F0BEF865
:108660005D4B1860A07846F077FD00225B4B46F02A
:10867000DDFD00225A4B46F003FF47F0AFF8594B9F
:108680001860E07846F068FD0022544B46F0F8FE92
:1086900047F0A4F808EE100A3060207946F05CFD3F
:1086A00000224F4B46F0ECFE47F098F84E4B6279B3
:1086B00018604EF6602353434C4AA079136046F08D
:1086C0004BFD0022454B46F0DBFE47F087F8484B58
:1086D00048491860E37948485A1E53425341474A73
:1086E000F7EE007AB4EEE78A13700123F1EE10FA88
:1086F0001A4648BFC6ED007A00F00EFC052009F0CE
:10870000E7F83F490EA808F06EFF0EA911A808F07F
:1087100098FF3C4B11A8196808F0F1FF01460BA81F
:1087200008F08FFF11A808F013FF0EA808F010FF43
:1087300001230D9A0B99304800F0EEFB0BA808F0CE
:1087400007FFFFF7A1BA0020FFF701BB2046FFF7A4
:10875000FEBA19EE900A46F011FD00222A4B46F0AF
:10876000ADFB0022002306460F4646F0EFFF88B11E
:1087700013A3D3E900233046394646F0C9FF88B138
:10878000F1EE047AB4EEE78AF1EE10FA0AD51F4B47
:10879000FFF7DEBB0CA3D3E900233046394646F091
:1087A000D5FFECE71A4BFFF7D3BBDFED1A7AB0E544
:1087B0006FF07F08B3E54FF07F08B0E5AFF30080BE
:1087C0009A9999999999B93F9A9999999999B9BF0B
:1087D00010600020000059402C6000200000244060
:1087E00000408F401C6000202060002014600020AA
:1087F000306000207FB60700D07000201860002095
:1088000044710700046000200000F03FCDCCCC3D57
:108810000AD7233C00000000B3F57A7F7FF622AE32
:10882000002389F80030764B9FED768A1D60764BE9
:10883000D3ED007A754BF5EEC07A93ED007A744B68
:10884000F1EE10FAD8BFF1EE677AB5EEC07AF1EE2C
:1088500010FA6AEE277AD8BFB1EE477A67EE888AB7
:108860001C686C4BF0EE487A2AEE078A640028EE0A
:10887000278AD3ED007AF4EE677AF1EE10FA08D683
:108880009FED657AF0EEE77AF4EE477AF1EE10FAB2
:1088900001DD00221A6053238DF844305F4B1868C5
:1088A00046F06CFC00225E4B46F0C0FC46F06EFFCA
:1088B0005C4BADF84500186846F060FC00225A4B4E
:1088C00046F0B4FC46F062FF002CADF84700C0F261
:1088D0008680FF2CA8BFFF24E4B218EE900A8DF822
:1088E000494046F04BFC00224F4B504C46F09EFC5A
:1088F00046F04CFFADF84A0018EE100A46F03EFC78
:108900000022494B46F092FC46F040FF484BADF840
:108910004C00186846F032FC0022414B46F086FCC1
:1089200046F034FF2378ADF84E0030688DF85030B3
:1089300046F024FC00223C4B46F078FC46F026FF33
:108940003C4BDFED3D6A93ED007AADF8510027EE28
:10895000267A1722BDEEC77A11A917EE103AADF8A4
:108960005330364B364893ED007A27EE267ABDEE2B
:10897000C77A17EE103AADF85530324B93ED007AC6
:1089800027EE267ABDEEC77A17EE103AADF85730CB
:108990002D4BD3ED007A67EEA67AFDEEE77A17EE5F
:1089A000903AADF85930012300F0B6FA274B284A27
:1089B0001D6005F51C5310331360069A05231370D0
:1089C000114A00231360114A33601360114A136087
:1089D000204A002323708BF80030137042E50024F6
:1089E0007BE70146FEF71AFD08F054FF1A4B1860AA
:1089F00017A800F0A9FA2BB0BDEC0E8BBDE8F08FE4
:108A00005C7000200000C84274700020707000206C
:108A10004070002074710020FFFF7F7F44700020B1
:108A2000000059404870002000002440FC6F0020E6
:108A3000CC7000202860002000401C46C070002040
:108A4000D0700020C4700020C8700020B4700020D6
:108A5000DC7000205270002054700020704710B568
:108A60005C2104463FF0CCFB204610BD0B4A02605F
:108A70001F210022C0E90921C0E90B2280F834201F
:108A800080F83520C0E90E220264A0F8442080F866
:108A90004620C0E91222C0E9152270476471070020
:108AA00000231F22C0E90A23036380F83530C0E9A0
:108AB0000E33036480F84630C0E91233C0E9153341
:108AC00070478B6A8362CB6AC3620B6B036391F856
:108AD000343080F8343091F8353080F835308B6B95
:108AE0008363CB6BC3630B6C0364B1F84430A0F8B1
:108AF000443091F8463080F846308B6C8364CB6C00
:108B0000C364B1F85030A0F850304B6D43658B6DA5
:108B10008365704708B5FFF7D4FF08BD70B50546FB
:108B200086B068460E4603F049FCEC6C6846002CA3
:108B3000CCBF0234002403F07FFC0230241AA86A60
:108B4000241808D4AC62AE64684603F075FCE8648F
:108B5000012006B070BD0020FBE710B5036C23B107
:108B600090F84640023304B10233941C1B1B846A04
:108B70001B1958BFC0E90F124FF000045BBF80F80B
:108B8000464083622046012010BD30B5046C24B1FC
:108B900090F84650023405B102341D1D641B856AED
:108BA00064195FBFC0E90F230123A0F8441080F8C7
:108BB000463056BF84620020184630BD30B5846D03
:108BC000002CCCBF043400241D1D641B856A64196D
:108BD0005DBFC0E91523A0F850108462002058BF83
:108BE000012030BD70B50546806B0E4688B1047813
:108BF00014B14BF0A5FA841C30464BF0A1FA0230B8
:108C0000241AA86A24185DBFAC62AE63012000205C
:108C100070BD0446F0E790F83530826A002B0CBF37
:108C20006FF0020300239B185FBF8362012380F86B
:108C3000353080F8341054BF184600207047043097
:108C40007047406A704790F83500704738B5044661
:108C5000406AC0F11F039342154608DB04302044EC
:108C60004AF040FD626A2A446262012038BD002059
:108C7000FCE770B50446406A0E461D4611460233B5
:108C8000C0F11F029A420FDB23186A1C1A71821C62
:108C90000630626220445E712A464AF023FD636A10
:108CA0002B446362012070BD0020FCE770B586B0E4
:108CB0000546684603F082FB684603F0BDFB0228C8
:108CC00004466846CCBF0626022603F0B3FB2346C3
:108CD000024631462846FFF7CCFF06B070BD13466A
:108CE0000A46FF21FFF7C5BF70B588B008AC06463D
:108CF00024F8201D10461D461A4601460DF10200BB
:108D00004AF0F0FCAB1C2246FF213046FFF7B1FFD2
:108D100008B070BD70B588B008AC064624F8201DB8
:108D200010461D461A4601460DF102004AF0DAFCD3
:108D3000AB1C224616213046FFF79BFF08B070BDE2
:108D400007B502AA012302F8011D1946FFF791FF9A
:108D500003B05DF804FB70B5054610460E46144698
:108D60004BF0EEF92246034631462846BDE87040F6
:108D7000FFF77FBF70B5054608460C464BF0E0F99B
:108D80001D2807D9224628461D230821BDE870402A
:108D9000FFF76FBF224628460921BDE87040FFF764
:108DA000DABF38B5C16A00230546436229B1026BB8
:108DB0001AB1BDE83840FFF749BF95F835307BB3AD
:108DC00095F834102846FFF7BBFF0446A96C21B183
:108DD0002846FFF76BFF0440E4B2E96B61B12B6CEE
:108DE00053B195F84620EAB10A462846B5F8441032
:108DF000FFF77AFF0440E4B26A6D42B1AB6D33B164
:108E0000B5F850102846FFF785FF0440E4B2A96B7F
:108E100021B12846FFF7AEFF0440E4B2204638BD3A
:108E20000124D3E71A462846FFF759FFE2E700007E
:108E30000C4B10B504460360406838B100F090FA5E
:108E400020B9606810B103685B689847A06838B1C2
:108E500001F011F820B9A06810B103685B68984769
:108E6000204610BD7471070010B50446FFF7E0FFFF
:108E700020460C213FF0C4F9204610BD064B10B52A
:108E8000C0E9003100230446836011B1084600F0B8
:108E900062FA204610BD00BF74710700064B10B582
:108EA000036000230446C0E9013111B1084600F017
:108EB000DDFF204610BD00BF747107002DE9F341AE
:108EC0000446542098460E4617463FF081F99DF817
:108ED00020300093054643463A46314600F01AFBDF
:108EE00029462046FFF7CAFF204602B0BDE8F081C0
:108EF0000346406808B100F043BA986808B100F032
:108F0000E3BF70470346406808B100F03BBA986879
:108F100008B100F0DBBF704710B4446824B12046AC
:108F20005DF8044B00F030BA806818B15DF8044B6E
:108F300000F0CEBF5DF8044B7047406808B100F008
:108F400090BA70474068704770470000024B18683D
:108F500003681B69184700BF14750700024B1868A7
:108F600003685B69184700BF1475070010B4054B10
:108F700001791B681A685469421D184623465DF83A
:108F8000044B18476873070010B50B4B044618686C
:108F900021790368621D9B6A98474FF6FF739842D8
:108FA000014606D0054B18680268BDE81040926A79
:108FB000104794F94B0010BD687307001475070043
:108FC00010B54C2104463FF01BF9204610BD0000AF
:108FD00010B58AB0044648794B7A8A7A039088792A
:108FE0000290C8790190097A009105A804494AF0D5
:108FF00099FE05A9204608F0F6FA20460AB010BDF1
:109000007C71070007B500230622694605300093EE
:10901000ADF804304AF034FB003018BF012003B033
:109020005DF804FB08B502790B799A4208D1062253
:10903000053105304AF024FBB0FA80F0400908BD44
:109040000020FCE710B50A4B0446186803681B694A
:109050009847236820461B6A984740B1054B217901
:1090600018680368621D5B6BBDE81040184710BDAF
:10907000147507006873070008B502790B799A42E6
:1090800008D10622053105304AF0FAFA003018BF3F
:10909000012008BD0120FCE7064A02607F21002272
:1090A000C272027380F84B10C0F80520A0F80920A6
:1090B000704700BFA471070010B501710021C17293
:1090C0000173064C04607F2180F84B101168C0F8D2
:1090D00005109288A0F8092010BD00BFA4710700F8
:1090E0002DE9F0410F461449064608F07CFA3A7B18
:1090F00000218A421CDD7B1801F10208597B9B7B11
:10910000083B012B01F1FF340FD82146304608F00F
:109110003EFA0025AC420BDD08EB05033B4430462C
:10912000597B08F0D5FA0135F4E704EB0801E0E7D4
:109130003046BDE8F08100BF84B507002DE9F04F4F
:1091400085B0884622490192834608F04CFA0024F3
:10915000A14698F80C30A34235D908EB0403671CEC
:10916000FFB25E7B08EB07035B7B9A1E012A25D9C1
:10917000063B012B24D810250234E4B205FB05F38D
:109180000D34009344444FF0000A731EEAB2534575
:1091900016DD019989450BD11146204603930292B1
:1091A00003F04CF90146584608F055FADDE9022370
:1091B000009909F10109AA440C44E8E70225DBE71C
:1091C0003E44F4B2C5E7584605B0BDE8F08F00BF95
:1091D00084B5070010B500220446FFF7AFFF204614
:1091E00010BD08B5134602798A4208D106221946F5
:1091F00005304AF045FAB0FA80F0400908BD002079
:10920000FCE710B50446012000FA01F1E172227377
:10921000194604F10D004AF065FA9DF9083084F80A
:109220004B3010BD70B50D461146C27A42F01002A7
:109230000446C272007B0D302A4620441E464AF086
:1092400051FA237B84F84B601D44257370BDC37AAB
:1092500013F0180F14BF0120002070470C4B10B5FD
:1092600004460360406838B100F07AF820B96068BD
:1092700010B103685B689847A06838B100F0FBFD47
:1092800020B9A06810B103685B689847204610BDFC
:10929000D871070010B50446FFF7E0FF20460C2107
:1092A0003EF0AEFF204610BD064B10B5C0E90031C0
:1092B00000230446836011B1084600F04CF82046B4
:1092C00010BD00BFD871070070B5044630200E46AF
:1092D0003EF07EFF3146054600F002FD294620465D
:1092E000FFF7E2FF204670BD0346406808B100F07A
:1092F00029B8986808B100F0B7BD0148704700BFB1
:1093000084B50700406808B100F028BD7047406888
:10931000704770470020704710B5202104463EF08A
:109320006FFF204610BD000010B5054B044640F805
:10933000043B03F043F80023E361204610BD00BF67
:10934000E8710700043003F073B8043003F072B81A
:10935000043003F071B8C3690133C3611846704724
:10936000C369013BC3611846704742F6030070476A
:1093700090F82000704790F821007047406A7047CD
:10938000806A7047808D7047436A9A422DE9F041A8
:10939000A8BF1A460446828592B2806A0F464AF0F8
:1093A000A1F994F82E300BB1636AA38594F82030AC
:1093B00098060FD5A28E91070CD51F4B218E1868E9
:1093C00003685D6D0131A38DA26AAC4689B2BDE828
:1093D000F0416047DA0609D5A38EDB0706D5164BA8
:1093E000218E1868036801311D6DECE794F8323066
:1093F000F3B1124B1868036821465B6A9847104B1B
:109400001D682B6801461E6BA38D3A462846B0475F
:10941000094B186803681B6B984748B9094B1868D3
:1094200003689B68984718B12B6828465B6D98477E
:10943000A08DBDE8F08100BF68730700B474070019
:10944000247207006874070038B5054608460C46C4
:109450004AF076FE214602462846BDE83840FFF72E
:1094600093BF0346002290F8330083F833207047FF
:1094700001867047008E7047008E013080B27047C1
:10948000806B7047836B994208D2C36B0022914274
:1094900002D05B680132FAE7186870470020704715
:1094A00030B5114B03600B7903710B4601F1490490
:1094B00053F8052FC0F805209B88A0F80930CB7A17
:1094C000C3720B7B037300F10D0201F10D0353F81E
:1094D000045B42F8045BA342F9D11B88138091F925
:1094E0004B3080F84B3030BDA471070038B50446CE
:1094F00008200D463EF06CFE0023C0E9005363686F
:109500002BB960602368A0600133236038BDA36875
:109510005860F7E770B5044615461E46FFF704FF8E
:109520001E4B2360B6F5007F4FEA152384F82130E7
:109530003346A8BF4FF40073002163629DF81030DA
:1095400084F82050A18584F82E30218684F83210CA
:1095500084F83310A186C4E90E112164102204F1AD
:1095600044004AF0BDF915F0300F11D02C203EF028
:109570002FFE0B490546022304F1340200F0D6F811
:109580002846FFF7E8FE294604F13800FFF7AEFF52
:10959000304649F05BFDA062204670BD04720700B2
:1095A000F471070070B50446406800252368AB429B
:1095B00006D9466808213EF023FE01353046F5E71E
:1095C0000023C4E90033A36070BD0000154B70B5E3
:1095D000044603600025A36B9D4212D2E36B002278
:1095E000954202D05B680132FAE71E683046FFF709
:1095F000B7FE20B91EB1336830465B689847013525
:10960000E9E704F138052846FFF7CCFFA06A08B166
:1096100049F024FD2846FFF7C5FF2046FFF779FEF5
:10962000204670BD0472070010B50446FFF7CEFF58
:10963000204654213EF0E4FD204610BDF0B5C56C37
:1096400097B0044617461E467DB103A8FFF728FFD2
:1096500021466846FFF712FC694603A8A8476846FA
:10966000FFF7E6FB03A8FFF76FFCA16A1C9A3944D9
:1096700030464AF037F817B0F0BD70B504460E46D4
:109680001146012280F8332096B01A46FFF77CFE7F
:10969000256D85B1314603A8FFF702FF21466846D4
:1096A000FFF7ECFB694603A8A8476846FFF7C0FB35
:1096B00003A8FFF749FC16B070BD30B5838E02F0E9
:1096C0000302934297B0044617D08286002A0CBF4B
:1096D00044224022024455687DB103A8FFF7E0FE12
:1096E00021466846FFF7CAFB694603A8A8476846B3
:1096F000FFF79EFB03A8FFF727FC17B030BD4FF420
:109700002450704710B5034B03600446FFF701FE79
:10971000204610BD1872070010B50446FFF7F2FF8F
:1097200020462C213EF06CFD204610BD70B504464D
:109730001D461646FFF7F8FD064B2360B5F5007F82
:10974000A8BF4FF40075002326626562238520467A
:1097500070BD00BF18720700406A7047006A70470A
:1097600001857047024B186803681B69184700BFE2
:1097700014750700024B186803685B69184700BF3F
:109780001475070010B5064B186803681B699847E5
:10979000044B18680368BDE810401B6B184700BFF6
:1097A000147507006873070010B5064B1868036846
:1097B0001B699847044B18680368BDE81040DB6BD1
:1097C000184700BF1475070068730700024B18683C
:1097D00003689B6C184700BF687307000C30704724
:1097E00068307047024B186803681B69184700BF50
:1097F000B4740700024B186803685B69184700BF20
:10980000B4740700024B186803689B69184700BFCF
:10981000B4740700024B186803681B69184700BF3F
:1098200068740700024B186803685B69184700BF3B
:1098300068740700024B186803685B6A184700BF2A
:109840006874070010B5074B0446186803681B6965
:109850009847054B19680B682046DB6C98472046F3
:1098600010BD00BF147507006873070010B5074BE3
:109870000446186803681B699847054B19680B680C
:1098800020469B6A9847204610BD00BF147507000C
:1098900068740700024B18680368DB6A184700BF4A
:1098A00068740700024B186803689B69184700BF7B
:1098B000FC760700024B18680368DB69184700BF95
:1098C000FC760700024B186803681B6B184700BF43
:1098D00068740700024B18680368DB68184700BF0C
:1098E00068730700024B186803681B6A184700BFBB
:1098F000FC760700024B186803685B6A184700BFD4
:10990000FC760700024B1B68C3F8F010704700BFDD
:1099100014750700024B1B68C3F8F810704700BFAE
:1099200014750700024B1B68C3F8F410704700BFA2
:1099300014750700024B1B68C3F8EC10704700BF9A
:1099400014750700024B1B68C3F8FC10704700BF7A
:1099500014750700024B1B68C3F80011704700BF65
:1099600014750700024B18680368D3F89C30184739
:1099700014750700024B18680368D3F8A030184725
:1099800014750700F0B52A4B1D682B6887B0044694
:109990009B6828469847064620B923682046DB681E
:1099A00098470DE0642007F093FF2B6828469B69D9
:1099B0009847064638B123682046DB68984700265A
:1099C000304607B0F0BD05AA2B6801920DF11202D6
:1099D0000092DF6904AA0DF10E030DF10D01284676
:1099E000B8470028D9D12B684FF0FF32D96A2846F2
:1099F0006FF0404388470028CFD12B6840F2FF32F8
:109A0000196B28460023884706460028D3D12B68C7
:109A10000DF10F025B6B0DF11601284698470028E7
:109A2000BBD1044B186803689B6898470126C7E7B9
:109A300014750700B47407000A4B10B50446186883
:109A40000368DB689847084B18680368DB68984729
:109A500004F10C00FFF724F804F16800BDE81040A1
:109A6000FFF71EB8B47407001475070010B58CB06A
:109A700000230593ADF81830104B044618680368AE
:109A800005A91B6A98479DF8141003919DF81510BD
:109A900002919DF8161001919DF817109DF818304D
:109AA0009DF81920009107A805494AF03BF907A93C
:109AB000204607F098FD20460CB010BD1475070035
:109AC0007C7107000C30FFF729B870B503680446B5
:109AD00008469D6AFFF708FC2B4601462046BDE874
:109AE000704018470C30FFF769B80C30FFF735B8F5
:109AF0000C30FFF74AB86830FFF774B86830FFF7EA
:109B000009B810B500F10C042046FFF703F8204611
:109B1000FFF799F828B920460621BDE81040FFF765
:109B20007AB810BD2DE9F74300F10C0504466834FE
:109B30002846FFF736F92046FFF733F90E4B1E682B
:109B400033682846DF68FFF77AF880462846FFF733
:109B500078F805462046FFF772F881462046FFF761
:109B600070F8C0B200904B46EAB241463046B84762
:109B700003B0BDE8F08300BF687407007FB5094BF0
:109B80001C682368164601A89D6907F05AFD3246F5
:109B900001A92046A847044601A807F0D9FC2046A1
:109BA00004B070BD687407007FB5094B1C6823685A
:109BB000164601A8DD6907F044FD324601A920469A
:109BC000A847044601A807F0C3FC204604B070BDB6
:109BD000687407007FB5094B1C682368164601A806
:109BE0001D6A07F02EFD324601A92046A84704460B
:109BF00001A807F0ADFC204604B070BD68740700F2
:109C000002290BBF044B054B186818680BBF03688B
:109C100003685B6B9B6D18476874070068730700E7
:109C200038B50446084B44F80C3B05462046FEF781
:109C30001DFF05F16800FEF719FF06212046FEF71B
:109C4000EAFF284638BD00BF3072070010B5054C4A
:109C50002046FFF7E5FF2046034A0449BDE81040CF
:109C60003EF0A7B87871002000600020719C0200CF
:109C700010B5064B044640F8683BFEF7EFFE04F1D2
:109C80000C00FEF7EBFE204610BD00BF307207004F
:109C900010B50446FFF7ECFF2046C4213EF0B0FAB1
:109CA000204610BD10B50B4B19680B6894B001A885
:109CB000DB6C984701A8FFF7A5F948B101A8FFF7A9
:109CC00063F9044601A8FFF73FF9204614B010BD20
:109CD0007F24F7E7687307004FF4205070470000B7
:109CE00010B50446FFF720FB044B23600023C4E9B2
:109CF0000833C4E90A33204610BD00BFFC720700D8
:109D0000018442847047008C7047408C7047406AE1
:109D10007047436A994208D2836A0022914202D076
:109D20005B680132FAE7186870470020704738B561
:109D3000044608460D46FFF70EFB08203EF048FAA1
:109D40000023C0E90053A36A2BB9A062636AE062F2
:109D50000133636238BDE36A5860F7E710B5044623
:109D60000846FFF7EFF8014620B12046BDE8104055
:109D7000FFF7DDBF10BD70B50446406800252368BD
:109D8000AB4206D9466808213EF03AFA0135304622
:109D9000F5E70023C4E90033A36070BD10B50446A5
:109DA0002430FFF7E8FF0023236210BD134B70B58A
:109DB000044603600025636A9D4212D2A36A002212
:109DC000954202D05B680132FAE71E683046FFF721
:109DD000C7FA20B91EB1336830465B689847013531
:109DE000E9E72046FFF7DAFF04F12400FFF7C3FF9D
:109DF0002046FFF78EFA204670BD00BFFC720700B8
:109E000010B50446FFF7D2FF204630213EF0F8F9A6
:109E1000204610BD10B5044B044640F8043B07F043
:109E200097FB204610BD00BF1073070010B5044615
:109E3000FFF7F0FF204614213EF0E2F9204610BD66
:109E400038B504462546074B45F8043B08461146FD
:109E500002F0F4FA0146284607F0C5FB002323610F
:109E6000204638BD1073070040687047036901330E
:109E70000361184670470369013B03611846704748
:109E800070B504461E46BDF81450FFF7D9FF0D4BC0
:109E90002360BDF81030E382BDF818302576638367
:109EA0002D0A00230122A6826576C4E9073384F8CF
:109EB000243084F82520C4E90A33C4E90C33204651
:109EC00070BD00BF20730700C0697047006A70470B
:109ED0002DE9F0439846274B1E68336885B0044649
:109EE0000F469B6B818A30469146984718B90020EF
:109EF00005B0BDE8F0833368A18A5B6C30469847B3
:109F0000033885B24D45A8BF4D462946E06949F062
:109F100047FDE0610028EAD0237E1A071CD5B8F17E
:109F2000000F19D003A833680190E8B20090D3F86D
:109F30006080628BA18A3B463046C0470028D7D05C
:109F40009DF80C30012BD2D02A463946E06949F001
:109F5000C9FB25620120CBE75B07C8D53368628B5C
:109F6000A18AE8B20090D3F8648030463B46C047EF
:109F7000EAE700BF68730700408B704738B50446B6
:109F800008460D46FFF772FF08203EF021F9002336
:109F9000C0E90053E36A2BB9E062A36A206301338E
:109FA000A36238BD236B5860F7E770B5044640687C
:109FB00000252368AB4206D9466808213EF020F907
:109FC00001353046F5E70023C4E90033A36070BDD6
:109FD00003688B4208D9436800228A4202D05B683A
:109FE0000132FAE71868704700207047F8B5054657
:109FF000134B45F8283B04460026A36A9E420ED226
:10A0000031462846FFF7E4FF0746FFF734FF20B943
:10A010001FB13B6838465B6898470136EDE7284634
:10A02000FFF7C3FFE06918B149F018F80023E361B6
:10A030002846FFF7BAFF2046FFF7ECFE2046F8BDA2
:10A040002073070010B50446FFF7D0FF20463821E3
:10A050003EF0D6F8204610BD70B50446036296B0B7
:10A060000D46C0691946164649F09AFCE06110B9E0
:10A07000206216B070BD012384F8243000233146DD
:10A0800084F82530226A49F02DFB666B002EF0D053
:10A09000194B03932B798DF810302B4605F14901AC
:10A0A00053F8052FCDF811209B88ADF81530EB7AC9
:10A0B0008DF817302B7B8DF818300DF1190205F152
:10A0C0000D0353F8040B42F8040B8B42F9D11B88A3
:10A0D000138095F84B308DF8573021466846FEF7CF
:10A0E000DDFE694603A8B0476846FEF7A1FE03A857
:10A0F000FEF72AFFBDE700BFA4710700074B10B5AC
:10A1000004460360806918B148F0A8FF0023A361EA
:10A110002046FFF77FFE204610BD00BF30730700CA
:10A1200010B50446FFF7EAFF204620213EF068F80C
:10A13000204610BD38B504461D46FFF781FE054B8D
:10A140002360BDF81030E3820023A582C4E9063302
:10A15000204638BD30730700034A02600022C0E980
:10A160000122C260704700BF4073070038B5044643
:10A1700008460D46FFF77AFE08203EF029F8002336
:10A18000C0E90053A3682BB9A0606368E0600133A5
:10A19000636038BDE3685860F7E74068704743681C
:10A1A000994208D283680022914202D05B68013252
:10A1B000FAE7186870470020704770B50446406899
:10A1C00000252368AB4206D9466808213EF018F8FE
:10A1D00001353046F5E70023C4E90033A36070BDC4
:10A1E00070B50646002473689C4212D2B368002200
:10A1F000944202D05B680132FAE71D682846FFF7F7
:10A200003AFE20B91DB12B6828465B689847013497
:10A21000E9E7301DFFF7D1FF70BD000038B50446F7
:10A22000054B44F8043B0546FFF7DAFF2046FFF7ED
:10A23000C4FF284638BD00BF4073070010B5044670
:10A24000FFF7ECFF204610213DF0DAFF204610BD5D
:10A2500038B504461D46FFF7F3FD084B2360BDF8F3
:10A260001030E382A582064904F1180007F0BBF91B
:10A270000023C4E90933E362204638BD5073070068
:10A2800084B50700808A7047C08A7047406A70476B
:10A29000436A994208D2836A0022914202D05B68E5
:10A2A0000132FAE7186870470020704738B5044655
:10A2B00008460D46FFF7DAFD08203DF089FF002330
:10A2C000C0E90053A36A2BB9A062636AE06201335C
:10A2D000636238BDE36A5860F7E770B504464068CA
:10A2E00000252368AB4206D9466808213DF088FF67
:10A2F00001353046F5E70023C4E90033A36070BDA3
:10A30000154B70B5044603600025636A9D4212D266
:10A31000A36A0022954202D05B680132FAE71E6808
:10A320003046FFF7A8FD20B91EB1336830465B68A0
:10A3300098470135E9E704F124052846FFF7CDFFEA
:10A340002846FFF7CAFF04F1180007F001F920467C
:10A35000FFF760FD204670BD5073070010B504463E
:10A36000FFF7CEFF204630213DF04AFF204610BDCA
:10A37000A0F8A8107047C0F8AC1070472DE9FF4155
:10A38000013A13F8014BD6B20268CDE90233526CA0
:10A3900005460F4690470C2C02462968029B79D04F
:10A3A0002FD8052C69D01AD8022C60D00BD8012CDC
:10A3B00053D006230093D1F8DC60002322463946AF
:10A3C0002846B0476EE0032C54D0042CF1D1009302
:10A3D000D1F89440334639462846A04762E0092C1C
:10A3E00052D007D8062C4BD0082CE2D10093D1F8DC
:10A3F000A440EFE70A2C4DD00B2CDAD1D1F8B440B1
:10A400002DE0162C51D00FD8112C40D005D8102C8F
:10A41000CFD10093D1F8B840DCE7122C18D0132C20
:10A42000C7D1D1F8C8401AE01D2C04D00CD8182C84
:10A430003FD01B2CBDD10093D1F8D48033462246A7
:10A4400039462846C0472DE01E2C36D0522CB0D1BC
:10A45000CDE90063D1F8C46020E0D1F884403246F1
:10A4600039462846A44604B0BDE8F0416047D1F81B
:10A470008840F4E7D1F89040F1E7D1F89C40EEE74E
:10A480000093D1F8A040A5E7D1F8AC40E7E7D1F8B8
:10A49000C040E4E7CDE90063D1F8B0602346394617
:10A4A0002846B04704B0BDE8F0810093D1F8CC4015
:10A4B00090E70093D1F8D0408CE7D1F8D840CEE7B0
:10A4C00000F18C034FF6FF72B0F8B010914204D146
:10A4D0001C309842F8D1002070470120704708B521
:10A4E00003689B6A98474FF6FF73C01A18BF012094
:10A4F00008BD000038B50A4B0446186803681B699C
:10A500000D469847204604F18C03B0F8B020AA42CB
:10A5100004D01C309842F8D1002038BD0120FCE75F
:10A520001475070000F18C0390F9C820002A04DBA1
:10A530001C309842F8D1002070470120704730B598
:10A5400000231C2404FB0302B2F8B0508D4204D057
:10A550000133052BF6D1002002E092F8C800C009B3
:10A5600030BD30B500231C2404FB0302B2F8B05008
:10A570008D4202D1B2F8C00030BD0133052BF3D1BA
:10A580001720F9E71FB5ADF80D20026800930224EB
:10A590008DF80C400323D2F8F04003AAA04704B082
:10A5A00010BD1FB5ADF80920ADF80B30069A036851
:10A5B000009204248DF8084002AAD3F8F040052345
:10A5C000A04704B010BD1FB5ADF80B30BDF8183072
:10A5D000ADF80920ADF80D30079A036800921024F9
:10A5E0008DF8084002AAD3F8F0400723A04704B032
:10A5F00010BD1FB5ADF80B30BDF81830ADF809200F
:10A60000ADF80D30079A0368009208248DF80840D1
:10A6100002AAD3F8F0400723A04704B010BD0123DD
:10A6200080F83C31704700001FB5ADF80A309DF846
:10A6300018308DF80C30084B8DF8092001208DF86A
:10A640000800186802AA03680092D3F89440042214
:10A650000523A04704B010BD1475070001299CBF55
:10A6600000EB8100C0F8542170471FB5ADF80D20F4
:10A67000026800930A248DF80C400323D2F8F040BE
:10A6800003AAA04704B010BD70B500231C2505FB2C
:10A690000304B4F8B0608E4204D00133052BF6D128
:10A6A000002002E084F8C820012070BD70B50023AE
:10A6B0001C2505FB03F40619B6F8B0608E4204D0E1
:10A6C0000133052BF5D1002010E004F1B301014462
:10A6D000941D11F8015F04F801599442F9D11C222C
:10A6E00002FB0303012093F8B330237070BD000018
:10A6F00010B5054B03600446D0F8400108B148F09E
:10A70000ADFC204610BD00BF7473070010B50446B1
:10A71000FFF7EEFF20464FF4AE713DF071FD20468D
:10A7200010BD00002DE9F0431D4B1D688BB00623C2
:10A730000F460421002490462A680097CDE90713AC
:10A74000C821CDE905410C21CDE90331CDE90184D2
:10A750000646D2F854902346302260212846C84746
:10A76000D8B907F097F8044607F094F8D6F8AC305B
:10A77000001B98422B680DD21B6928469847336806
:10A7800042465B6B3946304698470028ECD00BB008
:10A79000BDE8F083DB6D284698470020F7E700BF4F
:10A7A00014750700F8B503689B6A044698474FF68E
:10A7B000FF73984206461ED0104B1D682B68014659
:10A7C000D3F898302846984707F064F8074607F012
:10A7D00061F8D4F8AC30C01B98420CD22B682846E4
:10A7E0001B699847236831469B6B20469847002891
:10A7F000EDD10120F8BD0020FCE700BF1475070073
:10A800002DE9F3410546089CA5F848111078C5F8D4
:10A810004C41013085F84A01002085F85001194863
:10A82000066830680092D0F89480DBB2042230468B
:10A830000F46C04724B307F02DF8044607F02AF866
:10A84000D5F8AC30001B984214D2336830461B69EF
:10A8500098472B6839469B6B2846984750B195F826
:10A8600050010028EAD04FF6FF73A5F8483102B036
:10A87000BDE8F0814FF6FF73A5F848310020F6E7F8
:10A880002046F4E7147507002DE9F0479946036860
:10A890009B6A044698474FF6FF739842074604D1D7
:10A8A0004FF000084046BDE8F08723680146D3F822
:10A8B000E0302046984780460028F1D000251C2330
:10A8C00003FB054ABAF8B060BE4233D1DAF8C430AF
:10A8D0003BB910203DF07CFC0746FFF73DFCCAF871
:10A8E000C4701C2303FB0545D5F8C450002DD7D0F8
:10A8F0002846B9F1000F21D1FFF772FC23682A46E0
:10A90000D3F8E47031464B462046B8470028C7D0FC
:10A9100023682A46D3F8E830314620469847002875
:10A92000BED023682A4631462046D3F8EC30BDE835
:10A93000F04718470135052DC2D1B1E7FFF72DFCCF
:10A94000002782465745D9DA39462846FFF727FCC3
:10A95000FFF78AFA494649F04BFA0028A2D001379E
:10A96000F0E7F0B5C5B004469DF82851ADF80D20CC
:10A970000F4612218DF80C102A4619460DF10F00D2
:10A9800048F0B0FE23684B9A0092D3F8F06003AA17
:10A99000EB1C39462046B04745B0F0BDF0B5C5B018
:10A9A00004469DF82851ADF80D200F4652218DF830
:10A9B0000C102A4619460DF10F0048F093FE23684B
:10A9C00000220092D3F8F06003AAEB1C394620461F
:10A9D000B04745B0F0BD70B500241C2505FB04F35D
:10A9E000C618B6F8B0608E4204D00134052CF5D1FB
:10A9F000002006E0C9331488C452C11893788B70C4
:10AA0000012070BD10B500F1C90300F2551033F8F4
:10AA1000194C8C4201BF1C8814809C7894701C33A4
:10AA20008342F4D1002010BD70B500241C2505FB25
:10AA300004F3C618B6F8B0608E4204D00134052C79
:10AA4000F5D1002006E0B43318440368136083880E
:10AA50009380012070BDF0B500241C2606FB04F392
:10AA6000C518B5F8B0708F4204D00134052CF5D16B
:10AA7000002009E0BA330344591E11F8010F20B930
:10AA8000C1F1BF004019F8D1F0BD196811609B8871
:10AA900093800120F8E700002DE9F04196B0984638
:10AAA0001C9E044600271C234FF6FF7C03FB07F582
:10AAB0006019B0F8B0E0E64505D00137052FF5D1B3
:10AAC00016B0BDE8F081172380F8B220A0F8C0309E
:10AAD000A0F8B01080F8B38005F1B4033168E150FC
:10AAE000E218B388938001A9731E052213F8010FA1
:10AAF000505412F1FF32F9D20D4B1868BA35036881
:10AB00006719D3F890303A46984708B96051B88031
:10AB1000D4F85441002CD3D03246414603A8FEF766
:10AB2000CBFA03A8A04703A8FEF70EFAC8E700BFB8
:10AB3000147507002DE9F04106460F46904600F1D6
:10AB4000B405002415F8013CBB420CD10622414655
:10AB5000284648F095FD30B91C2303FB0464B4F883
:10AB6000B000BDE8F0810134052C05F11C05E9D1E8
:10AB70004FF6FF70F5E72DE9F04106460F46904687
:10AB800000F1B405002415F8013CBB420CD10622AB
:10AB90004146284648F074FD30B91C2303FB046489
:10ABA000D4F8C400BDE8F0810134052C05F11C0582
:10ABB000E9D10020F6E738B54FF6FF7204460B46A0
:10ABC0000020B3F8B050954203D093F8B250012D55
:10ABD00008D00130052803F11C03F2D12046FEF70E
:10ABE0005BFA0AE01C23434303F1B4020B440A441A
:10ABF000204693F8B310FEF75FFA204638BD98B5AB
:10AC0000B0F8A820D31DEC46DB08ACEBC30300AFC3
:10AC10009D460368D3F88C406B46A047003018BFB0
:10AC20000120BD4698BD00002DE9F04F87B002AF6E
:10AC30009146DFF890A0B96000F18C020546FA60F9
:10AC40001C460026B5F8B080C7F804D04FF6FF7355
:10AC500098452BD0B5F8C030DA1D6946D208A1EB73
:10AC6000C202033B95469BB2A4B29C424FF01B022A
:10AC700028BF1C468DF808203A89ADF809204946BE
:10AC800022460DF10B0048F02DFDDAF800000DF121
:10AC9000080B0268CDF800B0E31CD2F894B0DBB228
:10ACA00004224146D847D7F804D00136FB681C354A
:10ACB0009D42C7D1002E14BF204600201437BD4648
:10ACC000BDE8F08F147507002DE9F04F87B002AF93
:10ACD000C7E9002100F5A072064600F1B405BA608C
:10ACE0001C464FF0000935F804ACC7F80CD04FF6FD
:10ACF000FF739A4542D0AB89DA1D6946D208A1EBB1
:10AD0000C202033B95469BB2A4B29C424FF01D0287
:10AD100028BF1C468DF80820BA88ADF8092039688C
:10AD200022460DF10B0048F0DDFC002386F83C3193
:10AD3000194BD3F800800DF1080BD8F80020CDF89E
:10AD400000B0E31CD2F894B0DBB204225146404676
:10AD5000D84796F83C316BB9D8F8003040461B69AB
:10AD60009847336815F8011C5B6B2A4630469847B4
:10AD70000028EED1D7F80CD009F10109BB681C35C9
:10AD8000AB42B0D1B9F1000F14BF204600201437F8
:10AD9000BD46BDE8F08F00BF147507002DE9F04FE8
:10ADA00089B002AF042BFA603A6CC7F808D0C7E943
:10ADB000041014880AD0036804220092D3F8DC50EF
:10ADC0002346A8471C37BD46BDE8F08FFB68073314
:10ADD0006A46DB08A2EBC3039D460DF10808052374
:10ADE0008DF80830002388F80130484B013CD3F837
:10ADF00000A0A4B20225DAF800305046DB6998477B
:10AE0000844258D23B6C5B88A34254D9DAF80030B4
:10AE100021461B6A5046984703689B6883469847BB
:10AE200042F6030301349842A4B255D15846FEF7C6
:10AE300023FB231A59425941DBF8003079609B68A3
:10AE4000584698477968024611B9B0F5245F45D154
:10AE50005846C7E90012FEF77BFAD7E9001202282C
:10AE6000064614BF0223012398F8010008B988F8A8
:10AE7000013098F8010098421DD105F102091FFA2E
:10AE800089F928F8054008EB090311B9B2F5245FE8
:10AE900027D158467B60FEF758FA7B680146324658
:10AEA000184648F01FFC09EB0605ADB20236FB68F8
:10AEB0002E44B3429FDA022D1CD17A693B6C126892
:10AEC0001B880A210091D2F8DC40D7E90410042243
:10AED000A047D7F808D075E70021ADE70226012387
:10AEE000C2E7DBF8003058469B689847043528F8DD
:10AEF0000900DAE7064B18680368CDF80080D3F83C
:10AF000094403969EBB20422A047E2E7B474070029
:10AF1000147507002DE9F04F89B002AF052B3E6C88
:10AF2000C7F808D08346C7E9032134880BD80368E3
:10AF300004220092D3F8DC5006222346A8471C378F
:10AF4000BD46BDE8F08FFA6807326946D208A1EB2A
:10AF5000C202954607228DF80820B288B2F5205F1C
:10AF60000DF1080A0DD0DBF8002033880A2100918A
:10AF7000D2F8DC40396906225846A047D7F808D0F5
:10AF8000DDE7063B9BB27B61274B013CD3F8009089
:10AF9000B31DA4B201257B60D9F800304846DB69B7
:10AFA0009847844232D27388A3422FD9D9F800300F
:10AFB00021461B6A4846984703689B688046984725
:10AFC000B38883421BD14046FEF7C2F97B699842A1
:10AFD00015D14046FEF7B9F97A69796848F050FB17
:10AFE00068B94046FEF78FFE2AF805004046FEF796
:10AFF0008CFEAB1C9BB204352AF80300ADB2FA6894
:10B00000EB1C9A4202DD0134A4B2C5E7012DAAD09F
:10B01000064B18680368CDF800A0D3F8944039694E
:10B02000EBB20422A047A9E7B47407001475070027
:10B030002DE9F04F89B002AF062BBA603A6CC7F821
:10B040000CD081468B46158804D19388A3F52053F4
:10B05000012B0FD9D9F8003010220092D3F8DC4030
:10B060002B4659464846A047D7F80CD01C37BD465A
:10B07000BDE8F08FBB6807336A46DB08A2EBC30369
:10B080009D4602AE11238DF8083000237370364BB5
:10B09000013DD3F800A0ADB20224DAF800305046EA
:10B0A000DB699847854247D23B6C5B88AB4243D90A
:10B0B000DAF8003029461B6A504698473B6C026814
:10B0C0009B887B619268804690477B69834230D140
:10B0D0004046FEF73DF90228034614BF1423062319
:10B0E0003B61737878610BB93B7C737073783A6914
:10B0F000934221D14046FEF706FE30534046FEF70C
:10B1000004FEA31C9BB20434A4B2F052331940468F
:10B110007B60FEF71AF97B687A690146184648F0A9
:10B12000E1FA7B69BA681C443B69A4B223449A42A1
:10B1300002DB0135ADB2B0E7022C09D13B6CD9F886
:10B1400000201B880A210091D2F8DC40102288E7F9
:10B15000064B186803680096D3F894500422E3B2B3
:10B160005946A84780E700BFB4740700147507006C
:10B170002DE9F04F89B002AF91463A6CC7F808D07C
:10B18000062BC7E9031015880BD003680422009230
:10B19000D3F8DC4008222B46A0471C37BD46BDE84B
:10B1A000F08F09F107036A46DB08A2EBC3039D4653
:10B1B0000DF1080809238DF80830002388F80130C4
:10B1C0006D4B1B687B613B6C013D0433ADB20224C7
:10B1D0007B607B6978691B68DB699847854280F0F2
:10B1E00083803B6C5B88AB427ED97B6978691B6846
:10B1F00029461B6A984703689B68064698473B6C3C
:10B200009B888342336805F1010A1FFA8AFA9B681A
:10B2100030467AD1984742F6030398423DD13046F2
:10B22000FEF72AF9824535D03046FEF791F898F8B6
:10B2300001200228034614BF4FF0150B4FF0070BF7
:10B240000AB988F801B098F801203B605A454BD103
:10B2500028F804A03046FEF78BF8A21C92B2023503
:10B2600008F80200E21C92B2304628F80250FEF7BD
:10B270006CF805343B68A4B208EB04051A46014695
:10B28000284648F02FFA3B681C44A4B2A344D94591
:10B290002ADB55460135ADB29BE7336830469B68E3
:10B2A000984742F602139842F4D128F804A0304699
:10B2B000FEF752FA0234A4B2A9EB040980B21FFAD5
:10B2C00089F9814528BF8146304608EB0405FEF721
:10B2D00045FA4A4601464C44284609F1020948F01D
:10B2E00001FAA4B288F80190022C38D13A693B6C7B
:10B2F00012681B880A210091D2F8DC40D7E90310BC
:10B300000822A047D7F808D047E7984742F603033A
:10B310009842BFD13046FEF71BF802288346B9D1C8
:10B320003046FEF712F85A460146786848F0A8F908
:10B330000028AFD128F804A03046FEF723F80234E5
:10B34000A4B2A9EB04091FFA89F980B2814528BF8C
:10B350008146304608EB0405FEF712F8B9E7074BC3
:10B3600018680368CDF80080D3F89450F968E3B208
:10B370000422A847C6E700BFB4740700147507008D
:10B380002DE9F043012B97B0044602AF0E46154657
:10B39000E8460BD0036804220092D3F8DC40182260
:10B3A0000023A0475437BD46BDE8F083B0F83E11F6
:10B3B00029B33B6F1B78DB0721D5204B1868036846
:10B3C00001391B6A9847002381461C2000FB03F2C9
:10B3D000A118B1F8B0C0B4452CD1B432224491F8D0
:10B3E000B310381DFDF768FE4846B4F84431D4F870
:10B3F0004021391DFEF741F9381DFDF7A5FD002359
:10B400000735A4F83E31A4F84431ED086B46A3EBB0
:10B41000C5039D4619238DF80830094B186802AA08
:10B4200003680092D3F89440042201233146A047D8
:10B43000C546B7E70133052BC8D1E0E7B474070070
:10B44000147507002DE9F04F87B002AF032B0446B7
:10B450000D467A601E46C7F80CD00DD8036804224A
:10B460000092D3F8DC4016220023A047D7F80CD076
:10B470001437BD46BDE8F08FBB6B1B883B811FFABC
:10B4800083F8BB6BB3F802B04B4BD3F80090D9F8FC
:10B4900000304846DB69984708F1FF318BB28342A0
:10B4A00006D923680A220092D3F8DC60434620E0E4
:10B4B000D9F8003048461B6A984703689B68814664
:10B4C000984742F60303984202D023680B22EAE72A
:10B4D0004846FDF7D1FF40458246F6D14846FDF784
:10B4E00047FF03070AD4236803210091D3F8DC60E7
:10B4F0005346162229462046B047B7E7B4F83E31F6
:10B50000E3B948463B60FDF739FF01468246D4F86F
:10B51000400148F045FA3B683A89A4F83E21C4F856
:10B520004001A4F844315246194648F0D9F9B4F81C
:10B5300044315B4507D023680722B4E75345F6D072
:10B5400023680E21D1E7331F5FFA83FA0BEB0A025F
:10B550004846BA60FDF712FFBA6880B28242EADC60
:10B56000BB6BD4F840015246191D584448F0BAF854
:10B57000B4F84421B96B0AEB0203A4F844317B68A8
:10B5800007336A46DB08A2EBC3039D4617238DF8F9
:10B59000083032460DF1090048F0A4F8074B18684E
:10B5A00002AC02680094731CD2F89440DBB204220F
:10B5B0002946A0475AE700BFB47407001475070076
:10B5C0002DE9F04F8FB002AFC7E90021FB60B0F862
:10B5D000A830F96807336A46DB08A2EBC30307F11A
:10B5E00018059D468346284600F0E8FE0DF108093F
:10B5F0000124BD60DBF80030CDF804904FF42052F8
:10B600000092D3F8BC5079684FF6FF732246584633
:10B61000A847054620B199F80030112B04D001202D
:10B620003437BD46BDE8F08F99F801307B61A3F156
:10B63000040802235FFA88F809F102063B614FF61D
:10B64000FF7A3B69AB4204DB4FF6FF739A45D1D0DA
:10B65000E5E7FB68E3B930203CF0BAFD314672887B
:10B6600031F8043B009204464246FEF7F1FD2146C4
:10B670003868FEF77BFD7488D7E904320134A4B240
:10B68000002C134408BF4FF0000A3B611644D8E772
:10B69000B86800F0D1FE4045EDD1B86800F0CAFEB0
:10B6A00042460146301D47F0EBFF0028D3D0E2E7C9
:10B6B0002DE9F04F8DB0B0F8A83004AFC7E90421F0
:10B6C00007336A46DB08A2EBC3039D46824638690E
:10B6D000FEF763FD0DF11009F8604FF00008FB68FC
:10B6E00098454ADA41463869FEF759FDB861FEF7D8
:10B6F000C9FD0646B869FEF7C7FDB860DAF8003044
:10B70000CDF8049042F603020092D3F8A84079697C
:10B71000BB6832465046A047054678B399F80030DA
:10B72000092B27D199F80130FB61053BDBB27B6027
:10B7300009F102044FF0020BAB45DFDA38203CF090
:10B7400047FDB4F803300293A37801932388009354
:10B7500006467B697A68611DFEF792FB3146B8693F
:10B76000FEF7A4FDB4F80360FB690136B6B29B4452
:10B770001C44E1E708F10108B1E701202437BD4688
:10B78000BDE8F08F2DE9F04F8FB0B0F8A83002AFD0
:10B790000733C7E90421DB086A46A2EBC3039D46D1
:10B7A00002AB82463869FB62FEF7F7FC4FF0000BF4
:10B7B000F860FB689B456EDA59463869FEF7EFFC86
:10B7C0007862FEF761FDB860786AFEF75FFD431EA0
:10B7D000386200267B603B6A9E4259DA3146786ABD
:10B7E000FEF756FD7B68F8619E424AD0711C786A6C
:10B7F000FEF74EFD0546F869FEF7BEFB013084B248
:10B80000002D40D02846FEF7B7FBB862BB6AA342C2
:10B810003CD3DAF80030FA6A0092D3F8985079698C
:10B82000BB6A22465046A8470546002834D0FB6A2A
:10B830001B78052B2AD1FB6A93F801904FEA890304
:10B84000BB61FB6A4FF0020903F10208A945E0DA87
:10B8500020203CF0BDFCB8F800300093022208EB39
:10B86000020104467B69FEF765FC2146F869FEF794
:10B8700085FBB8F80040BB690134A4B299449844F0
:10B88000E4E70025B7E7BB68BB62BFE70136A2E784
:10B890000BF1010B8DE701203437BD46BDE8F08F79
:10B8A000022A7FB504460D4609D00368042200929F
:10B8B000D3F8DC4002220023A04704B070BD1B88EF
:10B8C000B0F8A8209A4228BF1A461C20002300FB8B
:10B8D0000341B1F8B060AE4211D1A1F8C020ADF87B
:10B8E0000D20094A032310688DF80C30026803A963
:10B8F0000091D2F8944029460422A047DDE70133A5
:10B90000052BE4D1EBE700BF14750700042A15D11D
:10B91000B0F848218A4211D190F84A211978013AA9
:10B920008A420BD1D0F84C2101211170D0F84C2162
:10B930001B68C2F80130052380F850317047022A95
:10B9400070B51CD100221C2505FB0204B4F8B060C0
:10B950008E4215D11A88A4F8C020B0F848218A4236
:10B960000DD190F84A21032A09D1D0F84C110A7060
:10B97000D0F84C111B88A1F8013080F8502170BD1F
:10B980000132052AE0D1E8E7012A38B50446154618
:10B9900013D9B0F8480188420FD194F84A0105281C
:10B9A0000BD1D4F84C110870D4F84C011946013071
:10B9B000013547F097FE84F8505138BD012A38B55B
:10B9C0000446154613D9B0F8480188420FD194F8BF
:10B9D0004A0111280BD1D4F84C110870D4F84C014D
:10B9E00019460130013547F07DFE84F8505138BDCD
:10B9F00038B50446B0F84801884215460FD194F88E
:10BA00004A110B290BD1D4F84C010170D4F84C0128
:10BA100019460130013547F065FE84F8505138BDB4
:10BA200038B5044615469AB1B0F8480188420FD19E
:10BA300094F84A0109280BD1D4F84C110870D4F8B5
:10BA40004C0119460130013547F04CFE84F8505145
:10BA500038BD6AB9B0F848318B4209D190F84A3103
:10BA6000132B01BFD0F84C211370012380F8503103
:10BA70007047000070B5054690F8850094B0F8B1A5
:10BA8000104B114C1868B4F84410036801391B6A54
:10BA9000984704F14702064694F8461001A8FDF7BE
:10BAA0000BFB94F84D3004F14E0201A93046FDF72E
:10BAB000E4FD01A8FDF748FA002385F88530012050
:10BAC00014B070BDB47407003C7200202DE9F04F33
:10BAD0009BB0012B8846049261D9249A023B1688B8
:10BAE000059300F5A07200F1B404039234F8043C0D
:10BAF00043453FD12569002D40D02846FEF74DFB38
:10BB00004FF0000A8146D14534DD51462846FEF704
:10BB100046FB0746FEF7B6FB864228D93846FEF7B5
:10BB2000B3FB864223D83846FEF7B0FB249B814600
:10BB3000002503F1020AA9451CDD29463846FEF717
:10BB4000A7FB8346FEF718FA86420ED1224614F868
:10BB5000011C07A8FDF7B0FA5846059B524607A9F5
:10BB6000FEF77AFA07A8FDF7EFF90135E3E70AF1E6
:10BB7000010AC8E7039B1C34A342B7D1049B1D2BC9
:10BB80000DD11AAB1E2203F84C2D064A106802682C
:10BB90000093D2F89440012304224146A0471BB0F1
:10BBA000BDE8F08F147507001F4B70B5044640F8D0
:10BBB000863B03F02CF904F1870003F028F91B4BB6
:10BBC00004F1980503F11006186859682A4603C263
:10BBD0000833B3421546F7D141F288331721C4F830
:10BBE000AC300023A4F8A810A4F83E31C4F84031CA
:10BBF000A4F8443104F1B40204F5A0704FF6FF75C7
:10BC000022F8045C02F8023C02F8013C13609380C5
:10BC10009181136113751C328242F1D1C4F8543101
:10BC2000C4F85831204670BD74730700587307007C
:10BC30002DE9F04F00230446A7B098464FF0FF359A
:10BC40001C204FF6FF7600FB0342B2F8B0208A4278
:10BC500008BF1D46B24203F1010318BF08F10108F5
:10BC6000052BF0D16B1C6ED01C236B4303F1B40782
:10BC70002344E619324693F8B3106846FDF71CFAE0
:10BC8000B8F1010F2FD1314BD3F800804FF00009EC
:10BC900042F6030BD8F800304046DB6998471FFA9C
:10BCA00089FA50451AD9D8F8003051461B6A4046E7
:10BCB000984703689B688246984758450BD1694668
:10BCC00013A8FDF7EDFB5046002213A9FDF7F5FC84
:10BCD00013A8FDF739F909F10109DBE70023A4F8FE
:10BCE0003E31A4F84431D4F85881B8F1000F08D09F
:10BCF000694613A8FDF7D4FB13A8C04713A8FDF7A6
:10BD000023F91C2303FB05434FF6FF72C3F8B02051
:10BD10000022E251B280D3F8C400A3F8C820172152
:10BD2000A3F8C01083F8CA2083F8CB2010B10368B1
:10BD30005B6898471C2303FB05440023C4F8C43008
:10BD40006846FDF701F927B0BDE8F08FB47407002D
:10BD50002DE9F04FA9B000F5A073DFF8DCB0019336
:10BD6000064600F1B4044FF000084FF6FF7934F8AE
:10BD7000041C494551D02F4B18680368D3F89830FC
:10BD800098470546002848D1224614F8011C02A80D
:10BD9000FDF792F9DBF8007008F101083B683846BE
:10BDA000DB6998471FFA85FA50451AD93B68514616
:10BDB0001B6A38469847026892688246904742F666
:10BDC000030398420BD102A915A8FDF769FB504661
:10BDD000002215A9FDF771FC15A8FDF7B5F801358E
:10BDE000DCE70023A6F83E31A6F84431206904F8C8
:10BDF000023C04F8013C2360A380C4F80630638150
:10BE0000172324F8049CA38110B103685B6898474A
:10BE10000023236102A8FDF797F8019B1C349C4284
:10BE2000A5D1B8F1000FD4BF0020012029B0BDE892
:10BE3000F08F00BF14750700B474070010B500231D
:10BE40001C2101FB030292F8C840A40702D5B2F8F6
:10BE5000B00010BD0133052BF3D10620F9E730B552
:10BE600000231C2404FB0302B2F8B0508D4204D01E
:10BE70000133052BF6D1002001E092F8C80030BD57
:10BE80002DE9F04F99B002AF044697F880B07A6080
:10BE9000BBF1010F0E461D460DD8122B07D10368CA
:10BEA00004220092D3F8DC402A460023A0475C37E6
:10BEB000BD46BDE8F08FD7F88430B3F800808E4BD4
:10BEC000D3F800A0DAF800305046DB69984708F153
:10BED000FF318BB283420CD9122DE8D123680A229C
:10BEE0000092D3F8DC902A46434631462046C847A4
:10BEF000DDE7DAF8003050461B6A984703689B6814
:10BF00008146984742F60303984240F0AD80484688
:10BF1000FDF7B2FA8045484601D1122D4AD1FDF70E
:10BF200027FA010740F1E2804846FDF724FA10F0B5
:10BF300002000FD031462046FFF791FF03063FD4A1
:10BF400023680F220092D3F8DCA020464346122239
:10BF5000D047012000234FF01C0C0CFB03F2A1186A
:10BF6000B1F8B0E0B64565D1D7F8843091F8B31098
:10BF7000ABF1020BB4325FFA8BFB03F1020A2244ED
:10BF800080B3032384F88530A4F8448084F84610F5
:10BF90001368C4F847309388A4F84B30BBF1360FD0
:10BFA0004FF00A0384F84DB084F885300AD923682D
:10BFB000112295E7FDF7DCF942077FF578AFB3E78B
:10BFC0000020C7E75A46514604F14E0047F08AFB6D
:10BFD00094F88530122D9B4484F885B07FF467AFC8
:10BFE0006D463AE007F10C00FDF766F85B465246F5
:10BFF00007F10C014846FDF740FB07F10C00FCF788
:10C00000A3FF122D7FF453AF7B6807336D46DB0827
:10C01000A5EBC3039D46132202AB8DF80820374AD7
:10C02000106802680093D2F894400123042231463C
:10C03000A04717E00133052B8FD1122D7FF437AFC6
:10C040007B6807336D46DB08A5EBC3039D461322CF
:10C0500002AB8DF808200028E1D0132323710123BF
:10C0600084F88430AD4622E7D9F8003048469B6812
:10C070009847B0F5245F39D14846FDF769F90228A1
:10C0800034D14846FDF761F9028842F602139A421C
:10C090002CD1DAF80030A8F102011B6A504698470B
:10C0A00003689B688146984742F6030398421DD176
:10C0B00000231C2000FB03F2A118B1F8B0C0B44566
:10C0C00010D1B432224491F8B31007F10C00FCF700
:10C0D000F3FFD7F8843007F10C015A884846FDF782
:10C0E000ECFA8AE70133052BE4D18AE7122D7FF4BD
:10C0F000DEAE23680322F3E6B4740700147507006C
:10C100002DE9F04F9DB0984602AFB8F10A0F1546E1
:10C1100004460E4697F89020D7F89430C7F80CD014
:10C120000FD1022A17D0036804220092D3F8DC4012
:10C1300042460023A047D7F80CD06C37BD46BDE877
:10C14000F08F042A07D0036804220092D3F8DC4061
:10C150000C220023EEE7B8F10A0FB3F8009014BFE9
:10C160005B8800237B618A4BD3F800B0DBF800309A
:10C170005846DB69984709F1FF318BB2834207D9F2
:10C1800023680A220092D3F8DC5042464B4625E051
:10C1900005F1FF3A0735ED086B46A3EBC5039D4655
:10C1A000B8F10A0F6A4614BF0D230B2302F8083FAB
:10C1B000DBF800303A611B6A5846984703689B6871
:10C1C00005469847B0F5205F2AD17B6953B12368B3
:10C1D00004220092D3F8DC500B224B463146204615
:10C1E000A847A8E72846FDF7B3F880462846FDF79C
:10C1F000ACF8424601460DF1090047F073FA08F128
:10C2000001081FFA88F8634B3A69186803680092BE
:10C21000D3F8944004225FFA88F33146A0478AE7B6
:10C2200042F60303984240F08F802846FDF722F93A
:10C2300048451DD17B6913B123680B22A2E728462C
:10C24000FDF796F83B6958702846FDF715F93B69EC
:10C2500058802846FDF77CF880462846FDF775F89B
:10C260004246014603A847F03DFA08F10408C8E732
:10C270002846FDF77DF8820702D42368022281E771
:10C280002846FDF778F810F0020B10D03146204612
:10C29000FFF7E5FD030614D423680F220092D3F8BC
:10C2A000DCB042464B462046D8474FF0010B2846AB
:10C2B000FDF768F87A6983B29A4205D323680722AA
:10C2C00060E74FF0000BF2E77B6980B2C01A82454D
:10C2D000A8BF82461FFA8AF3BB6004F5A07304F17D
:10C2E000B4097B604FF001081FFA8AFA39F8043C60
:10C2F000B34218D14A4619F8011C07F11C00FCF79B
:10C30000DBFECDF800A03B697A69434407F11C01CC
:10C310002846FDF793F907F11C00FCF715FEBB68F2
:10C3200098441FFA88F87B6809F11C099945DDD10A
:10C33000BBF1000F3FF467AF42463969201D47F05B
:10C34000D1F984F88480F6E6B0F5245F1DD1284643
:10C35000FDF702FA7A6983B29A42AFD27B6980B262
:10C36000A0EB0308C2452846A8BFC246FDF7F6F970
:10C370007B691FFA8AF2C1180AF1010A0DF109005E
:10C3800047F0B0F91FFA8AF83DE74FF001083AE7A5
:10C39000B47407001475070010B5054C2046FFF76C
:10C3A00003FC2046034A0449BDE810403BF001BDB0
:10C3B0003C72002000600020F1A6020073B5002549
:10C3C00004460E4640F8041B10222946ADF80450DE
:10C3D0008DF8065047F084FA257526B3304647F0AD
:10C3E000AFFE451E002D237D19DB0F2B1ED8735D7C
:10C3F0002D2B02D10135023DF4E77219002112F80C
:10C40000012C8DF8042001A810228DF8053047F08A
:10C41000C5FF237DE218013310712375EBE7022B72
:10C4200004D802232375204602B070BD1023F9E71B
:10C430000068704704307047007D70472DE9F04771
:10C44000144C80464D1E4FF4AA594FF02D0A6A1C19
:10C450001AD018F8057010222146380905F0EFF9B6
:10C460001022611C07F00F0005F0E9F90C2D04F112
:10C47000020606DC29FA05F3DB0744BFE61C84F854
:10C4800002A0013D3446E2E7002323700148BDE8E5
:10C49000F08700BF98730020007970472DE9F04FB6
:10C4A00089B090460DF1180B027A9DF848601F463E
:10C4B0000023054689460693ABF80430FAB99E423C
:10C4C00014BF4FF0020A4FF0030A2B6828461B697D
:10C4D0009847194BEA881C680021072023680091BF
:10C4E000CDE90301CDE9011B2046D3F83CB011464C
:10C4F0005346D84728B1002009B0BDE8F08F9A46CE
:10C50000E3E723684A461B6C4146204698470028CB
:10C51000F1D123683A465B6C3146204698470028A3
:10C52000E9D1236801219B6C204698470028E2D17D
:10C5300001202871E0E700BF14750700034B0021BC
:10C540000171186803689B6C184700BF14750700D9
:10C550002DE9F341124B1D682B6801221B6D074624
:10C560000E4628460021002498472B68CDE9004458
:10C57000D3F84C8020231A4601212846C04768B9C9
:10C58000012179712B6886EA01021B6D28469847C4
:10C59000B0FA80F0400902B0BDE8F0812046FAE729
:10C5A00014750700C180704701727047022908BFE7
:10C5B000C260704770B50B4D04461C30164605F03E
:10C5C00031F8294604F1280005F045F8294604F120
:10C5D000340005F040F82368314620465B69BDE829
:10C5E0007040184784B507002DE9F0410C4D044612
:10C5F0000F461C302946164605F02DF8394604F141
:10C60000280005F00FF8294604F1340005F023F85E
:10C610002368314620465B69BDE8F041184700BFFA
:10C6200084B507002DE9F0410C4D04460F461C303F
:10C630002946164605F00FF8294604F1280005F0B2
:10C640000AF8394604F1340004F0ECFF236831465F
:10C6500020465B69BDE8F041184700BF84B507007C
:10C660007FB5C36B04460D468BB10B6801A89B696F
:10C67000984701A904F1340005F070F8064601A8B6
:10C6800004F066FF1EB90024204604B070BD636A42
:10C6900073B1294601A8FCF723FD01A904F11C0090
:10C6A00005F04FF8064601A804F052FF002EEAD02C
:10C6B000236B6BB1294601A8FCF78CFD01A904F19D
:10C6C000280005F04BF8044601A804F041FFDBE721
:10C6D0000124D9E738B5A0220E4D0F4B0360C2806C
:10C6E000002301220446037143710272C0E903333F
:10C6F000C0E9053329461C3004F075FF294604F1D2
:10C70000280004F070FF294604F1340004F06BFFA8
:10C71000204638BD84B507007474070003688B4257
:10C7200008D9436800228A4202D05B680132FAE7E6
:10C73000186870470020704770B5044640680025AF
:10C740002368AB4206D9466808213BF059FD013504
:10C750003046F5E70023C4E90033A36070BD000054
:10C7600010B50A4B044640F8343B04F0F1FE04F1E6
:10C77000280004F0EDFE04F11C0004F0E9FE04F1D1
:10C780001000FFF7D9FF204610BD00BF74740700EA
:10C7900010B50446FFF7E4FF204640213BF030FD92
:10C7A000204610BD70B50E4B054618680368002280
:10C7B0001B6D11460024984705F110066C712B691A
:10C7C0009C4209D221463046FFF7A8FF10B103680A
:10C7D0005B6898470134F2E73046FFF7ADFF70BD64
:10C7E0001475070003688B4270B504461AD90022FD
:10C7F000406813468A42456803D003460132284602
:10C80000F8E7066863B96560A268824208BFA36062
:10C8100008213BF0F5FC2368013B2360304670BDE6
:10C820005D60F1E70026F9E72DE9F041074694B095
:10C830000D46002401F110082B699C422AD22146A2
:10C840004046FFF76BFF0646FCF701FD00B331469B
:10C8500001A8FCF725FE21464046FFF7C3FF1EB1A5
:10C86000336830465B6898472B6801A9DB6B284624
:10C87000984750B101A93846FCF712FE01A8FCF711
:10C8800063FB384614B0BDE8F08101A8FCF75CFBFF
:10C890000134D1E73846FCF7FFFBF2E72DE9F04F12
:10C8A000C568ABB004460F4692469B469DF8D080C3
:10C8B0009DF9D8902DB3032922D11A46514604A8D8
:10C8C000FCF7FAFBCDF80090359B4246394604A8A8
:10C8D000FCF797FC236804A9DB6B2046984748B116
:10C8E00004A917A8E468FCF7DBFD17A8A04717A860
:10C8F000FCF72AFB04A8FCF727FB2BB0BDE8F08F60
:10C90000002504F110032269AA420DD918462946D0
:10C910000393FFF703FF5A4651460646FCF761FCB6
:10C92000039B002841D006BB23691F2B08D9002197
:10C9300004F11000FFF756FF10B103685B689847D9
:10C940004C203BF045FC5A4651460646FCF7B4FBEA
:10C9500008203BF03DFC0023C0E90063636933BB62
:10C9600060612569A0616B1C2361042F22D0CDF882
:10C970000090359B424639463046FCF742FC304633
:10C98000FCF765FC0028B8D0E368002BB5D0314631
:10C9900004A8FCF785FD294604F11000FFF722FFEB
:10C9A000336830465B68984794E70135ABE7A36985
:10C9B0005860D6E74B46359A41463046FCF732FC84
:10C9C000DDE770B446799DF80C409DF9145026B10E
:10C9D0000595039470BCFFF761BF70BC7047000001
:10C9E00010B5054C2046FFF775FE2046034A044962
:10C9F000BDE810403BF0DDB9C073002000600020AE
:10CA000061C70200406870474368994208D2836852
:10CA10000022914202D05B680132FAE71868704741
:10CA20000020704773B5044630203BF0D1FB3249FB
:10CA30000546FDF755F9E56154203BF0C9FB00259B
:10CA40000646142302222D490095FCF763FD266259
:10CA500054203BF0BDFB02231A46064628490095A8
:10CA6000FCF758FD666230203BF0B2FB25490646D4
:10CA7000FDF736F9A66254203BF0AAFB20220423DE
:10CA8000214900950646FCF745FDE662E069FCF7A2
:10CA900062FC206AFCF75FFC606AFCF75CFCA06A41
:10CAA000FCF759FCE06AFCF756FCD4E90701FDF7F6
:10CAB0003EF9616AE069FDF73AF9D4E90A01FDF748
:10CAC00036F9236811491B6920469847236829468F
:10CAD00020465B69984723682046DB6A98472368AD
:10CAE000E1699B6A204698472368A16A9B6A2046B1
:10CAF00002B0BDE870401847B8740700BD74070065
:10CB0000C2740700C7740700CC740700D174070013
:10CB100010B50446C06948B1FCF722FC30B9E069A1
:10CB200010B103685B6898470023E361206A48B14D
:10CB3000FCF716FC30B9206A10B103685B689847AF
:10CB400000232362606A48B1FCF70AFC30B9606ACE
:10CB500010B103685B68984700236362A06A48B11C
:10CB6000FCF7FEFB30B9A06A10B103685B68984718
:10CB70000023A362E06A48B1FCF7F2FB30B9E06A37
:10CB800010B103685B6898470023E362236820467E
:10CB9000DB6ABDE810401847006AFCF755BC07B5D2
:10CBA00002AB022223F8021D406A1946FCF7ECFB97
:10CBB00003B05DF804FB10B504460846FCF7A7FB7C
:10CBC000014628B1236820469B6ABDE810401847FB
:10CBD00010BD2DE9F0410025074688462C463B68EC
:10CBE0003846DB699847A84211D93B6829461B6A39
:10CBF0003846984703689B6806469847B0F5205F1B
:10CC000002D0464503D0264601353446E7E72046A4
:10CC10003CB1FCF79DFB0228204604D1FCF795FBB4
:10CC20000088BDE8F081FCF790FB4089F9E700003F
:10CC3000074A02600022C0E90122C0E90322C0E9DC
:10CC40000522C0E90722C0E90922C262704700BF7D
:10CC5000E474070038B5044608200D463BF0B8FAE6
:10CC60000023C0E9005363682BB960602368A060AB
:10CC70000133236038BDA3685860F7E72DE9F84F0A
:10CC800004460D46084604F10408FCF764FB2946F7
:10CC90004046FFF7DFFF08203BF09AFA0023C0E987
:10CCA00000536369002B47D160612369A0610133A0
:10CCB000236123682046DB69984700271FFA80FB21
:10CCC0002846FDF724F8B8423BD939462846FDF7F7
:10CCD00020F80646FCF73FFB31464046FFF7BAFF17
:10CCE00023682046DB69984781B23046FCF7C0FBD9
:10CCF0003046FCF730FB31464046FFF7ABFF4FF0C4
:10CD000000093046FCF7BCFB484518D94946304677
:10CD1000FCF7B8FB8246FCF71EFB51464046FFF786
:10CD200099FF23682046DB69984781B25046FCF79B
:10CD300017FD09F10109E4E7A3695860B5E7013778
:10CD4000BEE723682046DB699847594682B22846E9
:10CD5000BDE8F84FFCF7D4BF70B504464068002525
:10CD60002368AB4206D9466808213BF049FA0135F1
:10CD70003046F5E70023C4E90033A36070BD70B509
:10CD80000446406800252368AB4206D9466808215E
:10CD90003BF036FA01353046F5E70023C4E90033AD
:10CDA000A36070BD38B50546064B45F8103B0446F8
:10CDB000FFF7AEFE2846FFF7E2FF201DFFF7CCFF8E
:10CDC000204638BDE474070010B50446FFF7EAFFBB
:10CDD000204630213BF014FA204610BD70B50446C1
:10CDE000002523682046DB699847A8420FD92368AD
:10CDF00029461B6A204698470646FCF7B1FA20B937
:10CE00001EB1336830465B6898470135E9E7201D5D
:10CE1000FFF7A2FF002523699D420BD26369002220
:10CE2000954202D05B680132FAE71868FCF7B6FF5A
:10CE30000135F0E704F11000FFF7A1FF70BD00001D
:10CE400008B5054B1846FFF7F3FE044A0449184697
:10CE5000BDE808403AF0ADBF00740020006000203B
:10CE6000A5CD0200704700000023C0F80831024B36
:10CE7000186803681B68184750760700024B18684B
:10CE800003685B68184700BF5076070003680021FD
:10CE90005B69184710B40368D3F8A4400023A44684
:10CEA0001A4640F603415DF8044B604737B5026807
:10CEB00002ABD2F8A45023F8021D022241F2054130
:10CEC0000446A84750B9D4F81832BDF8062019888E
:10CED000914203D193F9020003B030BD7F20FBE7FC
:10CEE00013B502A961E9022303680822D3F8A4401C
:10CEF0000B4640F60141A04702B010BD13B502A990
:10CF000061E9022303680822D3F8A4400B4642F2E9
:10CF10000101A04702B010BD10B40368D3F8A440CB
:10CF200006220B46A44642F205015DF8044B604719
:10CF30001FB5089C8DF804309DF818308DF8053029
:10CF40009DF81C308DF806302368CDF80730A38893
:10CF5000ADF80B309DF824308DF80D309DF8283059
:10CF60008DF80E300368ADF80010ADF80220D3F84C
:10CF7000A4400F226B4642F20601A04704B010BD48
:10CF800013B502AB026803F8011DD2F8A44042F2C7
:10CF90000A010122A04702B010BD13B5ADF803305D
:10CFA0009DF810308DF805309DF814308DF806305E
:10CFB00003688DF80010ADF80120D3F8A4400722D3
:10CFC0006B4642F20B01A04702B010BD13B50368D7
:10CFD0008DF804108DF80520D3F8A440022201AB8F
:10CFE00042F20C01A04702B010BD10B588B00B9CF6
:10CFF0008DF808309DF828308DF809302368CDF879
:10D000000A30A388ADF80E309DF830308DF810301E
:10D01000BDF83430ADF81130BDF83830ADF813300C
:10D02000BDF83C30ADF81530BDF84030ADF81730E4
:10D03000BDF84430ADF81930BDF84830ADF81B30BC
:10D040000368ADF80410ADF80620D3F8A440192207
:10D0500001AB42F20D01A04708B010BD10B4036847
:10D06000D3F8A4400023A4461A4642F20E015DF80C
:10D07000044B60471FB5ADF80430BDF81830ADF86B
:10D080000630BDF81C30ADF808300423ADF80A3086
:10D090000623ADF80C300368ADF80010ADF802209F
:10D0A000D3F8A4400E226B4642F21301A04704B00D
:10D0B00010BD10B4D0F8EC402CB1194610462346F0
:10D0C0005DF8044B18475DF8044B7047F0B51D46FA
:10D0D00003688BB09B6F0F461646044698470AA814
:10D0E000721E00F8287D062312F8011F1954013B17
:10D0F000FAD1109B6A1E0DF11701013B0F3512F892
:10D10000016F01F8016DAA4213F8016F0E74F6D198
:10D1100023682722D3F8A45042F227010346204671
:10D12000A84723682046DB6F98470BB0F0BD13B5C6
:10D1300002AB013A03F8081D062112F8014FCC5446
:10D140000139FAD1026842F22B01D2F8A440072239
:10D15000A04702B010BD07B503680122D3F888309C
:10D160006946984703B05DF804FB13B500230093AC
:10D170000139CDF80330052311F8014F0DF80340B4
:10D1800013F1FF33F8D203688DF80620D3F8A440DA
:10D1900007226B4640F60D41A04702B010BD13B503
:10D1A00013238DF80630026802ABD2F8A44023F8AE
:10D1B000041D032240F20641A04702B010BDC0F892
:10D1C000041170470023C0F8043170473AB190F859
:10D1D0001D32934203DD9B1A80F81D3270470023F5
:10D1E000FAE710B4D0F8F8300C4623B120461146C7
:10D1F0005DF8044B184718465DF8044B704710B4AF
:10D20000D0F8EC300C4623B1204611465DF8044BB3
:10D21000184718465DF8044B704710B4D0F8F43046
:10D220000C4623B1204611465DF8044B18471846BA
:10D230005DF8044B7047D0F8FC302BB1D0F80001FA
:10D24000003018BF012070470320704710B54FF41D
:10D25000487104463AF0D4FF204610BD564B2DE9E4
:10D26000F04704461D6819B12B6828469B6898470B
:10D270002B68524E9B69524FDFF8488128469847E9
:10D280002B682846DB6898472B68002800F08F80C1
:10D290005B6928469847D4F80831B3F5817F5FFA77
:10D2A00080F912DB0023C4F80831D4F8043163B1EB
:10D2B0002B682846DB6998473146D4F8040104F00E
:10D2C00007F92B6828469B699847D4F80821531C16
:10D2D0002244C4F8083182F80C9194F80C21022AF7
:10D2E0002ED1052BCCDD94F8101194F80F2102EB10
:10D2F000012204329342C3DD2B682846DB6998473C
:10D30000D4F804314BB1236894F80821D3F8C090C5
:10D31000414604F586732046C8470023D4F8081117
:10D32000C4F808312368D3F8B430013904F20D127F
:10D33000C9B2204698472B6828469B6998479FE7C3
:10D34000042A21D1032B9BDD94F80E210232934253
:10D3500096DD2B682846DB699847D4F804314BB139
:10D36000236894F80821D3F8C090394604F58673F1
:10D370002046C8470023D4F80811C4F808312368B0
:10D380000139D3F8BC30D1E70023C4F80831D4F810
:10D390000431002B3FF474AF2B682846DB699847B3
:10D3A00010224946D4F8040104F0C8F8C3E728461F
:10D3B000DB69BDE8F0471847507607003E75070067
:10D3C00066750700537507001346F0B533F8046B14
:10D3D000C6F30137022F87B00546144611D1548891
:10D3E000E4B21988221F8A4220D0022F07D1224698
:10D3F000194605F21E2046F075F985F81D4307B061
:10D40000F0BD012FFBD190F81D03528800F21E20C1
:10D410001946284446F066F9638895F81D431C4474
:10D42000E4B285F81D4305F21E23DAE75C88A0B25A
:10D430000428C6F30B010AD1184800680468246A5E
:10D440000433D2B2A047002385F81D33D7E705285F
:10D4500004D1134800680468E468F1E7062804D1A1
:10D460000F48006804682469EAE700220392ADF8D7
:10D47000142001228DF80C200622ADF80E20022285
:10D4800003ABADF810202A680093ADF812400A23D0
:10D49000D2F8944028460522A047D4E768730700D5
:10D4A000FC760700F0B5202589B004460E461746E5
:10D4B00000212A46684646F013FA324639460DF1F5
:10D4C00001008DF8006046F00DF923682A46D3F874
:10D4D000A46042F208016B462046B04709B0F0BD97
:10D4E000F0B5202589B004460E46174600212A468D
:10D4F000684646F0F5F9324639460DF101008DF8DF
:10D50000006046F0EFF823682A46D3F8A46042F2A0
:10D5100009016B462046B04709B0F0BD2DE9F04740
:10D52000044600AF8A4691461D4694F81D2294F8A1
:10D530001C329A4204D3236820461B699847F4E7BB
:10D5400005F1100303F4FC73ADEB030D02238DF81A
:10D5500000302B1DDBB22A46396AADF803300DF1DD
:10D560000900ADF801A0ADF80550ADF8079046F000
:10D57000B9F8D4F8043105F10906E8463BB123684F
:10D580000B49D3F8C050F2B26B462046A84794F836
:10D590001D32013384F81D32064B18680368324689
:10D5A0001B6A414698470020BD46BDE8F08700BF92
:10D5B00018750700507607002DE9F0430D46114617
:10D5C00083B00B3101F4FC7100AF0446ADEB010DEB
:10D5D00001203871A7F80550FA716846796840F85B
:10D5E000041B1946161D46F07DF8D4F80431E846B0
:10D5F0003BB123681649D3F8C090F2B26B4620467F
:10D60000C847144B1868036832461B6A414698475E
:10D610004FF6FF73A4F80E324FF0FF33C4F8103208
:10D6200004F038F900F57A76B4F80E32AB4208D03F
:10D6300004F030F9B04204D2236820461B699847B1
:10D64000F2E7D4F810020C37BD46BDE8F08300BF06
:10D650002B7507005076070007B502AB002203F8D0
:10D66000012D42F22D0101220248FFF7A5FF03B070
:10D670005DF804FB3074002007B502AB012203F80B
:10D68000012D42F22D010348FFF796FF03B05DF82C
:10D6900004FB00BF307400207FB501238DF80030FB
:10D6A0000B68CDF801308B88ADF805300DF117010E
:10D6B000531E0F3213F8010F01F8010D9342F9D1F7
:10D6C0006B46172240F611410248FFF775FF07B07D
:10D6D0005DF804FB3074002013B50446684601F081
:10D6E00047F9D4F8EC3063B1D4F8F4304BB1D4F846
:10D6F000F83033B1D4F8F0301BB10121684601F0A5
:10D700003AF96846012101F048F96846012101F023
:10D710003BF96846012101F049F92D2101A801F0EA
:10D7200028F99DF8040002B010BD2DE9F0411D4616
:10D730000368D3F8A48000230F46164641F2010186
:10D740001A460446C04770B9D4F818321A783A70AD
:10D75000B3F801203280DA782A70069A998811800D
:10D76000DA88079B1A80BDE8F08113B50368694623
:10D770001B6A0446984750B9D4F81832D9345A1E57
:10D78000053312F8011F04F801199A42F9D102B0C9
:10D7900010BD0000F8B50368D3F8A45000230E466E
:10D7A000174642F202011A460446A847054678B9D0
:10D7B000D4F818321A8832809B783B7084F81C3277
:10D7C000044B31881868036809399B6889B2984707
:10D7D0002846F8BD68730700F0B589B06F460E465D
:10D7E0001446002120220546384646F079F8711E7D
:10D7F00004AB621E11F8010F03F8010D12F8010FBE
:10D800001874BB42F6D12A6842F21701D2F8A4403C
:10D8100028462022A04750B90E9B1033D5F8182275
:10D82000125C03F8012D01301028F7D1012009B056
:10D83000F0BD70B50368D3F8A46000230C461A4607
:10D8400041F209010546B04728B9D5F818321A68DF
:10D8500022609B88A38070BD70B50368D3F8A46074
:10D8600000230C461A4642F218010546B04728B973
:10D87000D5F81822136823605368636070BD0000F8
:10D880002DE9F0411678052EB2B0054614461DD19B
:10D890009F4B52791868B4F8031003685B6A984785
:10D8A0009C4BB4F80310186862790368C9B25B69CD
:10D8B0009847994B186803689B68984718B10121ED
:10D8C0009648FFF75DFB32B0BDE8F081082E64D1C9
:10D8D0008F4BB2F8031052791D68002A58D02846A1
:10D8E000FEF7BDFAC10734D505F18708404601F0BF
:10D8F00093FA404601F094FA28B332AF05F198024A
:10D9000007F8446D102312F8011BD955013BFAD1D9
:10D91000B4F803108148009711230622FFF7FEFD9B
:10D9200009237F4AADF884300623F91812F8010F55
:10D930004870013BF9D1B4F80310784800970823E8
:10D940000622FFF7EBFD404601F06EFA404601F07B
:10D950006FFA2B68B4F803109B6E80222846984714
:10D9600095F8853023B12B682846D3F88030984746
:10D9700095F88430002BA6D02A1DB4F80310674810
:10D9800000920422FFF7CAFD002385F884309AE74D
:10D990002B6828469B6E984795E70E2E0ED1B2F85D
:10D9A0000330A0F80E325379C0F8103253780634A1
:10D9B000043B80F81432C0F8184284E70F2E09D1D6
:10D9C0009388A0F80E329378C0F81032002380F8C4
:10D9D000143278E7132E12D193780734D61C04EB57
:10D9E00083040436B4423FF46EAF2B6836F8022C41
:10D9F000D3F8B83036F8041C28469847F1E73E2E95
:10DA00007FF461AF9378013B092B3FF65CAF01A235
:10DA100052F823F093DA0200DDDA0200C7D80200E0
:10DA2000C7D8020025DB0200BFDB0200C7D8020016
:10DA3000EBDB020005DD02003DDA0200E378002B9B
:10DA40007FF441AF324B94F820701868A279E379E3
:10DA5000A18806680497E78B0397A78B0297678BCB
:10DA600004F10805CDE90057F669B047294B94F851
:10DA700020701868A279E379A18806680497E78B7B
:10DA80000397A78B0297648BCDE90054B468A04735
:10DA900019E7E378002B7FF416AF1D4B277D18683C
:10DAA000A279E379A18806680497678A0397278A91
:10DAB0000297E78904F10805CDE90057F669B047F8
:10DAC000144B277D1868A279E379A188066804972A
:10DAD000678A0397278A0297E489D5E7237B1F2B60
:10DAE0003FF6F1AEE278012A7FF4EDAE0A4A2179E1
:10DAF000106862790568E61896F90D60029604F1DF
:10DB00000D06CDE90036A31DAD6BA847DBE600BFCF
:10DB100068730700FC760700687407003074002003
:10DB2000037500208E4BB4F803101E68336810AAEA
:10DB30001B6F30469847B4F803103046FEF78FF954
:10DB4000C2071DD5102200210DF1860045F0C8FE48
:10DB50002379E278834942EA032232AB23F8442D49
:10DB60001022981811F8014F4470013AF9D12A682F
:10DB700042F21A01D2F8A44012222846A047A2E697
:10DB80003368B4F80310DB6F0BAA304698472B6854
:10DB9000754AD3F8A83078B10BA928469847C0B287
:10DBA0000028CFD12B680222D3F8A46042F21B01D7
:10DBB000E31C2846B04786E60DF14101EDE754F835
:10DBC000030F6168228921AB03C31A800F23ADF8CC
:10DBD0008E3040F6FF73ADF890302B680E22D3F8EC
:10DBE000A44042F2200121ABC7E7E378002B7FF489
:10DBF0006AAE0C238DF840300DF14102231D04F173
:10DC0000440153F8040B42F8040B8B42F9D1231D55
:10DC100005F14402443453F8041B42F8041BA342A8
:10DC2000F9D14F4B1C682046FEF708F90528064637
:10DC30003FF649AE0DF14008412306220146CDF8DA
:10DC400000804A48FFF76AFC31462046FEF707F994
:10DC5000236840F004029B6ED2B23146204605F1A3
:10DC6000A407984739464148FFF7F6FD05F1AC0196
:10DC70003E48FFF7F1FD4122002121A845F030FE8A
:10DC80003A4829AA012318F8031002F8011DC11807
:10DC90000133C97882F82010212BF4D10BAD112269
:10DCA0000021284645F01CFE0DF12D0403238DF8BC
:10DCB0002C3021AA4123394600942D4800F050FF12
:10DCC0002A462B4607A912F8010F03F8010D8B42D3
:10DCD000F9D122461C4603CCAC4210605160234669
:10DCE00002F10802F6D131460095112306221F48A1
:10DCF000FFF714FC1F4B402242F22601181FFFF7CA
:10DD00005BFCE0E5E378002B7FF4DDAD144B1F688E
:10DD10003846FEF793F8052806463FF6D4ADE31CD7
:10DD2000D335233413F8012F05F80129A342F9D183
:10DD300031463846FEF793F83B6840F00802044647
:10DD40009B6ED2B2314638469847E3067FF5BBADAD
:10DD5000094B0A4A1868036831469B6A9847B2E53E
:10DD600068730700097500200A75002030740020D0
:10DD70008C78002034740020FC760700B4740020F6
:10DD80002DE9F74FDFF8ECA0DAF8F000884693466B
:10DD90000025002869D002AC042004F8055D3AF0A3
:10DDA00017FA814604203AF013FA074604203AF0A5
:10DDB0000FFADAF8F0A0034606463A4620464946EE
:10DDC000D0472C469DF80330AB4234DD4FEA850A3C
:10DDD0001CBB3168264851F8251001AB424600F0C3
:10DDE0003DFE98F803209DF804309A4215D19DF825
:10DDF000052098F804309A420FD19DF8062098F833
:10DE000005309A4209D13B6853F80A301A68CBF8BA
:10DE100000209B88ABF8043001243B6853F80A00CB
:10DE200008B13AF0EFF9336853F80A0008B13AF054
:10DE3000E9F90135C6E7D9F8000008B13AF0E2F98E
:10DE4000484604213AF0DCF9386808B13AF0DAF9CA
:10DE5000384604213AF0D4F9306808B13AF0D2F9E2
:10DE6000304604213AF0CCF9204603B0BDE8F08FEB
:10DE70008C780020307400202DE9F0410546D0F860
:10DE8000040116461C4600B303F015FB013CDFF805
:10DE900040802644A642D5F804010DD014F8017F35
:10DEA0000F2F02D8414603F006FB10223946D5F861
:10DEB000040103F041FBEDE703F004FBD5F8040196
:10DEC0000368BDE8F041DB681847BDE8F08100BF9A
:10DED000C0760700094A02600022C0E93B22C0E97F
:10DEE0003D22C0F8FC20C0F80021C0F80421C0F891
:10DEF000082180F81D2280F81D23704780750700D7
:10DF000008B5054B1846FFF7E5FF044A04491846D3
:10DF1000BDE8084039F04DBF30740020006000209B
:10DF200065CE020070477047D0F810017047D0F8F6
:10DF3000103123B1D0F80C311844007A70474FF0FB
:10DF4000FF307047D0F8103183B1D0F80C31034462
:10DF50001A7AD0F80C310133DBB2C0F80C31D0F8AA
:10DF60001031013BC0F81031104670474FF0FF30C0
:10DF700070470368184710B54FF48A7104463AF0A9
:10DF80003FF9204610BD2DE9F04F89B002A836F0C8
:10DF900000FF02A836F078FE002400254FF47A76C0
:10DFA000002740F2E7384FF0000902A836F0B9FE2A
:10DFB00024184D4102A836F0BEFE4FF47A720023B9
:10DFC0002046294641F0AAFC50B12DF0ABFA20467C
:10DFD00029464FF47A72002341F0A0FC14461D46F6
:10DFE00031F012FA01A838F04DFE31F003FA824602
:10DFF00001A838F04FFE02A836F093FEBAF1000FE8
:10E00000D3D0894508BF8045CFD3B6EB000A67EB74
:10E01000010BBBF1000F08BFBAF57A7F03D10120D5
:10E020003AF04AFBC1E75AEA0B03BED050463AF039
:10E030001DFABAE70B6803604B6843608B68836026
:10E040007047000037B5044601A80D4638F01AFEA7
:10E0500023682046DB68984750B901A838F01AFEBB
:10E0600001232A46194604483AF052FA03B030BD5B
:10E0700001A838F00FFEF9E76478002038F012BEEE
:10E0800038F012BEF8B50079C0B1013AD4B20D46ED
:10E09000102C2046B8BF102015F8016B2DF018F990
:10E0A00029462246074645F01DFB34F073FA4069C5
:10E0B000036822461D6931463B46A847F8BD00006B
:10E0C00038B50C4C0546206840B13AF0CFFB2068CB
:10E0D00010B103685B6898470023236034F05AFA54
:10E0E00005482DF037FD34F055FA2DF097FB00234D
:10E0F0002B7138BD78780020F5F1050038B5114B4B
:10E100001A78EAB90122104D1A70104C03682B607E
:10E1100081684368007B23602DF022F883B223B925
:10E1200065220B490B4839F05BFA2B6880B2034437
:10E130002B602368181A2060BDE838402DF0CCB958
:10E1400038BD00BF7C780020404C01203C4C0120B1
:10E1500054760700B2760700F0B500238BB0C0F804
:10E160000831C0F80C31C0F81031064634F012FA0C
:10E170000368204F9B68014602A8984702A8FFF752
:10E18000BDFF34F007FA2DF03DFB3D6845BBBC20D8
:10E190003AF01EF8184B03600446294605614030EA
:10E1A0003AF04AFA04F154003AF0E4F92B464FF4FD
:10E1B00080521821204600953AF0DCFA3C600F4B63
:10E1C00009930AAF0E4B47F8103D20463946CDE97A
:10E1D00007553AF0DBFA099B13B19B68384698471C
:10E1E00034F0D8F907482DF0B5FC012030710BB0A0
:10E1F000F0BD00BF7878002024BC070044760700FB
:10E2000087DF0200A5E202007047000038B504462F
:10E210000025084B036005714FF4807229460830D1
:10E2200045F05EFBC4F808512046C4F80C51C4F810
:10E23000105138BDCC76070073B5044601A81646C8
:10E240000D4638F01FFDD4F81031C3F580739E429F
:10E2500022DC0020864216DDD4F81031B3F5807F31
:10E260000FD0D4F808312A5C23441A72D4F808314C
:10E270000133DBB2C4F80831D4F810310133C4F8EB
:10E2800010310130E6E701A838F004FD012104480F
:10E290003AF020F902B070BD01A838F0FBFCF9E7B4
:10E2A000647800200A4601460148FFF7C5BF00BF59
:10E2B0005077002038B50A4C0A4D20463AF000F954
:10E2C0002046094C09492A4639F073FD2046FFF7DC
:10E2D0009DFF2A4620460649BDE8384039F069BD11
:10E2E000647800200060002050770020DB84060066
:10E2F00027DF0200704770478180C280704701812C
:10E30000704781727047807A003018BF01207047D3
:10E31000704710B50C21044639F072FF204610BD3D
:10E320002DE9F0431C461B78012BA5B007460D468E
:10E3300040F08C8003685B6A9847BB4B1E68BB4B00
:10E340008146D3F8008014AB00286AD0BA7A0393D0
:10E35000012A84BF0022BA7205A800F058FD0121ED
:10E3600005A800F069FD9DF8142086F886209DF828
:10E37000142086F88720E17806A800F0FAFAE278FF
:10E380008DF83020A2788DF8312062788DF8322017
:10E3900032682946546F30460CAAA0473268294695
:10E3A0003046946EFDF75BFD40F001022946D2B283
:10E3B0003046A047039B00221492C3F80320022298
:10E3C0008DF8502010228DF85420D8F800204046B7
:10E3D000D26E90478DF85100D8F800204046926EDA
:10E3E000904724AA02F8740D104600F0E8FA8DF860
:10E3F000530005A800F00EFD8DF8550005A800F0AB
:10E4000009FD8DF85600D8F80020039B0093D2F840
:10E4100094400723062229464046A04725B0BDE880
:10E42000F08340F20552ADF85020D8F80020009358
:10E43000D2F894400223062229464046A04733687A
:10E440009B6E4A46294630469847E7E7042B6FD132
:10E45000764B1E6804F1100206F1A30314F8011FA5
:10E4600003F801199442F9D107AC1122002120468A
:10E4700045F036FA042306F1A4028DF81C30174645
:10E48000102312F8011BE154013BFAD133680094C8
:10E49000D3F894400622112329463046A047301D68
:10E4A0001F230CA914AA10F8014B5C5490F83F40AC
:10E4B0009C5413F1FF33F6D206ABCDE900735C48F0
:10E4C00006F1940300F06CFC9DF819309DF81A00D9
:10E4D000D6F8FC201B0403EB00239DF81B0003442B
:10E4E0009DF8180003EB00632AB15249B3FBF1F029
:10E4F00001FB10309047D6F80031002B8ED09847A2
:10E50000044600288AD124AB40F6054223F87C2D2E
:10E5100032680093D2F894700223062229463046CE
:10E52000B847414B1868036822469B6E29468BE723
:10E53000022B3FF473AF052B05D13B4B18680368E2
:10E5400000229B6E80E7082B0BD1374B1B6804F130
:10E550001002973314F8011F03F80119A242F9D1F0
:10E560005CE7092B20D1621C052314AE12F8011FB1
:10E57000995513F1FF33F9D22C4B61781D682A4B62
:10E580002A681B6803F198000090146F88333246A4
:10E590002846A047D5F8F430002B3FF43FAF05F1F3
:10E5A000DA013046984739E70C2B45D114AA631C91
:10E5B00004F1210C174618685968164603C608333B
:10E5C00063453246F7D11CAE41341868596832466B
:10E5D00003C20833A3421646F7D1134B1C682368C5
:10E5E000294620469E6EFDF73AFC40F00202D2B268
:10E5F00029462046B0470D4B1D683A462C1D24AED7
:10E60000134603CBB342206061601A4604F108044C
:10E61000F6D12B68D3F8A44000231A4642F2250114
:10E620002846A047FAE600BF687307001475070084
:10E630008C78002040420F000D2B7FF4EFAE18AE17
:10E64000B04614AB14F8012F06F8012D9E42F9D103
:10E65000124B1C6829462046FDF701FC236840F058
:10E66000100281469B6ED2B229462046984719F087
:10E67000080F0CD10A4B1B688433324603CA42454B
:10E6800018605960164603F10803F6D1C6E63B68E8
:10E6900032469B6A294638469847BFE668730700AA
:10E6A000147507002DE9F04F554B1E68A5B033686F
:10E6B00007920DAF3A461B6F304688469847514B3C
:10E6C0001D682B6828465B6A98472B4605F1940A1B
:10E6D00053F8D42FCDF82D209B88ADF8313005F1BB
:10E6E000DA03039305F1A40B0BAB0DF13C09524681
:10E6F00005F1B4010024CDE90073CDF808905B4624
:10E7000041488DF82C4000F089FAADF828408DF88A
:10E710002A402B6828469B6E984724AB1BAF03F812
:10E72000140D184600F04BF98DF828002B68284688
:10E73000DB6E98478DF82A00336809AA9B6F414623
:10E74000304698472346E3550134102CFBD113ABD8
:10E7500004930BAB03930DAB029309ABCDE90073AC
:10E7600052465B464946284800F0CAFA17AB049364
:10E770000DAB03930BAB02930AABCDE900735A4682
:10E7800053464946204800F0BBFA2246079913A891
:10E7900044F076FF1FAB08BB0D228DF87C200DF1F5
:10E7A0005B0212F8011F1955013CFAD12A68009347
:10E7B000D2F894401123062241462846A0474146FC
:10E7C0003046FDF74CFB336840F020029B6ED2B21E
:10E7D00041463046984725B0BDE8F08F0B4A128875
:10E7E000ADF87C202A680093D2F8944002230622D8
:10E7F00041462846A047336800229B6EE8E700BFE9
:10E8000068730700147507008C780020F8760700FD
:10E8100070B586B0012ABDF82C30BDF8346024D123
:10E8200085882DB1C4881CB1AB4220D3A3421ED829
:10E830001C460022008908B1864201D1AAB13046A7
:10E84000ADF810300B4BADF816000022ADF81420D7
:10E850001868094A0392ADF81240036803AA0092AF
:10E86000D3F8944005220C23A04706B070BD2B4678
:10E87000E0E700BF1475070012010800032AF7B58E
:10E880000ED95D882C1DA2420AD11F785A78122F0A
:10E8900003F1040406D103680094DC6AEBB2A047DC
:10E8A00003B0F0BD132FFBD1036800941C6BF5E798
:10E8B000F0B585B0072B0E460A9C39D90023ADF878
:10E8C0000C308DF80920132382888DF8083002233C
:10E8D000ADF80A3052B1C38843B12188914202D3C6
:10E8E00062889A4202D90123ADF80C3003892BB11A
:10E8F000E2889A421CBF0123ADF80C300D4B1D6815
:10E9000002AA2B680092D3F89470052206233146A0
:10E910002846B847BDF80C3053B9E08829686388A9
:10E9200022880190A08800908C6D28463146A0472F
:10E9300005B0F0BD14750700034A02600022426072
:10E9400002810122827270470877070008B5054BE3
:10E950001846FFF7F1FF044A04491846BDE808408D
:10E9600039F027BA8078002000600020F5E202002C
:10E97000704701707047037819B143F001030370C9
:10E98000704703F0FE03FAE7037819B143F004037C
:10E990000370704703F0FB03FAE7037819B143F003
:10E9A00008030370704703F0F703FAE7037819B11F
:10E9B00043F020030370704703F0DF03FAE70078A9
:10E9C0007047002070B504468025834205DD0E5C4B
:10E9D000165401301028F8D170BD0CBFD554145412
:10E9E000F7E700002DE9F04F85B09A4604AF194BC8
:10E9F000DFF864B01E68002407F8014D8846914690
:10EA00003368CDF800A01D6E4A463B46414630466D
:10EA1000A847012814D01E2C19D0DBF800502B6811
:10EA20002846DB689847C82002F052FF2B6828462A
:10EA30009B68984701346420604302F049FFDFE798
:10EA4000B4F11E0018BF012005B0BDE8F08F002012
:10EA5000FAE700BF147507002472070030B51C46A2
:10EA6000002389B01D460DF803500133102BFAD155
:10EA700013788DF80D3053788DF80E3093788DF82B
:10EA80000F306A4604ABFFF7ADFF9DF81D302370D1
:10EA90009DF81E3063709DF81F30A370012009B0EF
:10EAA00030BD10B501F110001032002310F8014DF7
:10EAB00043EA440302F8013D037888424FEAD31346
:10EAC000F4D110BD30B5481E013A013B0F3110F8AA
:10EAD000014F12F8015F884284EA050403F8014FF0
:10EAE000F5D130BD70B51E468CB0002304461546E6
:10EAF000184604AA98540133102BFBD16B462046CC
:10EB0000FFF770FF9DF90030002B0FDB2A466946A6
:10EB10002046FFF7C6FF95F90030002B12DB324686
:10EB200029462046FFF7BDFF0CB070BD08AA694614
:10EB30002046FFF7B6FF2B46084A08A92046FFF7F4
:10EB4000C1FFE8E708AA29462046FFF7AAFF334697
:10EB5000024A08A92046FFF7B5FFE5E73460002028
:10EB60002DE9F04399B01D46904614AB10AA074614
:10EB70008946209E05F10F04FFF7B4FF102394FB94
:10EB8000F3F405F00F0314B313BB611E08AB10AA16
:10EB900008EB01113846FFF795FF00231A460DF8E0
:10EBA00003200133102BFAD10025013CAC4204AB09
:10EBB0001FDD08EB051269463846FFF783FF6B46F9
:10EBC00004AA49463846FFF70DFF0135EEE7012458
:10EBD0006D4205F00F0504F1FF3158BF6B420CAADE
:10EBE00008EB01113846FFF7ECFE08AB14AA0CA99C
:10EBF000D0E708AA69463846FFF764FF6B4604AAC7
:10EC000049463846FFF7EEFE00231DF80320F25474
:10EC10000133102BF9D119B0BDE8F0832DE9F0478D
:10EC20009AB0354CDDE9229804AD07468E4604F1D2
:10EC3000100AAC46206861682E4603C60834544565
:10EC40003546F7D12D490120D1F82310ADF80C003D
:10EC500000208DF83000CDF8311002F110000DF1D8
:10EC6000350152F8044B41F8044B8242F9D10DF1C1
:10EC7000450203F1100153F8040B42F8040B8B42D8
:10EC8000F9D1D9F80030CDF85530B9F80430ADF8E5
:10EC9000593099F806308DF85B3098F80630D8F87E
:10ECA0000000B8F804208DF8623008ACBDF80C30D4
:10ECB00017906146ADF86020ADF863307246384673
:10ECC00000942023FFF74CFF249B00930CAA2146BD
:10ECD00038463523FFF744FF259B0093012538462E
:10ECE00035230CAA21468DF83050FFF739FF28460E
:10ECF0001AB0BDE8F08700BF4F7707003C770700E8
:10ED00002DE9F04794B0DDE91D7603AC1F9D8446E4
:10ED10008E4602F1100AA04610685168A146A9E883
:10ED20000300083252454C46F6D107AC03F11009F6
:10ED300018685968224603C208334B451446F7D178
:10ED40001C9B0BAA03F1100918685968144603C4E8
:10ED500008334B452246F7D1BB788DF83E303368F7
:10ED6000CDF83F30B388ADF84330B3798DF84530F6
:10ED70002B68CDF84630AB88ADF84A30AB793A888D
:10ED80008DF84C30209BADF83C2000936046412329
:10ED900042467146FFF7E4FE012014B0BDE8F0875B
:10EDA000F0B59BB006AC1F4606460B4601F1200E9F
:10EDB000A44618685968254603C5083373452C4690
:10EDC000F7D1134603F120050EAA186859681446B6
:10EDD00003C40833AB422246F7D1209B16AA03F1A5
:10EDE000100518685968144603C40833AB4222461C
:10EDF000F7D102AB00936246304650233946FFF705
:10EE0000AFFE219B059A1A6001201BB0F0BD0022C5
:10EE10000270704700787047007800F0010070477A
:10EE20000078C0F3400070470078C0F3800070475E
:10EE30000078C0F3C0007047037819B143F00203B3
:10EE40000370704703F0FD03FAE76B2343700A2356
:10EE50008370017009B942707047012908BF827040
:10EE6000704710B50446FFF7F0FF012323714FF4FC
:10EE7000FA63E3804FF4C873638140F20113A38106
:10EE8000E381E382238340F2FF734FF4D072638304
:10EE90000A23228110216282A3836422002321821B
:10EEA000A282A377E3842385204610BD00000000E2
:10EEB00038B5008A2DED028B400808EE101A40F09C
:10EEC0004BF9F8EEC87A044617EE900A0D4640F06A
:10EED00055F90CA3D3E9002340F0A8F902460B46EC
:10EEE0002046294640F0A2F90022054B40F0C8FA1E
:10EEF00040F074FCBDEC028B38BD00BFAFF3008066
:10EF000000408F4008AC1C5A643BAF3F07EE901A9C
:10EF1000D0B5F8EEE77AC48817EE900AF52C17BF43
:10EF20007D230224B4FBF3F4E4B240F027F900227D
:10EF30000A4B40F07BF9064620460F4640F00CF99C
:10EF400002460B463046394640F070F90022044B29
:10EF500040F096FA40F042FCD0BD00BF0080114066
:10EF600000408F402DE9F8431F46037806460D46C2
:10EF700014461BB1012B24D0002445E041782548DC
:10EF800000F0F5FA2146234800F003FB214800F089
:10EF9000F4FA00283BD171781E481E4E3A4600F024
:10EFA000F0FA2C46304600F003FB0028E4D0631B47
:10EFB000DBB2BB42E0D2304600F004FB04F8010BA8
:10EFC000F0E700218078DFF8509002F0B1FD44F0C6
:10EFD0008001114800F0D6FC05EB070800244545E8
:10EFE0000AD00021484600F0CDFCFF2804BF0134C0
:10EFF000E4B205F8010BF2E70121B078BC420CBF86
:10F000000524002402F094FD2046BDE8F883012485
:10F01000FAE700BF847B0020787E002013B50C4601
:10F0200002A9002321F8043D0223FFF79BFF9DF86E
:10F0300005209DF8043043EA0223238002B010BD6E
:10F0400013B528220DF106010446FFF7E7FF40B192
:10F0500005280BBFE38C238D013301330CBFE38400
:10F060002385BDF9060002B010BD10B50446FFF7B8
:10F07000E7FF01462046BDE81040FFF719BF13B572
:10F080002A220DF106010446FFF7C8FF40B105280A
:10F090000BBFE38C238D013301330CBFE384238545
:10F0A000BDF9060002B010BD10B50446FFF7E7FF3A
:10F0B00001462046BDE81040FFF7FABE13B52C22EA
:10F0C0000DF106010446FFF7A9FF40B105280BBF6B
:10F0D000E38C238D013301330CBFE3842385BDF919
:10F0E000060002B010BD10B50446FFF7E7FF014669
:10F0F0002046BDE81040FFF7DBBE13B522220DF11C
:10F1000006010446FFF78AFF40B105280BBFE38CD8
:10F11000238D013301330CBFE3842385BDF9060041
:10F1200002B010BD10B50446FFF7E7FF01462046C8
:10F13000BDE81040FFF7EABE13B524220DF1060129
:10F140000446FFF76BFF40B105280BBFE38C238D0E
:10F15000013301330CBFE3842385BDF9060002B0FF
:10F1600010BD10B50446FFF7E7FF01462046BDE895
:10F170001040FFF7CBBE13B526220DF10601044661
:10F18000FFF74CFF40B105280BBFE38C238D013303
:10F1900001330CBFE3842385BDF9060002B010BD26
:10F1A00010B50446FFF7E7FF01462046BDE81040D2
:10F1B000FFF7ACBE2DE9F0410778054688461446B6
:10F1C00027B1012F21D00026344634E041781C4875
:10F1D00000F0CDF921461A4800F0DBF9184800F09C
:10F1E000CCF96978164D061C4FF00102144818BF7F
:10F1F000012600F0C6F93C46284600F0D9F9D0B106
:10F20000284600F0DFF9C4B2F6E70021807802F06A
:10F210008FFC44F080010B4800F0B4FB002109484A
:10F2200000F0B0FB39460446A87802F081FCFF2CC0
:10F2300014BF0026052688F800403046BDE8F0815E
:10F24000847B0020787E002037B5044601210F2002
:10F2500002F02CFC1E4B40F20332C3F820270121A0
:10F260000F2002F065FC0A2002F032FB2578FDB188
:10F27000012D21D000238DF8063042F210739DF845
:10F280000620013B0132D2B29BB28DF80620002B42
:10F29000F5D10F220DF107012046FFF78BFF9DF8F6
:10F2A00007006938012894BF0020012003B030BD59
:10F2B000084800F0BBF9DDE7074800F0D3FB29461A
:10F2C000A07802F0F3FB2946A07802F031FCD1E7E8
:10F2D00000030050847B0020787E0020F8B505787C
:10F2E00004460F4616461DB1012D14D0002011E032
:10F2F0004178114800F03BF939460F4800F049F9D0
:10F3000031460D4800F045F90B4800F036F9003061
:10F3100018BF0120F8BD0021807802F009FC3946B1
:10F32000064800F02FFB3146044800F02BFB29462D
:10F33000A07802F0FDFBD9E7847B0020787E0020D6
:10F3400073B5054600268DF80560FFF77DFFAA7BA3
:10F350008DF80560012A044657D1AB8A642B1ED074
:10F36000C82B1ED0322B02D103238DF805302A8AF8
:10F370009DF80530042A17D0082A1AD0022A1BD17A
:10F380006A8A9DF80530B2F5D07F71D01ED81A2A4E
:10F3900068D014D80D2A34D043F0400333E0022360
:10F3A000E3E78DF80520E2E743F008038DF8053028
:10F3B000E6E743F00C03F9E743F00403F6E7342AE9
:10F3C00053D0D02AE8D143F050031CE040F602515C
:10F3D0008A4253D00AD840F241318A424BD040F29F
:10F3E0007C618A42D8D163F07F030CE041F60421AE
:10F3F0008A4246D043F212418A42CDD163F04F0394
:10F4000001E043F010038DF8053002AE102116F82C
:10F41000032D2846FFF762FF132231462846FFF7E7
:10F42000C9FE9DF80530EA7B03F07F03012A8DF8C1
:10F43000053004BF63F07F038DF805309DF805208B
:10F4400013212846FFF74AFF00238DF805302B795A
:10F45000012B34D1EB88F52B21D015D87D2B1BD077
:10F460000C231AE043F02003CDE743F03003CAE752
:10F4700043F06003C7E743F07003C4E763F06F0332
:10F48000C1E763F05F03BEE7B3F5FA7F42D0B3F59F
:10F490007A7FE5D1082300E002238DF805302A8920
:10F4A0009DF80530D02A4ED036D81A2A42D0342AB8
:10F4B00043D00D2A44D143F010038DF805309DF858
:10F4C000052011212846FFF709FF0F220DF1060143
:10F4D0002846FFF76FFE2B7E012B05D19DF80630E5
:10F4E000692B39D110232B8495F822307BB1192256
:10F4F0000DF107012846FFF75DFE9DF80720192151
:10F5000042F0200228468DF80720FFF7E7FE20464C
:10F5100002B070BD0423C0E740F241318A4215D0E9
:10F5200040F27C618A4214D0B2F5D07F08D143F01A
:10F530006003C2E743F02003BFE743F03003BCE7BA
:10F5400043F04003B9E743F05003B6E743F07003DC
:10F55000B3E763F07F03B0E76A2BC5D14FF4807344
:10F56000C1E7002070470368C9B21B68184749000B
:10F570000023C161C0F82C327047036801211B6B66
:10F58000184710B403689C6B0123A4465DF8044B34
:10F590006047D0F82C32B3F5807F1FBF5A1CC0F8EB
:10F5A0002C22C01880F82C1114BF012000207047B5
:10F5B000D0F8280170477047C0F830127047C0F883
:10F5C000341270470346D0F82801A8B1D3F8282197
:10F5D00082B1D3F824211A4492F82000D3F82421D0
:10F5E0000132D2B2C3F82421D3F82821013AC3F85A
:10F5F000282170474FF0FF307047D0F828312BB1E9
:10F60000D0F82431184490F8200070474FF0FF30B4
:10F610007047000010B5044B0360044600F50E70FF
:10F6200039F046F9204610BDE477070038B50446A6
:10F63000A82038F0CDFD94F9192094F9181005464A
:10F6400034F088FD656138BD7FB5044648200E461C
:10F6500038F0BEFD94F9192094F91810054634F0DD
:10F66000B3FD71002846256134F0CAFD094B0393B0
:10F67000094B01936946002304F50E700293009430
:10F6800039F084F8039B13B19B686846984704B02F
:10F6900070BD00BFC4770700CBF7020038B5D0F8C3
:10F6A0002C3214461A44B2F5807F88BFC3F58074AB
:10F6B000054600F596702246184444F013F8D5F834
:10F6C0002C322344C5F82C32204638BD38B50446C8
:10F6D00040690D4608B134F061FC206920B129462B
:10F6E000BDE8384034F08ABD38BD38B504464069BD
:10F6F00010B10368DB68984723696BB104F50E7598
:10F70000284639F0B3F8284639F0FAF8206948213C
:10F71000BDE8384038F074BD38BD1FB50246D0F89A
:10F720002C32D469406981F0010100913BB9012379
:10F7300003AA214634F063FCC0B204B010BD02F548
:10F740009672214634F03CFC002814BF02200020B1
:10F75000F3E770B5C2B083F00103009302AE044634
:10F760001546134649003246406934F048FCC8B992
:10F77000A84218D0D4F82831B3F5807F10D0D4F83F
:10F780002031325C234483F82020D4F82031013327
:10F79000DBB2C4F82031D4F828310133C4F8283161
:10F7A0000130E5E70025284642B070BD10B4D0E92D
:10F7B000013401686210E40701EB020048BF8A5877
:10F7C0005DF8044B48BFD358184730B50446BDB068
:10F7D0000025206934F01BFD0328FAD8DFE800F08B
:10F7E0004C021414D4F8343203B19847D4F82C22C4
:10F7F00032B104F59671206934F00DFDC4F82C5235
:10F80000206934F010FDE4E7C4F82051F022C4F878
:10F8100024516946C4F82851206934F0FAFC0022CA
:10F8200082421DDAD4F82831B3F5807F18D0D4F89D
:10F830002831B3F5807F11D0D4F820311DF80210A3
:10F84000234483F82010D4F820310133DBB2C4F80C
:10F850002031D4F828310133C4F828310132DFE7F0
:10F86000D4F82831002BB4DDD4F83032002BB0D0DE
:10F87000D4F828019847ACE702F03AF8A9E700006D
:10F8800010B5044600F049F984423BBF2401024B05
:10F890004FF0FF30185710BD8860002073B54FF44B
:10F8A0007A730025C0E901531A4B03600446C0E98E
:10F8B00004550176427629464FF48072203044F098
:10F8C0000FF8154BC4F82051C4F838322946C4F853
:10F8D0002451C4F82C52C4F82851C4F83052C4F84A
:10F8E0003452C4F8485204F51E7038F0A5FE04F5F1
:10F8F000237038F03FFE04F50E76084B0093304637
:10F900002B464FF40062182138F034FF204602B035
:10F9100070BD00BFE477070024BC0700D077070064
:10F92000F8B50420FFF7ACFF05460520FFF7A8FF58
:10F93000104C114E2946114D02462046FFF7AEFFEE
:10F9400032462946204638F034FA1120FFF798FF56
:10F9500007461020FFF794FF094C0246394620461F
:10F96000FFF79CFF324629462046BDE8F84038F0B4
:10F9700020BA00BF907800200060002015F6020039
:10F98000847B002010B586B0C3688DF80F1018680E
:10F99000012203680092DC680DF10F010DF11703DD
:10F9A000A0479DF8170006B010BDF8B5427A03686D
:10F9B00004460E46CFB29B680D0A62B93946984795
:10F9C000236860F307069B6829462046984760F342
:10F9D0000F26B0B2F8BD29469847236860F30F267A
:10F9E0009B6839462046984760F30706F1E713B550
:10F9F000C368186803680092DC680B46A04702B031
:10FA000010BD70477047C368186810B103685B6821
:10FA100018477047704773B543686D46994204466E
:10FA200085E806000E4604D1BDF8042003899A42F9
:10FA30000FD0E3689DF804201868082134F023FDF6
:10FA4000E3683146186834F03BFD0098AB8860608D
:10FA5000238102B070BD10B51421044638F0D0FBEC
:10FA6000204610BD73B5C568044625B9042038F09A
:10FA7000AFFBE0600560E3681B6883B9542038F091
:10FA8000A7FB4FF0FF3694F9123094F9102094F947
:10FA900011100096054634F0B1FCE3681D6002B019
:10FAA00070BD000038B50A20FFF7EAFE05460B20BE
:10FAB000FFF7E6FE04460920FFF7E2FE094B0A4A7B
:10FAC0001A60012100225A601A725972DA60987421
:10FAD0001D745C741846054A0549BDE8384038F085
:10FAE00068B900BF787E00203C78070000600020E5
:10FAF00015FA020030B5A1F11004002500F00F0244
:10FB0000D3B2092ACCBF373330338B73CD7302396C
:10FB10008C424FEA1010F1D130BD21207047000017
:10FB200030B5012185B00C2001F0C0FF01210C206F
:10FB300001F0FEFF4FF080430024C3F85C4503F55D
:10FB400088334FF48032C3F84823C3F80823A3F561
:10FB500070436D46C3F80045C3F80045094B0FCB11
:10FB600085E80F00234620464FF0FF3155F823204B
:10FB70000133042BC2F80005C2F86015F6D105B0B8
:10FB800030BD00BF7078070038B54FF0805504468F
:10FB90002146D5F8A800FFF7ADFFD5F8A40004F181
:10FBA0001001FFF7A7FF202038BD000072B64FF00C
:10FBB00080434E22C3F81C25BFF34F8F0549064BE7
:10FBC000CA6802F4E0621343CB60BFF34F8F00BFFB
:10FBD000FDE700BF00ED00E00400FA05C3680BB1CB
:10FBE0009B681847704770B590F834310546144645
:10FBF000F3B90368DB69984704F47063B3F5407F99
:10FC000004F0F0030CBF0721082104F00F02302B91
:10FC10000CBF02230123012A08D0901E4242424118
:10FC2000A869BDE87040006834F0E8BD0222F7E73B
:10FC300070BD10B590F8343104462BB9A36918682B
:10FC400034F004FE0028F9D010BD38B590F83451D6
:10FC50000446A5B983695BB1186848B10368DB68DD
:10FC60009847A3691D600421A06938F0C9FAA5610D
:10FC70000023C4F82431C4F82831C4F82C3138BD2D
:10FC800013B590F8343104466BBBA369186834F09F
:10FC9000CCFD40B337F04EFDA3691868036801221C
:10FCA0005B690DF107019847D4F82C31B3F5807FDB
:10FCB00016D0D4F82C31B3F5807F11D0D4F824318C
:10FCC0009DF80720234483F82420D4F824310133FD
:10FCD000DBB2C4F82431D4F82C310133C4F82C3110
:10FCE00037F03EFDD1E702B010BD00007FB590F8BF
:10FCF000343104460D46002B34D1866926B90420E0
:10FD000038F066FAA0610660A369186860BB4FF41A
:10FD1000807038F05DFA2B4694F9212094F9201078
:10FD2000064635F011F9A3691E6094F92220531C90
:10FD300006D0A06994F923300068032135F014F946
:10FD4000A369186870B10A4B03930022094B019311
:10FD500069460094029234F08AFD039B13B19B68BC
:10FD60006846984704B070BD294634F033FDDCE79F
:10FD70008078070081FC020010B4D0E901340168EA
:10FD80006210E40701EB020048BF8A585DF8044B9B
:10FD900048BFD3581847000008B590F834313BB13C
:10FDA000012001F095FD0648BDE8084001F034BA95
:10FDB00082691AB11368003318BF0123184608BDC1
:10FDC0009486002070B504460D4601F025FA30B146
:10FDD0002368294620461B6CBDE87040184770BD5B
:10FDE000A0F5A070EEE7000013B590F834318DF85F
:10FDF000071004462BB1C9B20B48FFF7E3FF02B06E
:10FE000010BDA369186834F021FD0028F9D0A3695A
:10FE10001868036801221B690DF10701984701303A
:10FE200018BF0120EBE700BF948600202DE9F041C8
:10FE300007468846164601F0EFF970B10024A64245
:10FE40000CD9351B402D28BF402508EB04012A465C
:10FE5000384600F0C9FE2C44F1E704462046BDE8D0
:10FE6000F081A0F5A070E1E770B590F83431054657
:10FE70000E4614462BB10F48FFF7D8FF0446204624
:10FE800070BDAB69186834F0E1FC0028F9D0AB69AB
:10FE90001868D0F8FC3001211B6BFC309847AB6927
:10FEA0001868036822461B6931469847013008BF2D
:10FEB0000024E4E79486002030B50446C3B001F086
:10FEC00025F9D4F85832C3F5807398420546C4BF6B
:10FED000D4F85852C5F580752A4601AB02A92046D0
:10FEE00000F06CFF019902AB6D1A00221D44D4F89A
:10FEF0005832B3F5807F19D08A4217D0D4F85832DF
:10FF0000B3F5807F10D0D4F85032A85C234483F836
:10FF10005001D4F850320133DBB2C4F85032D4F877
:10FF200058320133C4F858320132E0E743B030BDF3
:10FF300038B5044600F000FB2046FFF7BDFFD4F8BB
:10FF40005852204600F000FB284638BDA0F5A070AE
:10FF5000EEE7000010B590F8343104462BB10648A6
:10FF6000FFF7E6FF0446204610BD37F0E3FBD4F868
:10FF70002C4137F0F5FBF6E79486002038B50446AF
:10FF800000F0DAFA2046FFF797FFD4F858324BB169
:10FF9000D4F85432234493F85051204600F0D4FA58
:10FFA000284638BD4FF0FF35F7E7A0F5A070E5E72C
:10FFB00010B590F8343104462BB10B48FFF7DEFF43
:10FFC0000446204610BD37F0B5FBD4F82C313BB1C8
:10FFD000D4F82801044494F8244037F0C1FBF0E73A
:10FFE0004FF0FF34F9E700BF9486002038B504468F
:10FFF00000F0A2FA2046FFF75FFFD4F85832A3B111
:020000023000CC
:10000000D4F85432234493F85051D4F85432013385
:10001000DBB2C4F85432D4F85832013BC4F8583239
:10002000204600F091FA284638BD4FF0FF35F7E73B
:10003000A0F5A070DAE7000010B590F8343104465E
:100040002BB11148FFF7D2FF0446204610BD37F010
:1000500071FBD4F82C319BB1D4F82831234493F8A8
:100060002400D4F828310133DBB2C4F82831D4F8A5
:100070002C31013BC4F82C31044637F071FBE4E726
:100080004FF0FF34F9E700BF9486002008B54FF425
:100090008072002143F024FC0022C0F80021C0F847
:1000A0000421C0F8082108BD2DE9F843184C194F68
:1000B000276000254FF47A78C4E90158202604F11E
:1000C0002400C4E90565E561FFF7E0FF012307208F
:1000D00084F83431FFF7D4FB81460820FFF7D0FBCA
:1000E0000D4CFF2384F82100C4E9015804F12400D9
:1000F0002760C4E90565E56184F8209084F8223022
:1001000084F82330FFF7C2FF84F83451BDE8F88348
:10011000C87F002094780700907E002038B50546FF
:10012000064B45F8283B044634F00EFD2846FFF701
:1001300055FD204634F062FE204638BDA8AC0700CD
:10014000002070477047704710B5D0F88C452CB12F
:10015000236820465B689847A468F8E710BD38B567
:10016000D0F88C450D4634B1236820469B6829465B
:100170009847A468F7E738BD0048704764790700DE
:1001800010B5054B0360044636F003FA204636F0FE
:1001900019FA204610BD00BFE478070010B50446E8
:1001A000FFF7EEFF20464FF4B26138F029F8204601
:1001B00010BDF7B5D0F88C4505460E460023A4B116
:1001C00023683146DF680DF1030201AB2046B847D2
:1001D0009DF803100429034605D0019A284635F0FE
:1001E00035FC03B0F0BDA468E9E7019A9DF803105F
:1001F000F4E770B505460E4622B10021BDE8704017
:1002000035F020BAD0F88C455CB1236800221B6918
:1002100031462046984710B101212846EEE7A468F0
:10022000F2E72146F9E770B5D0F88C450E46054651
:1002300000213CB12368314620465B699847A46899
:100240000146F6E72846BDE8704035F0FBBAF8B540
:10025000D0F88C4505460E4617463CB1236820462B
:100260009B693A4631469847A468F6E7284601213B
:10027000BDE8F84035F044BB70B5002186B00446B7
:1002800035F0E0FD0023ADF8063023898DF81030FD
:100290001B0AA188E2888DF811304FF4897540F26D
:1002A0000123ADF80450ADF81230022540F20313DB
:1002B000EF268DF807508DF809508DF80C100125A8
:1002C000090A8DF80E20ADF81430120A04F10A0361
:1002D0008DF808608DF80A508DF80B008DF80D1020
:1002E0008DF80F2001AD05AE1C462A4603CAB24266
:1002F00018605960154603F10803F6D112881A8078
:10030000204606B070BDF8B5002406460D462746C7
:10031000304643F015FFA04207D9335D05F814308D
:1003200005EB440301345F70F2E7400000F0FE008B
:10033000F8BD38B5D0F88C55044635B12B68284641
:100340001B6A984710B9AD68F7E7284640F20233B8
:10035000A4F8483504F24A51FFF7D5FF94F8483520
:10036000184484F8480504F5A96038BD40F202330A
:1003700010B500F20A510446A0F808350548FFF709
:10038000C2FF94F80835184484F8080504F5A16004
:1003900010BD00BFC078070040F2023310B504461C
:1003A000A0F8C83400F2CA40FFF7EEFB94F8C83456
:1003B000184484F8C80404F5996010BD2DE9FF4184
:1003C00000238DF80A3090F888351B4A8DF80830E4
:1003D000012301928DF809303222C0238DF80B30B1
:1003E0008DF80C2001AB044600F54E7803CBC4F821
:1003F0003803C8F8041088F80820D4F88C6509255B
:100400008EB1336800211B6830469847478805F550
:100410004E73093F00F109013A46E01843F062F9D2
:100420003D44B668ECE784F83A5340462D1284F810
:100430003B5304B0BDE8F0810902FFFF73B50446E9
:100440000D46164638F03CFC4FF48073009301468D
:1004500033462A46204635F0BDFC024B2360204639
:1004600002B070BDE478070010B5D0F88C350446B2
:10047000A3B9C0F88C1594F888350B7194F88835B9
:100480004A79134484F888350B6808465B6A9847B4
:10049000238918442081012010BD13469A68002A40
:1004A000FBD19960E7E71FB5044635F08DFC0146A6
:1004B000684634F015FE4021684634F080FED4F8DA
:1004C0008C4534B123682046DB6969469847A468A7
:1004D000F7E7684634F00BFE04B010BD10B50446D3
:1004E000FFF7E1FF2046BDE8104035F0DDBB00001E
:1004F00010B50D4C2378BFF35B8FDB0712D4204679
:1005000037F06AFC70B148F2450242F686010748AE
:10051000FFF794FF204637F081FC054A0549034860
:1005200037F047FC014810BD008100200481002005
:10053000006000208101030010B5FFF7D9FF0368B8
:10054000BDE810405B6F184710B5FFF7D1FF036897
:10055000BDE810409B6F184710B5FFF7C9FF03684F
:10056000BDE81040DB6F184734F066BF34F028BF99
:1005700034F052BF704770477047436A93F8780071
:100580007047D0F824017047012070470048704739
:10059000C87A07002DE9F04F044697B00F464B226A
:1005A000002103A843F09CF9D4F82431267994F86B
:1005B0000EA094F80C90002B06F10105637B0193CB
:1005C00014BF05200020EDB2002F40F0978040F2CC
:1005D0000923ADF80C304FF48173ADF8103080234F
:1005E0008DF8133032238DF8143008238DF8153030
:1005F0000B2301218DF816308DF8250040F20223DF
:1006000042F205404FF0240C4FF0090E04274B2214
:10061000ADF818308DF8211002238DF82410ADF8B4
:1006200026004FF0100805208DF82A108DF82D10A7
:100630008DF82F104FF0030B06218DF80E208DF84A
:1006400017608DF81A308DF81DE08DF81F608DF859
:1006500022308DF823308DF82B008DF82CC08DF8CA
:1006600031C08DF832308DF833108DF834008DF8AC
:1006700035C08DF81E708DF829808DF82EB08DF85C
:1006800030708DF8361007218DF839108DF849102B
:1006900044F20201ADF84C1040F20751ADF8501091
:1006A0001D349DF804108DF837608DF838508DF8A2
:1006B0003A008DF842508DF84A008DF852108DF8AE
:1006C000533044F20306402340F6022503A9204696
:1006D0008DF83BA0ADF83C608DF83F808DF840E090
:1006E0008DF84170ADF844508DF84B908DF8543032
:1006F00042F0F8FF204617B0BDE8F08F0020FAE77F
:1007000038B505460A4B45F8D03B0446FFF7F0FEE6
:1007100035F03FFF284634F0EDFD04F17C0034F065
:10072000E9FD04F1700034F0E5FD204638BD00BF5E
:10073000887A070010B50446FFF7E2FF20464FF421
:10074000947137F05DFD204610BDFFF705BF000036
:1007500010B5034B0360044634F04AFC204610BD3C
:10076000AC79070010B50446FFF7F2FF20462821B8
:1007700037F046FD204610BD10B5034B036004461C
:1007800034F036FC204610BD7C79070010B50446D5
:10079000FFF7F2FF2046342137F032FD204610BD2E
:1007A00010B5034B0360044634F022FC204610BD14
:1007B0009479070010B50446FFF7F2FF2046382170
:1007C00037F01EFD204610BD38B51C4B0D4619688C
:1007D000C0F80F1099889B7943750446A0F8131050
:1007E00040220221284634F0E0FC402220730221FE
:1007F000284634F0DFFC402260730321284634F0A1
:10080000D4FCA073284634F073FC20B9AF220C4905
:100810000C4836F0E5FE002304F18502C4E93223DA
:1008200004F1D90284F8783084F8843084F8D83020
:10083000C4F81C21C4F8203138BD00BFC8790700B6
:10084000047A07006E7A07002DE9F34104460E464C
:100850001546FFF781FEF28823799A4237D1002DA1
:1008600035D17778012F2ED1F378202B27D13289FB
:10087000072A24D104F10F0804F116052946404641
:1008800042F0FEFED0B1D4F81630C4F80F30207C10
:10089000E17B638BA4F8133001EB0021607CE57CE5
:1008A000237F009501EB00412568A07C637501EB77
:1008B0000061237D627D6D6B2046A8473D46F3783D
:1008C000212B08BF0125284602B0BDE8F081002594
:1008D000F9E710B50446FFF73FFEFFF709FE217B5D
:1008E00035F0F4FC04F18503C4F8C8300023C4F8E3
:1008F000CC3084F8843004F17C0034F0B0FC94F8FF
:1009000084302BB923682046DB6BBDE810401847C4
:1009100010BD000070B50446FFF71EFED4F820514C
:100920002DB140F2DD120F490F4836F059FE04F1A7
:10093000D903C4F81C31FFF7DBFD617B35F024FCE3
:1009400084F8D850C4F8200104F1D00034F087FCBA
:1009500094F8D8302BB9236820469B6BBDE87040D3
:10096000184770BD047A0700D479070010B4D0E9A5
:10097000013401686210E40701EB020048BF8A58A5
:100980005DF8044B48BFD35818470000F0B5044643
:1009900087B002ADFFF7E0FD0026FFF7A9FDA17BC0
:1009A000009503234022059635F098F92846FFF775
:1009B00015F9FFF79DFD164B217B164F0095402240
:1009C000CDE9033602230597029435F087F92846CE
:1009D000FFF704F9FFF78CFD0F4B617B0095402278
:1009E000CDE9033602230597029435F077F92846BE
:1009F000FFF7F4F8FFF77CFD4023D4F81C21617B5E
:100A000035F064FB012084F8D80007B0F0BD00BFCA
:100A1000D3080300BC7907001509030038B5022389
:100A20004371002383600C4B044640F8703B15462D
:100A300034F008FC04F17C0034F004FC04F1D00034
:100A400034F000FCC4F82451FFF752FD2146FFF7B3
:100A50000BFD204638BD00BF887A070070B50446FC
:100A60000D46FFF779FD84F87850002D3ED194F8BB
:100A7000843033B1FFF73CFD217B35F0FFF984F87A
:100A8000845004F1850304F17C0600253046C4F847
:100A9000C830C4F8CC5034F0E2FB304634F0D8FB18
:100AA00028B9154915484FF4A27236F099FD94F80B
:100AB000D83033B1FFF71CFD217B35F0DFF984F826
:100AC000D85004F1D903C4F81C3104F1D005002337
:100AD0002846C4F8203134F0C2FB284634F0B8FB75
:100AE00020B94FF4A77204490548DEE704F170000D
:100AF000BDE8704034F0B3BB047A0700E279070028
:100B0000F379070010B50446FFF726FD20460021C3
:100B1000BDE81040FFF7A2BF38B50D460446FFF709
:100B20001BFD042D05D020460021BDE83840FFF70D
:100B300095BF38BDF8B5164604460D461F46FFF76B
:100B40000BFD04233370EA8823799A4225D1697812
:100B5000012922D1EA78212A08D0222A0BD0202A82
:100B60004FF000001BD13070163401E031700F34AB
:100B70003C600720F8BDAB8813F0010308BF19469D
:100B80002046FFF76BFFAB8803F00103E366AB88F9
:100B900003F00203A366022333700020EAE7032375
:100BA0003370E7E710B58AB00446FFF7C5FC684626
:100BB00034F012FA0A4B0093694604F1700009946C
:100BC00034F065FB2046FFF7BFFC064B00211A6896
:100BD000684634F04BFA6846FFF7BAFD0AB010BD1C
:100BE000AC790700D079070070B58EB01546044681
:100BF0000E46FFF7A1FC01A834F0EEF90E4B0C9560
:100C000001A9002504F17C000193CDE90A468DF885
:100C1000345034F03CFB2046FFF796FC074B294646
:100C20001A6801A834F022FA01A89DF83440FFF7B1
:100C3000A3FD20460EB070BD7C790700D079070077
:100C400010B50446FFF788FC94F884307BB9D4F8DB
:100C5000CC3063B1FFF74CFCD4F8CC30217B04F1ED
:100C6000850235F0D1FA10B1012384F8843010BD2B
:100C70002DE9F8431E460446894690469DF82070AB
:100C8000FFF75AFC0023336094F87830E3B194F80E
:100C90008430CBB9D4F8CC50C5F14005454528BFC8
:100CA0004546B8F1000F05D02A464946D4F8C80099
:100CB00042F018FDD4F8CC302B44C4F8CC30356069
:100CC00017B12046FFF7BCFF2046BDE8F843FFF709
:100CD0003BBCF0B50446406A90F8785085B00126D8
:100CE0002DB984F830503546284605B0F0BD04AB28
:100CF000002743F8047DD4E90A120096FFF7B8FFF5
:100D00000399E36AA26A5B1A0A44E362A26213B916
:100D100084F83060E8E7606AFFF792FF3D46E3E75A
:100D20002DE9F0431C4691B0904606468946FFF7F0
:100D300003FC002C08BF01AC4FF00005256002A8A1
:100D40000CBF0127002734F047F9104B029302A98A
:100D500006F1D000CDE90D84CDE90B698DF83C702A
:100D60008DF83D5034F093FA3046FFF7EDFB084B19
:100D700029461A6802A834F079F902A89DF83D4086
:100D8000FFF70EFD204611B0BDE8F083947907000F
:100D9000D079070010B5D0F8203104466BB990F82F
:100DA000D83053B9FFF7A4FB402304F1D902617B8B
:100DB00035F08CF9012384F8D83010BD70B51E468B
:100DC00004460023336094F878300846EBB194F879
:100DD000D830D3B9D4F82051D4F81C11954228BF8B
:100DE00015462A4642F07EFC3560D4F81C31D4F812
:100DF00020212B44551BC4F81C31C4F8205125B9BF
:100E00002046BDE87040FFF7C5BF70BD37B504464A
:100E1000406A90F878502DB984F83550012528465D
:100E200003B030BD02AB002243F8042DD4E90A120E
:100E3000FFF7C4FF0199A26A0A44A262226B1368F9
:100E40000B441360E36A01995B1A94F83410E3626F
:100E500009B9126802B91BB9012384F83530DEE7FD
:100E6000606AFFF797FF0025D9E76FF0150070471C
:100E700000290CBF6FF01800002070470120704758
:100E80006FF0150070476FF0150070471120704724
:100E900070477047704703689B6C1847A0F5A070B7
:100EA000F9E7704770477047704710B50446012056
:100EB00000F00EFD94F8780010BDA0F5A070F4E7E6
:100EC00038B54FF0FF320123FF210B480B4D37F0AF
:100ED0002AFB00F0DFFC044695F878301BB10120B6
:100EE00000F0F6FCF8E700F0D5FC001BC728F6D9A7
:100EF000BDE83840FEF75ABE4C8900209486002099
:100F000007B502AB012243F8041D1946FFF76CFE3A
:100F100018B1019803B05DF804FB4FF0FF30F9E71A
:100F2000A0F59470FFF7ECBF07B502A9002301F804
:100F3000013D0122FFF7F4FE20B19DF8070003B048
:100F40005DF804FB4FF0FF30F9E7A0F59470FFF770
:100F5000EBBF2DE9F8430446884617461E46089D18
:100F6000FFF7FAFAD4F87092B9F1000F04D02B46CB
:100F7000324639464046C847C4F86082C4F86472B5
:100F8000C4F86862C4F86C52BDE8F88370B50646D0
:100F9000FFF7E2FA06F51D740025D6F8B432AB422D
:100FA00008D92046103454F8043C1BB11B689847FC
:100FB0000135F2E770BD0000B0F5966F03D1012155
:100FC000014837F087BA70474C89002010B4D0E947
:100FD000013401686210E40701EB020048BF8A583F
:100FE0005DF8044B48BFD35818470000114B03F17C
:100FF000780270B50360C0F8282103F1D802E83305
:101000000446C0F82C21C0F8403100F51D7600F5EB
:101010002D75AE4204D0103D2846FEF7DFFDF8E7FF
:1010200004F5947035F0ACFF2046FFF769FB2046CD
:1010300070BD00BFFC7A0700A0F59470FFF7D6BF23
:10104000A0F59670FFF7D2BF10B50446FFF7CEFFAC
:1010500020464FF42E7137F0D3F8204610BDA0F58E
:101060009670FFF7F1BFA0F59470FFF7EDBF000099
:10107000F7B5044615461F460E4637F021FEBDF86B
:1010800024300193BDF8203000932A463B460146A8
:101090002046FFF7C3FC002104F5947035F046FFAD
:1010A0004FF47A73C4F84831174B236003F1780288
:1010B0000025C4F8282103F1D802E833C4F82C2114
:1010C000C4F84451C4F840314FF48072294604F505
:1010D000A87042F005FCC4F85052C4F88052C4F81D
:1010E0005452C4F89052C4F85852C4F8A052C4F8EC
:1010F000B052C4F8B452C4F8705216B12046FFF78B
:1011000051FD204603B0F0BDFC7A070038B5054616
:10111000FFF712FA95F8D8304BB9D5F82041402C9A
:1011200028BF40242846FFF70FFA204638BD002488
:10113000F8E7000070B5044686B0FFF7FDF92D4BC7
:10114000C4F870322046FFF7FFF92B4B05932B4B69
:1011500003932046002302940493FFF7EDF9D4F89B
:10116000B452032D13D804EB05166B1C06F51D763F
:10117000C4F8B4323046FEF731FD04EB0515059B8B
:10118000C5F880321BB15B6802A9304698472046FB
:10119000FFF7DAF902A8FEF721FDBC2037F018F8B6
:1011A0000026174B0360054631460661403037F094
:1011B00043FA05F1540037F0DDF9124B00934FF478
:1011C000807233462846182137F0D4FA0E4B059327
:1011D0000E4BC4F85C5202A92846CDE902360496AB
:1011E00037F0D4FA02A8FEF7F9FC2046FEF764FEB9
:1011F00006B070BDB90F0300E07A0700B9FE020027
:1012000024BC0700EC7A070044760700C10E0300F7
:10121000A0F5A070FFF78EBF90F87800704700002F
:1012200037B50F4C0F4D204637F04AF92A460E4984
:10123000204636F0BEFD0D4C42F212030122CDE9EC
:101240000032002211464FF4F8532046FFF710FFFA
:1012500007492A46204603B0BDE8304036F0A9BD14
:101260004C89002000600020DB840600948600206A
:10127000ED0F030008B541F05DF810B5029C401A6F
:10128000E41A6043521A90FBF2F0184410BD2DE9A5
:10129000F04F027D012A85B005460E4640F0908051
:1012A00000214FF0FF3B04460B465F4694F804C014
:1012B00048B2BCF1000F75D194F805C0BCF1000F25
:1012C00070D1B7F1FF3F1BBF01335BB2012338463A
:1012D000934201DD1A4683460131082904F10204D4
:1012E0005ED1002402EB0B03A1460293CB4502DC46
:1012F000029B4B4559DC95F8058095F804A04FEA10
:1013000028170AF00F03FAB25FEA2A1A019208F0CE
:101310000F0870D05FFA8AF1BAF1090FD4BF3031EB
:1013200057313046039300F0CAF8039B0444092B5D
:1013300094BF03F1300103F157013046039300F0ED
:10134000BEF80444BAF1000F02D1039B03B94FB1B8
:10135000092F019FD4BF30375737F9B2304600F01C
:10136000AEF80444B8F1090F94BF08F1300108F158
:101370005701304600F0A3F8B9F1070F044404D038
:101380003A21304600F09BF8044409F10109B9F113
:10139000080F05F10205A9D1204605B0BDE8F08F80
:1013A000074683E74FF0FF3096E7CB45EDD1BBF121
:1013B000000FE5D13A21304600F081F80444DFE720
:1013C00000F1100700F11309002417F8011B0A228D
:1013D000304600F0B1F82E218046304600F06FF81C
:1013E000B94540440444F0D10A22E97C304600F07B
:1013F000A3F80444D0E7002B99D1A8E710B5054B1A
:1014000003600446017510220021043042F068FA9E
:10141000204610BD187C070070B5074D0560837429
:1014200000259DF81030057545608560C560017424
:101430004274C37470BD00BF187C070007B501215A
:101440000648FFF7DBFF002300931A4619460448BD
:10145000FFF7E2FF03B05DF804FB00BF60890020E6
:10146000788900202DE9F04106460D4601EB02087F
:101470000C464445A4EB050707D0336814F8011B5C
:101480001B68304698470028F3D13846BDE8F08104
:1014900070B5044608460D4642F052FE23680246E7
:1014A000294620465B68BDE87040184709B1FFF740
:1014B000EFBF0846704708B5FFF7F8FF08BD03689F
:1014C0001B6818470149FFF7E3BF00BF57B9070082
:1014D00038B50546FFF7EAFF04462846FFF7F2FF56
:1014E000204438BD70B58AB00D460AA9002301F822
:1014F000043D012A98BF0A22B5FBF2F402FB145600
:10150000F3B2092E94BF30333733DBB2254601F8EE
:10151000013D002CF0D1FFF7C9FF0AB070BD10B437
:101520002AB903685DF8044B1B68C9B21847D2B2E8
:101530005DF8044BFFF7D6BFFFF7F1BF38B505469E
:10154000FFF7EDFF04462846FFF7BCFF204438BDF7
:1015500010B50446006808B141F080FD204610BD7A
:1015600010B50446006808B141F078FD00232360FF
:10157000C4E9013310BD38B504460D460068013199
:1015800042F00EFA10B1C4E90005012038BD03682D
:1015900010B5044623B143688B4201D3012010BD2E
:1015A0002046FFF7E8FF0028F9D0A368002BF5D10B
:1015B00022681370F3E770B50E46114604461546CF
:1015C000FFF7E5FF20B92046FFF7CAFF204670BDB0
:1015D0002A463146A560206842F084F82268A36854
:1015E0000021D154F2E738B500230446C0E90033A6
:1015F00083600D4639B1084642F0A2FD29460246F5
:101600002046FFF7D8FF204638BD38B505460846C6
:101610000C4642F095FD214602462846BDE838407A
:10162000FFF7C9BF884210B50B46044604D00968CD
:1016300021B19A68FFF7BFFF204610BDFFF790FF6A
:10164000FAE710B500230446C0E900338360FFF7D2
:10165000E9FF204610BD10B5044619B1FFF7D5FFCC
:10166000204610BDFFF77CFFFAE72DE9F041054663
:101670001746884619B900263046BDE8F0819AB170
:10168000846814442146FFF782FF06460028F2D002
:10169000AB6828683A461844414642F023F82B6864
:1016A000AC6000221A55E7E70126E5E738B50546A4
:1016B00008460C4642F044FD214602462846BDE855
:1016C0003840FFF7D2BF09B1FFF7F0BF08467047B7
:1016D00007B502AB012203F8011D1946FFF7C5FF4C
:1016E00003B05DF804FB10B58A6809680446FFF78B
:1016F000BCFF10B92046FFF733FF204610BD10B5E0
:10170000044621B92046FFF72BFF204610BDFFF706
:10171000DAFF0028F6D0F8E703680A46096863B1E3
:1017200041B9806860B118787047906840B1087816
:1017300040427047184642F087BB0029F5D1084661
:10174000704708B582688B689A4205D1FFF7E4FFBD
:10175000B0FA80F0400908BD0020FCE7884270B56F
:1017600015D083688A6893420FD183B104680D68ED
:10177000013C14F8010F50B144F056F8064615F834
:10178000010B44F051F88642F3D0002070BD0120D7
:10179000FCE70000F8B59A420F461D460C4988BF89
:1017A00013461446064684BF2C461D46FFF71BFF12
:1017B000BA68A2420AD93968AA4294BFC4EB0202AD
:1017C000C4EB050221443046FFF7F5FE3046F8BD74
:1017D00084B5070010B504683CB1013C14F8010F52
:1017E00018B144F02FF82070F8E710BD70B58AB03A
:1017F00061B1931E222B20D801AB1D4648B9AB42E4
:1018000007D00A46AB4213D80023137008460AB02B
:1018100070BDB0FBF2F402FB1406092E204603F162
:101820000103F4B294BF3034573403F8014CE5E7B8
:1018300013F8010D02F8010BE4E70021E6E7FFF7DA
:10184000D5BF000010B500F045F8FEF769F9FEF7C6
:101850004FFEFEF743FE4FF4E1310648064CFFF71A
:1018600069FCF5F717FFF6F793F8002CFBD0AFF300
:101870000080F8E7948600200000000010B50446C0
:1018800033F0F8F9204610BD10B5044633F0F2F9F4
:10189000204610BD07B50749684633F028FA4FF4D3
:1018A0007A720023DDE900013DF0E8FF03B05DF846
:1018B00004FB00BF9089002007B50449684633F057
:1018C00016FA009803B05DF804FB00BFA889002059
:1018D00036F0E2BE08B5044833F0D6F90348BDE857
:1018E000084033F0D1B900BFA889002090890020BA
:1018F00036F0E4BE38B50A4C0A4D204633F03EFAC5
:101900002046094C09492A4636F053FA204633F05E
:1019100040FA2A4620460649BDE8384036F049BA22
:10192000A889002000600020908900208918030009
:101930007D180300F8B52DED028B074608EE101A4E
:10194000FEF7EBF8874235D2204B214C1A68012371
:101950009340013B3E0107EE903AA319B8EEC88AC6
:10196000F8EEE77A9D68C8EE278AA5B9FEF7D5F8A4
:1019700087424FF02C0034BFA7574FF0FF3736F0A7
:1019800027FC3946054632F098FCA31902219D60D8
:10199000284632F058FCF5EEC08AF1EE10FA0CD56C
:1019A000284632F0AEFC34442C21284636F028FC80
:1019B0000023A360BDEC028BF8BD18EE901ABDECBD
:1019C000028B2846BDE8F84032F02FBC9C62002014
:1019D0008860002070B50446FEF79FF8844202D369
:1019E0004FF0FF3070BDFEF798F88442F8D2230123
:1019F000104AD656731CF3D00F4D05EBC4056C6826
:101A00007CB90C2036F0E4FB0C4A3146044632F037
:101A100029FA0B4B6C601B781BB10A49204632F047
:101A2000E9F9204632F0F9F9074B1B68C3F11003BE
:101A30001841D7E788600020506000200000C07F78
:101A40008C7E00204460002098620020014B1860CA
:101A5000704700BF9862002008B590F900305A1C0A
:101A600004D121220E490F4835F0BAFD012259B1A7
:101A70001F2B86BF03F01F030B494FF0A04102FA52
:101A800003F3C1F8083508BD1F2B86BF03F01F0301
:101A900005494FF0A04102FA03F3C1F80C35F2E713
:101AA0001C7C0700AD7C0700000300502DE9F843C3
:101AB0001E4D0601AB190446D868884610B10121B5
:101AC00036F09EFBFEF729F884424FF0010034BF48
:101AD00015F906904FF0FF3936F07AFB00270770B2
:101AE00049463544044634F02CFEB8F1010FEC6051
:101AF00011D007D3B8F1020F12D0204632F0DDF931
:101B0000012103E0204632F0D8F939462046BDE8ED
:101B1000F84332F0DFB92046BDE8F84332F0C0B9EF
:101B2000204632F0CAF90321F0E700BF88600020A8
:101B30002DE9F34107468846FDF7EFFF874221D2A2
:101B4000124C3E01A319DD68ADB9FDF7E6FF8742EF
:101B50004FF0010034BFA7574FF0FF3736F038FB86
:101B600034440023054603700122CDF80080394635
:101B700034F0F1FDE5604146284602B0BDE8F04191
:101B8000FFF76ABF02B0BDE8F08100BF88600020A7
:101B9000F7B50746FDF7C1FF87421FD2104C3E0143
:101BA000A319DD68A5B9FDF7B8FF87424FF0010022
:101BB00034BFA7574FF0FF3736F00AFB34440023F9
:101BC000054603701A460093394634F0C4FDE560BB
:101BD000284637F0BDFDC0B203B0F0BD0020FBE7E2
:101BE000886000201EF0040F0CBFEFF30880EFF3B5
:101BF0000980816911F8021C002932D101B590E8F1
:101C00000F10E047BDE800508CE80300244B93E838
:101C10000600914208BF70471A6041B91EF0100FCC
:101C200010D1204B186820F0010018600AE02CE960
:101C3000F00F1EF0100F08BF2CED108A81F822E083
:101C4000C1F838C0906B92F8221061F0FF0E1EF0C0
:101C5000100F08BFB0EC108AB0E8F00F80F30988CD
:101C60007047114A13689942FAD801B552F821C059
:101C70000FC8E047BDE80050CCF80000704701B540
:101C800001F030FBBDE80140EFF3098CBEE701B580
:101C900001F0ECFABDE80140EFF3098CB6E7000073
:101CA000B462002034EF00E08C7D070008B50146E7
:101CB00030B96FF0030000F0F2F96FF0030008BDD7
:101CC000132001F0B1FE30B94FF0FF3000F0E7F91A
:101CD0004FF0FF30F3E70020F1E7000008B5EFF325
:101CE00005832BB9EFF3108313B9EFF3118333B1ED
:101CF0006FF0050000F0D3F96FF0050008BDDFF8C4
:101D000008C000DFFAE700BFAD1C0300EFF310834B
:101D10002BB9EFF31180003818BF01207047012064
:101D20007047000038B538B3846805686CB114F0AA
:101D3000030302D1C2680F2A13D86FF008010020F4
:101D400002F0D0F80024204638BDC368002BF4D13F
:101D5000104BD3F8900088B100F0FCFB0446A0B112
:101D60000123A3700023C4E90233F322094B22703C
:101D7000094A65605A66E6E70546E9E7D3F8800058
:101D80000122102100F072FBE8E76FF0040102F07D
:101D9000A9F8D8E7A0620020751E030070B50546BB
:101DA00010B10378F32B07D028466FF0030102F03F
:101DB00099F86FF0030070BD836863B1284601F0A5
:101DC000EDFB00226FF0020101F086FDA8680028FB
:101DD000F4D101F06BFCAB78002613F001032E70F8
:101DE0000FD0094BD3F89040294624B1204600F08B
:101DF000CBFB3046DFE7D3F8800000F06CFB2046D9
:101E0000D9E71846D7E700BFA0620020930710B5B6
:101E100002F0010422D400F10C0384B153E8000F56
:101E200000EA01028A4203D0BFF32F8F002005E0B1
:101E300020EA010243E8002404B1EFE710BD53E8B3
:101E4000000F084203D1BFF32F8F002005E020EAE6
:101E5000010243E8002404B1F1E7EFE7C06801EABA
:101E600000031CB18B4218BF0020E7E7002B08BF1E
:101E70000020E3E7F8B58468054604B9F8BD94F896
:101E80002320616AA7682846FFF7C0FF064638B1DD
:101E9000204601F08CFB00223146204601F01CFD5B
:101EA0003C46EAE7F8B50D4617461E46044620B103
:101EB0000378F32B01D1002907DA20466FF00301E4
:101EC00002F010F86FF00300F8BDFFF79FFF002845
:101ED000FAD186B13146432001F0A6FD40B1074B4F
:101EE0005E692046314601F047FB756286F8237033
:101EF0006FF00100E8E76FF00200E5E7A062002064
:101F00002DE9F041064620B10378F32B01D10029D9
:101F100009DA6FF00301304601F0E4FF6FF00305CA
:101F20002846BDE8F08100F10C0353E8002F42EA97
:101F3000010543E8005000B1F7E7B4681CB920463A
:101F400001F0B4FBECE794F82320616AD4F8088030
:101F50003046FFF75BFF074678B194F823309B07C4
:101F600056BF656A054620EA0505204601F01FFBBD
:101F700000223946204601F0AFFC4446DEE700006F
:101F800008B50246EFF3058333B100206FF0050179
:101F900001F0A8FF002008BDFFF7B8FE0028F4D12B
:101FA000DFF808C0104600DFF5E700BF251D03007D
:101FB00038B502460D46EFF305834BB192B96FF089
:101FC0000301104601F08EFF6FF00304204638BD78
:101FD000FFF79CFE0028F1D1DFF830C0104600DF8B
:101FE0000446F3E71378F32BE9D1002DE7DB02F188
:101FF0000C0353E8001F41EA050443E8004000B128
:10200000F7E7104601F0B6F9E0E700BF011F030053
:10201000F8B504460E4617461D46EFF3058343B157
:102020008CB920466FF0030101F05CFF6FF00300F4
:10203000F8BDFFF76BFE0028F2D1DFF82CC0204678
:102040002B4600DFF4E72378F32BEAD1002DE8D10B
:10205000002EE6DB3A4631462046FFF7D7FE002841
:1020600008BF6FF00200E3E7A51E030008B50246B3
:10207000EFF305833BB110466FF0050101F032FF2D
:102080006FF0050008BDFFF741FE0028F3D1DFF82F
:1020900008C0104600DFF5E79D1D0300704770473C
:1020A000EFF310832BB9EFF31180003818BF012034
:1020B0007047012070470000064BDA6A3AB1D069D8
:1020C0005B6C1BB11B69984228BF184670474FF0E4
:1020D000FF30F5E7A062002070B5464C237A012B53
:1020E00000F0858033B14FF0FF3001F0EFFE4FF08C
:1020F000FF3070BD404DD5E90B61EB68E3652B8A7D
:10210000A4F854303046AB68236400F097F908B166
:10211000C4F88060D5E90561304600F08FF908B950
:10212000D4F880606667D5E90761304600F086F92B
:1021300008B9D4F88060A667D5E90961304600F097
:102140007DF908B9D4F88060E6676E6B3EB1D6E9D8
:1021500002233168304600F0DCF9C4F88460AE6BCD
:102160003EB1D6E902233168304600F0D2F9C4F816
:102170008860EE6B3EB1D6E902233168304600F04C
:10218000C8F9C4F88C602E6C3EB1D6E902233168E0
:10219000304600F0BEF9C4F890606E6C3EB1D6E9EE
:1021A00002233168304600F0B4F9C4F89460AE6C94
:1021B0003EB1D6E902233168304600F0AAF9C4F8EE
:1021C0009860EE6C3EB1D6E902233168304600F0EB
:1021D000A0F9C4F89C602D6D3DB1D5E902232968B2
:1021E000284600F096F9C4F8A0500123237200207D
:1021F0007FE700BFA06200201C7D070070B5254D61
:102200002B7A012B07D06FF0060001F05FFE4FF034
:10221000FF34204670BD01F04BFC10B94FF0FF3089
:10222000F3E71D4A1D4E1E497068FF2382F82230D5
:1022300092F82230D26863F0FF03DB4314BFB3FA95
:1022400083F32023C3F12003C2F30222934298BFF9
:10225000531CFE2202FA03F30F4ADBB2D37701F0DC
:1022600091FE04460028D9D101F0E0FE286101F07A
:10227000C9FE0C4801F092F901F010FA3368DB074F
:102280004CBF0223032383F31488BFF36F8F022311
:102290002B72BEE7A062002000ED00E01C7D07006D
:1022A0008F1C0300BC62002010B50F4C237A022B58
:1022B00013D101F0AFFE01236372BFF34F8F0B4ABE
:1022C0005168C90042BF4FF000615160A3720423FE
:1022D0002372BDE81040FFF7EFBE6FF0070001F07A
:1022E000F5FD002010BD00BFA062002000ED00E061
:1022F00038B51E4C237A042B054635D1FFF7DCFE9A
:10230000E26A854203462CBF00F1FF332B4612B12F
:10231000D069C01AD061626C12B11069C01A106124
:10232000E26813441544E360E3689D4213D102233D
:102330000020237201F0BAF900236372BFF34F8FBC
:10234000A27A22B1A3720A4B4FF080525A60BDE8C4
:10235000384001F057BE0133E36001F065F9236DA9
:10236000002BE1D09847DFE738BD00BFA062002016
:1023700000ED00E0704738B504460D46FFF78EFECD
:1023800029462046BDE8384001F062BD08B5FFF798
:10239000F1FFEFF3058333B16FF0050001F096FD17
:1023A0006FF0050008BDFFF77BFE0028F4D1DFF8D1
:1023B00008C000DFF6E700BFD920030008B5EFF33F
:1023C000058333B16FF0050001F080FD6FF005006B
:1023D00008BDFFF765FE0028F4D1DFF808C000DF74
:1023E000F6E700BFFD21030008B5EFF305832BB12D
:1023F0006FF0050001F06AFD002008BDFFF750FEF8
:102400000028F5D1DFF804C000DFF6E7A9220300B9
:1024100008B50246EFF305832BB1BDE808406FF025
:10242000050001F053BDFFF73BFE0028F5D1DFF8B2
:1024300008C0104600DF08BDF122030010B598B1B6
:1024400040EA010313F007030ED117290AD90160EE
:10245000083910220C1884604260435081684A6039
:10246000C3600123184610BD0023FBE770B580B39D
:1024700099B132F003032CD10F3121F0070600F19E
:102480000804234624685D68E11A25F00305491B0A
:102490008E4204D921680029F3D1084670BD016835
:1024A000456801443544456051F8040C08398542BB
:1024B00088BF4D605868324318B95A6003F108016B
:1024C000EBE720F0030019181C504A60196008312E
:1024D000E3E70021E1E710B580B1C1B1A1F1080443
:1024E00000F108030022A34209D1596821F0030436
:1024F0004168091B41603AB95A60012010BD196852
:102500001A4621B10B46EEE71B681360F5E7084653
:10251000F4E730B5C0B189B1C2B1CBB10024C0E994
:10252000014202FB01F41D190160C36043610561B2
:102530001846013904D1A41A19510121084630BDA9
:10254000851805602846F4E70146F7E71146F5E7E8
:102550001946F3E710B50346A8B100F1140252E89A
:10256000000F10B9BFF32F8F04E0016842E8001498
:1025700004B1F4E738B1043353E8002F511C43E8A9
:10258000001404B1F8E710BD30B5F0B1C3688B4258
:102590001BD803698B4218D900F114031A680A602A
:1025A000BFF35F8F53E8002F0C689442F6D143E8E5
:1025B000001505B1F2E7043050E8003F5A1E40E82C
:1025C000002101B1F8E7002030BD6FF00300FBE708
:1025D000EFF310832BB9EFF31180003818BF0120FF
:1025E000704701207047D1E9013223B19A608A68AF
:1025F0001AB153607047C262F9E703637047000085
:102600002DE9F84F8846074638B131B1B0FA80F16C
:10261000B8FA88F30B441F2B06DC6FF0030100208F
:1026200001F076FC002470E008F1030626F00306B2
:102630000C3606FB00F9F2B19468D2F800A0D2E99A
:1026400004513CB1A30702D1D368332B05D86FF0F6
:102650000801E4E7D368002BF9D13DB115F003037D
:1026600001D1894556D96FF00901D8E70029FAD17F
:102670001CB18B460DE092461546284BD3F8A000BE
:10268000E0B1FFF767FF0446A8B1002D40D14FF03D
:10269000010B224B0022D86F4946FFF7E7FE0546A3
:1026A000C0B9BBF1000F06D01C4BD3F8A0002146E7
:1026B00058B1FFF769FF6FF00401B0E7D3F880006D
:1026C00001223421FFF7D2FEDDE7D3F88000FFF7C7
:1026D00002FFF0E74A46002141F002F94BF0020305
:1026E000FA22A3700023C4E90983C4E90B332270E2
:1026F000A36032462B46C4F804A0394604F10C000E
:10270000FFF707FF054B064A1A672046BDE8F88F1A
:102710000123E5E7002CE3D1AFE700BFA062002072
:10272000B127030010B500F1280353E8002F12B9B8
:10273000BFF32F8F04E0511E43E8001404B1F4E707
:102740000AB9002010BDC06A01220028F9D0811CFE
:10275000D1E84F3FC1E8442F04B1F9E7DBB2002BC9
:10276000F0D08068F1E7036B30B5E3B1CD78002499
:10277000DA78AA420FD31A46C1E901248AB19160DE
:10278000A4B16160283050E8003F5A1C40E80021A5
:1027900001B1F8E730BD5A681C46002AECD0134658
:1027A000E6E7C162ECE7C1E90133C1620163E9E731
:1027B000F8B5877804468FB3C568014600272846D8
:1027C000FFF711FF277005F10C042046FFF7DCFE30
:1027D000AB68002B48D02046FFF7BCFE044600281B
:1027E00042D0284600F0DAFE3A460646394601F065
:1027F00073F8304600F048FF6A6A8168064604F1C3
:102800000C0040F06FFFF9232370A770F368E370AA
:1028100021462846BDE8F840FFF7A5BF8568AB68AC
:10282000002BF5D05B78832BF2D1284600F0B6FE62
:102830003A460646394601F04FF8304600F024FF8C
:1028400006466A6A806804F10C0140F04BFFF368A9
:102850000BB1E2781A7000232370214605F10C00B9
:10286000BDE8F840FFF790BEF8BD00002DE9F0414B
:102870000C4617469846054618B10378FA2B00D146
:1028800041B928466FF0030101F042FB6FF00300ED
:10289000BDE8F0818368C3B15B78832B15D100F06C
:1028A0007DFE01220646002101F016F8304600F0B8
:1028B000EBFE06466A6A8068214640F013FFF06826
:1028C0000028E5D007700020E2E705F10C00FFF7D3
:1028D00041FE064670B121466A6A0C3040F002FFA4
:1028E0000024F9233370B470F77031462846FFF79F
:1028F0003AFFE8E7B8F1000F10D04146932001F00D
:1029000093F840B1074B2846596900F035FEEFF3C4
:102910000983C3E902476FF00100B9E76FF00200D5
:10292000B6E700BFA06200202DE9F0410F46154632
:102930009846044618B10378FA2B00D141B92046D5
:102940006FF0030101F0E4FA6FF00300BDE8F081DD
:10295000FFF7E8FE064600283AD001462046FFF77A
:1029600042FE626A06F10C01384640F0BBFE0DB132
:10297000F3782B70002504F10C073570314638468A
:10298000FFF702FEA3680BB90020DFE73846FFF728
:10299000E1FD06460028F7D0204600F0FFFD29465D
:1029A0000746012200F098FF384600F06DFE626A8B
:1029B0008168074606F10C0040F094FEF92333705D
:1029C000B570FB68F37031462046FFF7CCFEDBE7BD
:1029D000B8F1000F10D04146832001F025F840B136
:1029E000074B2046596900F0C7FDEFF30983C3E99F
:1029F00002756FF00100A9E76FF00200A6E700BFC3
:102A0000A062002008B5064B08219A6ED86EFFF729
:102A1000F7FD044BD864B0FA80F04009404208BD8D
:102A20001C7D0700A06200202DE9F04106460F46FC
:102A300090461C46EFF305834BB196B930466FF0D4
:102A4000030101F065FA6FF00300BDE8F081FFF7C4
:102A5000BFFD0028F1D1DFF84CC03046234600DF2F
:102A6000F3E73378FA2BE9D1002FE7D0002CE5D13A
:102A700006F10C00FFF76EFD054680B1726A39461B
:102A80000C3040F02FFEF9232846C5E901762B7063
:102A9000AC7085F8038000F06DFC2046D5E76FF040
:102AA0000200D2E76D280300F8B504460F4616462B
:102AB0001D46EFF3058343B18CB920466FF0030147
:102AC00001F026FA6FF00300F8BDFFF781FD002842
:102AD000F2D1DFF848C020462B4600DFF4E7237828
:102AE000FA2BEAD1002FE8D0002DE6D12046FFF7DF
:102AF00019FE054670B100F10C01626A384640F0DB
:102B0000F1FD0EB1EB7833702846EC6000F032FC3A
:102B10000020D9E76FF00200D6E700BF29290300A3
:102B2000EFF310832BB9EFF31180003818BF0120A9
:102B3000704701207047000070B5A8B38468D0E9E1
:102B400000566CB114F0030302D1C2681B2A1AD8D4
:102B50006FF00801002001F0CBF90024204670BD81
:102B6000C368002BF4D1124BD3F8940030B9D3F8DA
:102B7000800001221C21FFF779FC01E0FFF7EAFC4D
:102B8000044660B10123F522A3700023C4E9023397
:102B9000C4E904332270E67065602376DEE76FF0E7
:102BA000040101F0A5F9D9E705460646DBE700BFB9
:102BB000A0620020284B70B55D6904460E4635B909
:102BC0006FF0070101F094F94FF0FF3070BD10B1C4
:102BD0000378F52B07D020466FF0030101F088F948
:102BE0006FF00300F2E7037E53B9C0E90353EB6AC9
:102BF000436103B11861EC62012323760020E5E70D
:102C0000C278D1070DD5C168A9420AD1FF2B06D1E0
:102C10006FF00F0101F06CF96FF00200D6E701339D
:102C2000EBE7002EF8D093070AD5E06895F920303D
:102C300090F920209A4203DA80F8203000F0C0FC9E
:102C40003146532000F0F0FE18B12946204600F02E
:102C500093FC6FF00100B9E7A06200202E4B5A6987
:102C600070B5044632B96FF0070101F041F94FF039
:102C7000FF3070BD10B10378F52B07D020466FF000
:102C8000030101F035F96FF00300F2E7037E33B979
:102C90006FF00E0101F02CF96FF00200E9E7C16856
:102CA000914202D06FF00D01F4E7013BDBB20376F5
:102CB00013BB43690BB1016919612169F1B14B6122
:102CC00092F92130D56ADDB982F82030A36883B14A
:102CD000204600F063FC06462A46294600F0FCFD2B
:102CE000F36A6361C4E9036503B11C610123F46203
:102CF0002376002000F0DAFC0020BAE7D362DFE799
:102D0000E978890706D5A96821B191F920108B428D
:102D1000B8BF0B466D69D6E7A062002070B50446C7
:102D200010B10378F52B07D020466FF0030101F0B6
:102D3000DFF86FF0030070BD037EBBB16369C0684C
:102D40000BB122691A61226902B3536190F9212003
:102D5000C36AEBB990F92030934203D080F8202069
:102D600000F02EFCA068F8B900F0A0FCA0780026C6
:102D700010F001002670DED0134BD3F8945021469A
:102D8000DDB12846FFF700FC3046D4E7C362DDE73B
:102D9000D978890706D5996821B191F920108A421E
:102DA000B8BF0A465B69D4E7204600F0F7FB002273
:102DB0006FF0020100F090FDD4E7D3F88000FFF738
:102DC0008AFB2846B7E700BFA06200202DE9F0414A
:102DD0000446002601270CB9BDE8F081E378D4F859
:102DE00014801B0712D5A36826767BB1204600F01D
:102DF000D5FB00220546114600F06EFDEB6A6361CB
:102E0000C4E9035603B11C61EC6227764446E2E74D
:102E100010B4C3789B071DD5C06890F92120C36A00
:102E2000DC78A40709D59C688C4208BF8C6824B163
:102E300094F92040A242B8BF22465B69002BEFD133
:102E400090F92030934205D080F820205DF8044BA3
:102E500000F0B6BB5DF8044B7047000008B50246B1
:102E6000EFF3058333B100206FF0050101F040F866
:102E7000002008BDFFF754FE0028F4D1DFF808C099
:102E8000104600DFF5E700BF392B030008B5024606
:102E9000EFF305833BB110466FF0050101F028F810
:102EA0006FF0050008BDFFF73BFE0028F3D1DFF807
:102EB00008C0104600DFF5E7B52B030008B5024651
:102EC000EFF305833BB110466FF0050101F010F8F8
:102ED0006FF0050008BDFFF723FE0028F3D1DFF8EF
:102EE00008C0104600DFF5E75D2C030008B5024678
:102EF000EFF305833BB110466FF0050100F0F8FFDA
:102F00006FF0050008BDFFF70BFE0028F3D1DFF8D6
:102F100008C0104600DFF5E71D2D0300EFF3108316
:102F20002BB9EFF31180003818BF01207047012042
:102F300070470C30D0E85F3F13B9BFF32F8F04E028
:102F40005A1EC0E8512F01B1F4E798B2003818BFFB
:102F50000120704730B500F10C02C189D2E85F3F13
:102F6000994202D8BFF32F8F04E05C1CC2E8554F92
:102F700005B1F3E7C0899BB2984294BF00200120BD
:102F800030BD0000F8B50E464FF6FE73411E994263
:102F9000054601D8B04207D26FF00301002000F0CF
:102FA000ADFF00242046F8BD1AB39468176844B1F9
:102FB00014F0030302D1D2680F2A0ED86FF0080173
:102FC000ECE7D368002BF9D1114BD3F8980090B1FE
:102FD000FFF7C0FA0446A8B10123A3700023F6222C
:102FE000A3600B4B22700B4A6760A681E5819A664D
:102FF000D8E71746E8E7D3F8800001221021FFF751
:1030000035FAE7E76FF0040100F078FFCAE700BF88
:10301000A06200208930030070B5054610B1037826
:10302000F62B07D028466FF0030100F067FF6FF022
:10303000030070BD836863B1284600F0AFFA002238
:103040006FF0020100F048FCA8680028F4D100F0FD
:103050002DFBAB78002613F001032E700FD0094B27
:10306000D3F89840294624B12046FFF78DFA304620
:10307000DFE7D3F88000FFF72EFA2046D9E718469D
:10308000D7E700BFA0620020836810B504465BB19B
:10309000FFF74FFF40B1204600F080FA0022BDE864
:1030A0001040114600F018BC10BD38B5054610B1EF
:1030B0000378F62B07D028466FF0030100F01EFFBF
:1030C0006FF0030038BD84683CB100F067FA01225C
:1030D000002100F001FC0020F4E7FFF73BFF38B9C6
:1030E00028466FF0100100F009FF6FF00200E9E7D9
:1030F0002046E7E738B50D46044610B10378F62BB5
:1031000007D020466FF0030100F0F8FE6FF00300D7
:1031100038BDFFF70EFF68B975B12946632000F08E
:1031200083FC20B1064B2046596900F025FA6FF068
:103130000100EDE70020EBE76FF00200E8E700BFD9
:10314000A062002010B50446EFF3058333B10020E0
:103150006FF0050100F0D2FE002010BDFFF7DEFE8B
:103160000028F4D1DFF808C0204600DFF5E700BFF3
:10317000852F030010B502460C46EFF3058343B1DB
:1031800082B910466FF0030100F0B8FE6FF0030043
:1031900010BDFFF7C3FE0028F2D1DFF824C01046AF
:1031A00000DFF5E71378F62BEBD1002CE9D11046C0
:1031B000FFF7BFFE002814BF00206FF00200E7E712
:1031C000F530030010B50446EFF3058343B184B92D
:1031D00020466FF0030100F091FE6FF0030010BD78
:1031E000FFF79CFE0028F2D1DFF830C0204600DF58
:1031F000F5E72378F62BEBD12046FFF7ABFE20B1A5
:10320000204600F0B7F80020E9E720466FF01001F3
:1032100000F074FE6FF00200E1E700BFAB30030086
:1032200008B50246EFF305833BB110466FF0050188
:1032300000F064FE6FF0050008BDFFF76FFE002888
:10324000F3D1DFF808C0104600DFF5E719300300BE
:1032500010B5D0E85F3F5A1C914200D80022C0E868
:10326000542F04B1F5E798B210BD000038B51C4CDE
:1032700000F0D6FEE3680133E36000F0D5F90020EA
:1032800000F014FA236D03B19847226C32B3A3699E
:10329000E06BD969984202D0E36301B9DA61DA6977
:1032A000C2B9237A022B19D1656ABDB1E36B95F9D6
:1032B000202093F920309A4210D1284600F077F967
:1032C000E06B00F08FF9284600F0E8F9236CE56325
:1032D000EB6103E0013ADA61002AE2D038BD00BFB9
:1032E000A062002070B5224C04F1560504F15A0684
:1032F000B4F85410D5E85F3F13B9BFF32F8F04E043
:103300005A1EC5E8502F00B1F4E79BB25BB33046BC
:10331000FFF79EFFE36D53F8200020B30378F13BE5
:10332000082BE5D801A252F823F000BF5133030067
:10333000F132030057330300F1320300F13203008E
:103340005B3303005F330300F13203006333030098
:10335000236E9847CCE7636EFBE7A36EF9E7E36E55
:10336000F7E7236FF5E7BDE87040002000F09EB955
:10337000A062002070B5164C0546B4F8541004F154
:103380005602D2E85F3F994202D8BFF32F8F04E084
:10339000581CC2E8560F06B1F3E79BB2994205D814
:1033A00029460220BDE87040FEF7E5BF04F1580051
:1033B000FFF74EFFE36D43F82050637A23B9054BC6
:1033C0004FF080525A6070BD0123A372FBE700BF2B
:1033D000A062002000ED00E0EFF310832BB9EFF3C3
:1033E0001180003818BF0120704701207047037812
:1033F000F12B00D07047C068F9E7000010B5C46930
:10340000621CD0E904310CD103B1596142691AB18F
:1034100013610023436101E0074A13630023C36182
:1034200010BD1BB1DA6959612244DA614269002A90
:10343000EED1014AD362F1E7A062002010B50A4A3A
:1034400090F9201001234370536A1C321BB193F989
:1034500020408C4205DCC0E90232906003B1D860A4
:1034600010BD1A469B68F1E7A0620020014B586925
:10347000704700BFA062002010B50023038083784E
:103480009A07044608D513F0100F016B0E4B0FD0AE
:10349000D3F88400FFF778F8A378DB0712D50A4B3E
:1034A000D3F88800214638B1BDE81040FFF76CB86A
:1034B000586FFFF710F8EFE7BDE81040D3F8800031
:1034C000FFF709B810BD00BFA062002008B500F0EA
:1034D00025FDDFF810C000DF4FF0FF31002000F0C5
:1034E000FBFCFEE741390300C278D207034601D452
:1034F000FFF7C2BF0422054942700022C2604A6B36
:10350000826002B1D0604B63704700BFA0620020B0
:10351000930710B502F0010422D400F1280384B10E
:1035200053E8000F00EA01028A4203D0BFF32F8F55
:10353000002005E020EA010243E8002404B1EFE79F
:1035400010BD53E8000F084203D1BFF32F8F0020B6
:1035500005E020EA010243E8002404B1F1E7EFE7C7
:10356000806A01EA00031CB18B4218BF0020E7E724
:10357000002B08BF0020E3E710B591F920208368F5
:103580001BB193F92040944205DAC1E90230816011
:1035900003B1D96010BD18469B68F1E783689A684B
:1035A000826002B1D0600022DA6018467047C268BB
:1035B0002AB18368936003B1DA600023C360704767
:1035C00010B5044664B12378F12B07D0FFF7EFFF65
:1035D00001462046BDE81040FFF7CEBFE468F1E7A2
:1035E00010BD00000123014643700148FFF7C4BF2E
:1035F000BC62002070B50B4D2E7A022E10D16C6A81
:1036000074B1696994F9202091F920309A4207D168
:103610002046FFF7CCFF0846FFF7E4FF6670AC6179
:10362000002070BDA062002038B5164DEC6A44B38E
:10363000E369013BE36123BB6378732B06D009D8B0
:10364000532B0BD003F0DF03432B0DD12046FFF7A4
:10365000CEFE09E003F0EF03832BF6E72046FFF7E9
:10366000C6FE2146FFF7D4FB2046FFF7A0FFFFF779
:10367000B9FF246924B1E369002BDDD00023636125
:10368000EC6238BDA062002090F82230826B13F00B
:10369000100F0CBF6020202010447047022343709D
:1036A000014B9861704700BFA062002070B5124DB9
:1036B00004462E7A696990B9022E0FD16C6A6CB1FA
:1036C00094F9202091F920309A4207DD2046FFF737
:1036D0006EFF0846FFF7B2FE6670AC6170BD022E49
:1036E00005D190F9202091F920309A42F1DC204652
:1036F000BDE87040FFF776BFA06200202DE9F04FD3
:1037000085B08046029128B96FF0030100F0E4FB18
:103710000024ABE0002A48D0D2E900A3946896695F
:103720000193D2E904B544B1A10702D1D268432A7A
:1037300006D86FF008010020E8E7D268002AF8D127
:10374000BBF1000F08D01BF0070F02D1002D40F095
:10375000A9806FF00A01EEE72EB1721E372A03D955
:103760006FF00B01E7E71826002D40F09F804CBB5F
:10377000534CD4F88800F0B1FEF7ECFE0446002864
:1037800000F08D800127DFF83891BBF1000F32D1B6
:10379000D5B94C4AD9F88400556DA8B1FEF7DAFEC8
:1037A000D0B147F01007834621E092469346182691
:1037B00015460192DCE7D4F8800001224421FEF78F
:1037C00055FEDBE70027DEE7D9F874005A462946A4
:1037D000FEF74CFE0028E6D1002F55D0D9F88820FE
:1037E000002A47D021461046FEF7CEFE002447F0BF
:1037F0000207002C53D040F2F11222800022C4E9CB
:103800000222C4E90422C4E90622C4E90922C4E967
:103810000B2BA5F140025A44C4E90E28019B2A4A09
:10382000E37076B2FD21A770C4F804A084F820608C
:1038300084F8216061846563CBF80020214A126816
:10384000530723D4A36B34221846002140F048F8D4
:103850001E4A1F4BC0E90D284FF08072C263029AC6
:1038600002622046C9F86030FFF720FF204605B00D
:10387000BDE8F08F2146D9F880000392FEF72BFEB9
:10388000039A14469346B2E73C46B0E725F003029C
:10389000443ACC210BF1040040F022F8D2E76FF05B
:1038A000040148E7002E7FF458AF18266A077FF41A
:1038B00050AF084AA5F1480191427FF658AF48E75A
:1038C000A06200201C7D0700A52E5AE2CD34030023
:1038D000FD380300B7FFFF7F38B505461446FFF7F4
:1038E000D3FE01602846FFF789FD1CB1BDE83840D2
:1038F000FFF7DCBEBDE83840FFF774BE10B5437873
:10390000332B04460CD1416A90F82320FFF700FEC8
:10391000014628B120460022BDE81040FFF7DCBF79
:1039200010BD10B50446806918B100221146FFF79A
:10393000D3FF6378232B02BFA36800229A6110BDD6
:1039400070B50F4C267A022E18D1636AB3B165693F
:10395000E86AFFF73BFA2846FFF7E3FF04F11C0093
:10396000FFF71CFE4670A061EFF30983AB630023F1
:1039700063612846BDE87040FFF7B6BD70BD00BF6B
:10398000A062002010B5044610B10378F12B07D0D7
:1039900020466FF0030100F09FFA6FF0030010BDA6
:1039A000437803F00F03022B1ED0032B2BD0012BE7
:1039B0002ED1FFF7FCFDE06AFFF708FA2046FFF77B
:1039C000B0FF6178022926D11548FFF7E7FD154BB6
:1039D00041709861EFF30982A26300225A61204688
:1039E000FFF782FD0020DAE70E4B1A7A022A02D195
:1039F0005B6A002BDFD16FF00201204600F06CFA09
:103A00006FF00200CBE7FFF7D2FDFFF7F7FCD2E73C
:103A10006FF00201F2E70020FFF748FEDFE700BF8A
:103A2000BC620020A062002038B51F4C237A022B14
:103A300035D1636A002B34D063694A1C587016D1A3
:103A4000226B002172B94FF0FF30C3E90421D86125
:103A500059B10B611548FFF7A1FD02234370A06126
:103A6000012038BD11461269ECE72363F2E7E26AF0
:103A7000002012B1D569A9420BD2C3E90420D96153
:103A800058B10361002AE5D0D0695361401AD06172
:103A9000E0E71046491B1269EBE7E362F2E700201A
:103AA000DFE71846DDE700BFA0620020BC6200200F
:103AB00038B50D4C0D48A26D0D4D0021FFF71EFECF
:103AC000636EA8625BB1984758B9E26DE96C206EED
:103AD000FFF714FEA864003818BF012038BD01208C
:103AE000FCE70020FAE700BF1C7D0700493E030009
:103AF000A062002010B50446EFF3058333B1002027
:103B00006FF0050100F0E8F9002010BDFFF764FC3C
:103B10000028F4D1DFF808C0204600DFF5E700BF39
:103B2000FD36030008B5EFF3058313B1054B586963
:103B300008BDFFF751FC0028F8D1DFF80CC000DF0A
:103B4000F6E700BFA06200206D34030008B5EFF374
:103B500005833BB100206FF0050100F0BDF96FF067
:103B6000050008BDFFF738FC0028F3D1DFF804C0DA
:103B700000DFF6E7F535030010B5044600F0DAF98A
:103B8000EFF305833BB120466FF0050100F0A4F987
:103B90006FF0050010BDFFF71FFC0028F3D1DFF820
:103BA00008C0204600DFF5E78539030030B50C4D2D
:103BB0006B6C002213B11C698C420AD9C0E9022344
:103BC00001611BB11C699860641A1C612AB1D06044
:103BD00030BD1A46091BDB68ECE76864F8E700BFF4
:103BE000A06200202DE9F041184D6C6C54B323699C
:103BF0006E69013B23610127236913BBE3680BB1A5
:103C0000A2689A606B640023E86C1A4604F11801FC
:103C1000FEF70AFF58B1D5E90583214603206B6101
:103C2000FEF7A9FB6B6913B9B04508BF0026E3781E
:103C3000012B09D161692046FFF7B8FF6C6C002C9D
:103C4000DAD16E61BDE8F0816770F7E7A06200200D
:103C500008B5FEF7D7FE18B9034B044A1A6508BD2C
:103C60004FF0FF30FBE700BFA0620020E53B030000
:103C700007B504464FF0FF33002269462046FEF7A1
:103C800013FF0028F6D1DDE900309847F2E7000085
:103C900008B5094B094A1A60094B9B1A094A136077
:103CA000094B0A4A1A600A4B9B1A0A4A136000F031
:103CB00051F800F069F800BF7490002000FC032068
:103CC00000000420709000208C710120787A01207F
:103CD00000FC0320887101200E4838B50E4B0360AC
:103CE0000B250E4B45601C24C4608360FFF7B6F8BB
:103CF0000B4B18600B480C4BC460C0E900350B4BF4
:103D00008360FFF7ABF80A4B1860BDE838403FF01E
:103D1000E7B800BF40900020F07D070054900020DD
:103D20005090002010900020FD7D0700249000207E
:103D300020900020FDF786BD024B4FF0FF31186840
:103D4000FFF7A4B850900020014B1868FFF7B6B8F1
:103D50005090002008B536F0ADF9BDE8084000F0FD
:103D600011B87047704708B500F042F8FFF7F9FF47
:103D7000FFF7B2FFFFF7F6FF33F046FEBDE808405D
:103D8000FFF7D8BFFEF702BB114C124B23614FF473
:103D9000004363614423E3600F4BA360182307B51E
:103DA000A3610E480E4B236022460021FFF7A2FEBE
:103DB000034628B90B49009022460B4833F034FEE5
:103DC000FEF7FCFA0023094900931A46F5E700BF05
:103DD00078100120789000209C100120673D03009E
:103DE000077E07000C7E07001D010180287E07006A
:103DF0001FB5064B0FCB6C4684E80F002046FFF73B
:103E00002DF8034B186004B010BD00BF507E0700B2
:103E1000E010012073B506460C46154633F0F6FD5A
:103E200058B906342ABF064B064953F8241000231C
:103E300000933246284633F0F7FD02B070BD00BF54
:103E400014800700687F070008B500F0F3F8000051
:103E500007B50023411E009302460023042919D808
:103E6000DFE801F003080C1014000C490C48012293
:103E700033F0DAFD0B490C480222F9E70B490C48F4
:103E80000322F5E70B490C480422F1E70B490C48E3
:103E90000522EDE70B490C48EAE700BF607E07000A
:103EA00025010280817E070026010280A67E070090
:103EB00027010280DB7E070028010280167F0700B1
:103EC0002A010280567F070000010280014A014654
:103ED000FFF7A0BF31010180014AFFF79BBF00BF80
:103EE00032010180014AFFF795BF00BF3701018011
:103EF000014AFFF78FBF00BF3301018011F1110F9D
:103F000002D0024AFFF786BF704700BF340101802C
:103F1000014AFFF77FBF00BF3801018010B5FFF7EE
:103F200001FE034B1B6813B1BDE81040184710BDDC
:103F300000110120024B1B6803B11847704700BFF6
:103F400000110120024B987A003818BF01207047F9
:103F5000A062002008B5FEF747FA0749002233F0B7
:103F6000F5FDC31C04D9054905488B2233F038FB05
:103F7000BDE80840FEF74CBA453F03002C8007001F
:103F800061800700B0F57A7F38B50D4604D0184936
:103F90001848322233F024FB33F03CF8041E13DBC4
:103FA00004F1604303F56143E02283F800232946CE
:103FB000204634F0FBFF204635F000F885420AD059
:103FC0000B490D483F22E5E70C4B04F00F02134468
:103FD000E0221A76EBE7002C07DB094A610901238E
:103FE00004F01F04A34042F82130002038BD00BF78
:103FF0002C8007008E8007009B800700FCEC00E00F
:1040000000E100E008B533F029FDBDE8084033F0D9
:10401000F6B80000014B186833F026B9B8700120DB
:10402000014B186833F0E2B8B870012008B532F0DF
:10403000F1FF08BD08B5024C23689847FCE700BFB4
:10404000446300202FF07EBA2DE9F341D0F8288098
:1040500001921D460E46074619F06AFB98F80D308E
:104060000199022B05440ED0032B0ED0012B00D159
:104070002835F36A3C695A19A24209D9F462002032
:1040800002B0BDE8F0811835F3E705F5A875F0E753
:10409000E41A7B685BB1986819F06AFB844228BF18
:1040A0000446A54203D9F36A2344F362E7E7054BCC
:1040B0001B6898884FF47A73641B5843A04228BF4A
:1040C0002046DDE7F03D01201FB501238DF80430C7
:1040D00001A80023CDE902332FF0A6F805B05DF862
:1040E00004FB1FB5002301A8CDE9013303932FF092
:1040F0009BF805B05DF804FB2DE9F341866AF36E89
:104100008846044606F1600113B101919847019970
:10411000A26800232046FFF797FF074620B902B0A8
:10412000BDE8F04119F0D2BA134DA3686B67404661
:104130002FF082F8114BAB67A068114BEB67C5F805
:10414000847019F0FBFAC5F88000A06005F17800D2
:104150002FF054F8002385F87030736E43B1FFF7E9
:10416000B3FF306E272102B0BDE8F0412FF042B915
:10417000FFF7B7FFF5E700BF0C140120DD43030094
:10418000054203002DE9F04180460C4619F0A8FADB
:10419000064618B101263046BDE8F0812EF080FABF
:1041A000174D696F074619F0E3FAE36A1844E062B5
:1041B0006F6719F0BDFA3A46034621464046FFF7BD
:1041C00043FF07460028E5D0D5F8748019F0B0FA0F
:1041D000404419F0B3FAC5E9200705F178002FF043
:1041E0000DF885F87060636833B1FFF76DFF2068E4
:1041F00027212FF0FFF8CEE7FFF773FFF7E700BFA7
:104200000C1401202DE9F04F85B0934601919A4698
:1042100007462EF045FADFF8C0916D4CC9F8000052
:1042200019F04EFA19F04CFA6A4B866A93F87050FE
:1042300001996A1C804683F8702085B1022D00F038
:104240008480A58C2EF02CFAD9F80030C01A854253
:1042500040F2AE80A08CA08405B0BDE8F08F07B31B
:10426000FB1E012B40F2AD80042F64D06BD82B468F
:104270000125032F59D02A461D46E3690133E36126
:104280002B46154643B117F0FB0F42D006F16001F3
:104290004046FFF777FF0546002DD2D019F026FAE9
:1042A000CFE79DF8383086F8821086F88330C6E96B
:1042B00021BA306E06F190033A4606F1480101F04A
:1042C0003FFD00282FD0336F316E404698470028BD
:1042D00075D0658C2EF0E4F9D9F80030C01A85420B
:1042E0001AD9608C96F88030ADF80830736E60840F
:1042F0000393FFF7E9FE012102A82FF02FF8736F57
:1043000013B1316E40469847236801332360002F74
:1043100097D02FF00FF9B9E72EF0C2F9D9F8003095
:10432000C01A80B2DEE70127EEE7A2680132A26080
:10433000002BABD1B0E72B460125626801326260E9
:10434000002BE6D1A8E7012297E76FB1FB1E012BF6
:104350001BD9042F4FF000034FF0010524D01DD9C5
:10436000E2690132E2618DE7B06E06F190033A46F0
:1043700006F1480101F0E4FC18B1F36FB16E40465C
:104380009847236901332361C3E7F36F00219847FE
:10439000042F4FF001034FF0000505D0032FDFD1AC
:1043A000A2690132A261C3E7626901326261C7E7B3
:1043B0002EF076F9D9F80030C01A80B24BE7012709
:1043C0009DE7042F4FF001037FF453AFB5E700BF23
:1043D000041101200C140120AC1301202DE9F84335
:1043E00081462EF05DF9284D284C286019F068F9B7
:1043F00019F066F9264B876A93F87060721C012EDB
:10440000804683F8702024D1B9F1000F38D1BB6FFA
:10441000796E984778B1268C2EF042F92B68C01A35
:10442000864221D9238C2384FFF75BFEB86E2721B7
:104430002FF056F80026E3680133E3604EB12FF009
:1044400079F807F160014046FFF79CFE08B119F0CA
:104450004DF9E68C2EF024F92B68C01A864209D952
:10446000E08CE084BDE8F8832EF01AF92B68C31ABB
:104470009BB2D8E72EF014F92B68C01A80B2F0E78F
:10448000E3690133E361E2E7AC1301200411012089
:104490000C14012008B5064A0649022001F086FBEB
:1044A000BDE808400448282200213FF019BA00BFA7
:1044B00045400300F9400300041101201FB500230B
:1044C00001A8CDE9013303932EF0AEFE05B05DF8EF
:1044D00004FB00007FB5174C866A054608462EF09F
:1044E000ABFE154BA367154BE367A868B36FC4F821
:1044F000843019F023F9C4F88000A86004F1780032
:104500002EF07CFE002384F87030326E7AB10122E6
:1045100001A8CDE902338DF804202EF085FE08486D
:1045200040F2011104B0BDE870402EF063BFFFF708
:10453000C5FFF4E70C14012045450300954803002E
:104540002C11012070B506462EF0AAF81E4D1F4C06
:10455000286019F0B5F81E4A92F87030591C012BEA
:1045600082F8701013D146BBA68D2EF099F82B68F7
:10457000C01A864215D9A08DA085FFF79FFF154868
:1045800040F201112EF0ACFFE3680133E360668E68
:104590002EF086F82B68C01A864208D9608E608695
:1045A00070BD2EF07DF82B68C01A80B2E4E72EF0C3
:1045B00077F82B68C01A80B2F1E7A36A0133A362CF
:1045C00019F094F8E3E700BFAC130120301201208A
:1045D0000C1401202C11012070B5104C866A054680
:1045E00008462EF029FE0E4BE367A868B36EC4F8A8
:1045F000843019F0A3F8C4F88000A86004F17800B2
:104600002EF0FCFD002384F87030FFF757FFBDE863
:104610007040044840F201112EF0ECBE0C14012051
:1046200029460300641201202DE9F74F0E469DF83C
:10463000301001929A46009105462EF031F8DFF8CD
:104640004C82DFF84C92C8F8000019F039F819F0E4
:1046500037F899F87030D0F828B0894CDDE90012AD
:10466000074683B1032B00F08980258C2EF018F8C3
:10467000D8F80030C01A854240F2F480208C2084A3
:1046800003B0BDE8F08FDDB1EA1E012A40F2F180EF
:10469000042D67D070D81A460123032D5CD019462B
:1046A0001346A2690132A2611A460B46002A60D065
:1046B00015F0FB0F01D12EF03DFF19F017F8D4E7EC
:1046C000032389F870308BF86D600126CBE91C2A32
:1046D0008BF86E102A46DBF860306A498BF87860F8
:1046E0009847054690B358462EF0A6FD0AEB050004
:1046F00019F024F8C9F8800009F178002EF07EFD49
:10470000A58B2DF0CDFFD8F80030C01A854216D900
:10471000A08BA083FFF7D2FE5A4840F201112EF081
:1047200069FEDBF86430584938469847B0FA80F69D
:104730007609236801332360002E96D0BBE72DF065
:10474000AFFFD8F80030C01A80B2E2E7DBF864307F
:104750004C4938469847ECE7A1680131A160002A2E
:10476000ABD106E01A460123616801316160002A7D
:10477000A1D1002BA1D178E7012192E7DBF86030CD
:10478000ADB1EA1E012A55D92A4600219847DBF827
:104790006430002138469847042D4FF000024FF056
:1047A00001035BD054D9A1690131A1617EE78BF887
:1047B00078508BF86E102A4632498BF86D60984716
:1047C000054680B358462EF037FD05EB0A0018F079
:1047D000B5FFC9F8800009F178002EF00FFDA58B18
:1047E0002DF05EFFD8F80030C01A854214D9A08B96
:1047F000A083FFF763FE234840F201112EF0FAFD7B
:10480000DBF86430204938469847B0FA80F67609DC
:10481000E3680133E3608FE72DF042FFD8F8003002
:10482000C01A80B2E4E7DBF864301649384698478E
:104830000126EDE72A4600219847DBF86430002185
:1048400038469847042D4FF001024FF0000305D081
:10485000032DA8D161690131616180E721690131CE
:10486000216184E72DF01CFFD8F80030C01A80B217
:1048700005E7042D4FF001027FF40FAF74E700BF8E
:1048800068130120641201202C110120AC130120B7
:104890000C1401202DE9F04F8BB09B469DF8503051
:1048A0000193CDE9022106462DF0FAFEDFF8C88219
:1048B000DFF8C8A2C8F8000018F002FF18F000FFE7
:1048C0009AF87070856AAA4C0399022FDDE90132CB
:1048D000814600F0C380032F00F03081002F52D1B9
:1048E000FEB1F31E012B40F29E81042E00F0A88041
:1048F00000F2B2803B460127032E00F09A803A4630
:104900001F46A36A0133A3623B461746002B00F003
:104910009F8016F0FB0F01D12EF00CFE18F0E6FE82
:1049200031E085F87D1085F87E30C5E9202B6B6E6F
:104930009049984700283BD02B6EFBB10123E78DAF
:104940008AF870302DF0ACFED8F80030C01A8742DB
:1049500027D9E08D95F87430ADF814302B6EE085D2
:1049600006930125002307A8CDE908338DF81C50D4
:104970002EF05AFC294605A82EF0F0FC23680133DE
:104980002360002EC8D1258E2DF08AFED8F8003085
:10499000C01A854240F24081208E20860BB0BDE8CF
:1049A000F08F2DF07DFED8F80030C01A80B2D1E72C
:1049B000EB6E002B36D06F4948469847064688B3C1
:1049C00003238AF870302EF0B5FD28462EF034FC13
:1049D0000BEB060018F0B2FECAF880000AF178006E
:1049E0002EF00CFCA68D2DF05BFED8F80030C01A1E
:1049F000864210D9A08DA085FFF760FD5D4840F28A
:104A000001112EF0F7FC2B6F5A4948469847B0FA2F
:104A100080F67609B2E72DF043FED8F80030C01AD0
:104A200080B2E8E72B6F13B15249484698470126F8
:104A3000A4E7A2680132A260002B7FF46FAF07E009
:104A40003B460127626801326260002B7FF464AF4D
:104A5000002F7FF463AF96E7012252E703278AF81D
:104A600070706EB1F31E012B55D9042E4FF0000368
:104A70004FF001075ED057D9A26A0132A26245E722
:104A800085F87D1085F87E30C5E9202BAB6E39495D
:104A90009847EB6E002B37D0364948469847064674
:104AA00090B328462EF0C8FB0BEB060018F046FE2C
:104AB000CAF880000AF178002EF0A0FBA68D2DF038
:104AC000EFFDD8F80030C01A864216D9A08DA08517
:104AD000FFF7F4FC274840F201112EF08BFC2B6FFE
:104AE000244948469847B0FA80F0400923690133C9
:104AF000236100283FF447AF0EE72DF0D1FDD8F831
:104B00000030C01A80B2E2E72B6F13B11949484652
:104B100098470120EAE7AB6E00219847042E4FF03A
:104B200001034FF0000705D0032EA5D1A269013281
:104B3000A26181E762690132626186E7EB6EFEB1D4
:104B4000F21E012A57D9002198472B6F13B100217B
:104B500048469847042E4FF000034FF0010757D006
:104B60008AD8032E88D1626A0132626264E700BF8C
:104B7000301201202C110120AC1301200C14012053
:104B80002C499847064678B328462EF055FB06EB8D
:104B90000B0018F0D3FDCAF880000AF178002EF05F
:104BA0002DFBA68D2DF07CFDD8F80030C01A864272
:104BB00013D9A08DA085FFF781FC1E4840F201119A
:104BC0002EF018FC2B6F1B4948469847B0FA80F02E
:104BD0004009E3690133E3618BE72DF061FDD8F80B
:104BE0000030C01A80B2E5E72B6F13B11149484677
:104BF00098470120EDE7002198472B6F13B1002162
:104C000048469847042E4FF001034FF00007A8D103
:104C1000226A0132226218E72DF042FDD8F80030F6
:104C2000C01A80B2B9E6042E4FF001037FF464AEDF
:104C300008E700BF2C11012008B506490022062014
:104C400000F0B4FFBDE808400348342200213EF0E4
:104C500047BE00BFD54403003012012008B5064905
:104C60000022092000F0A2FFBDE8084003482422EA
:104C700000213EF035BE00BFD94503006813012076
:104C80002EF060BC1FB5002301A8CDE901330393CA
:104C90002EF0CAFA05B05DF804FB00002DE9FF47CD
:104CA00007460D469246994618F01AFD064600281A
:104CB00079D1D7F828803D4C94F87230032B72D00C
:104CC00094F87110022984BF0339C9B201F1250299
:104CD000013388F8012084F87230EB7E0B414A1CC6
:104CE000DB0784F87120E7D5B9F1000F04D11AF081
:104CF000FB0F01D12EF01EFC40462EF09DFAB9F1BB
:104D0000000F2FD0B86818F019FDC4F88000B86003
:104D1000002384F87030D5F80C80B8F1000F06D06D
:104D2000D4F8800018F00AFD01463846C0472048F4
:104D30002EF064FA6B689BB301238DF8043001A850
:104D40000023CDE902332EF06FFA2B7EADF804304C
:104D500001212B68029301A82EF09CFA304604B082
:104D6000BDE8F0876B6853B12DF09AFC804618F0CF
:104D7000DFFC404418F0E2FCC4F88000C8E798F873
:104D80000E102A7E98F80C0017F04DFC804618F0A3
:104D9000CFFC404417F0AEFCD4F880301844E9E76B
:104DA000FFF770FFD1E70126D8E700BF0C14012000
:104DB0008414012010B50E4B0E4A816A9A670E4A80
:104DC000DA670422C3F8842091F87A4083F87140AE
:104DD000002283F8702083F8722060310123FFF7EE
:104DE0005DFF18B1BDE8104018F070BC10BD00BFE9
:104DF0000C140120354F0300FD4D03002DE9F3474E
:104E0000994605462DF04CFCDFF82481464CC8F845
:104E1000000018F055FC18F053FC444A866A92F8DA
:104E20007030591C012B074682F8701062D106F1D0
:104E3000600A002D45D1C6F87C90706E06F18003A3
:104E40002A4606F1480100F07BFF814640B3336FEC
:104E5000716E3846984718B3B4F81A902DF020FCBC
:104E6000D8F80030C01A814513D9608B6083FFF7F2
:104E700009FF96F87930ADF800300121B36E019347
:104E800068462EF06BFA736FA3B1716E384698477F
:104E900010E02DF005FCD8F80030C01A80B2E5E72C
:104EA00000231A4651463846FFF7F8FE0546B9F189
:104EB000000FE8D1636801336360DDB12EF03AFB87
:104EC00010E000232A465146FFF7E8FE042D1ED0CD
:104ED00001D8032D09D063690133636150B115F026
:104EE000FB0FEBD018F002FC04E0E3680133E36051
:104EF0000028F7D1A58B2DF0D3FBD8F80030C01ACD
:104F000085420AD9A08BA08302B0BDE8F087A368D0
:104F10000133A3600028D1D1ECE72DF0C1FBD8F814
:104F20000030C01A80B2EEE78C1301200C1401206F
:104F3000AC1301202DE9FF4107462DF0B1FB324EA5
:104F4000324C306018F0BCFB18F0BAFBD0F8288067
:104F50002FB163690133636118F0C8FB0AE02C4B81
:104F600093F870506A1C08F1600183F870206DB1ED
:104F7000022D39D0E58B2DF093FB3368C01A8542A2
:104F80003BD9E08BE08304B0BDE8F081D8F8643011
:104F900023B3278B2DF084FB3368C01A874217D9BF
:104FA000208B208301238DF8043001A80023CDE954
:104FB00002332EF039F9D8F8640024212EF090FA4B
:104FC000236801332360002DD4D02EF0B3FAC3E759
:104FD0002DF066FB3368C01A80B2E2E72B462A4602
:104FE000FFF75CFE0546EBE73B463A46FFF756FE09
:104FF0002369013305462361E5E72DF051FB336852
:10500000C01A80B2BEE700BFAC1301208C13012090
:105010000C14012008B5064A0649032000F0C6FD1D
:10502000BDE808400448202200213EF059BC00BFE2
:10503000814C0300B54D03008C1301201FB50023E4
:1050400001A8CDE9013303932EF0EEF805B05DF829
:1050500004FB00002DE9F0479A4605462DF020FBA1
:10506000354F364C386018F02BFB18F029FB344BC9
:10507000866A93F8709009F10102B9F1010F804638
:1050800083F8702043D175BB9DF8203086F8A1309D
:10509000316FD6F89430C6F8A4A0984780B3B4F81E
:1050A0001E902DF0FDFA3B68C01A814515D9E38B9F
:1050B000E383FFF7C3FF022106F174002EF04EF9DF
:1050C000D6F8983013B1316F404698476368013382
:1050D0006360E5B12EF02EFA17E02DF0E1FA3B689F
:1050E000C31A9BB2E4E7042D1CD001D8032D09D0CC
:1050F000A36915F0FB0F03F10103A36105D1E9E7F3
:105100004D46E3E7E3680133E36018F0EFFA258CDE
:105110002DF0C6FA3B68C01A854207D9208C20843E
:10512000BDE8F087A3680133A360D3E72DF0B8FA98
:105130003B68C01A80B2F2E7AC130120B013012023
:105140000C140120F8B5CB6B06460C460BB90120B8
:10515000F8BD0121984705460028F8D0B06A144EE2
:105160002EF06AF8D6F88000284418F0E7FA114DBE
:10517000C6F8800006F178000F4E2EF03FF8AF8B96
:105180002DF08EFA3368C01A87420AD9A88BA883FB
:10519000FFF754FF04F1240002212EF07BF80020D9
:1051A000D6E72DF07DFA3368C01A80B2EFE700BF72
:1051B0000C140120B0130120AC1301202DE9FF478E
:1051C00005462DF06DFA404F404C386018F078FAE3
:1051D00018F076FA866A81462DB1A3690133A3617E
:1051E00018F084FA18E0DFF8E88098F87050022D83
:1051F00006F1600A3DD0032D55D06DB9336FBBB9B0
:105200000323514688F87030FFF79CFF054623685A
:1052100001332360002D54D1658C2DF041FA3B6899
:10522000C01A854247D9608C608404B0BDE8F0871D
:10523000012388F87030B4F81C802DF031FA3B68F7
:10524000C01A80450FD9A08BA08301238DF80430AC
:1052500001A80023CDE902332DF0E6FF306F2421B1
:105260002EF03EF9D3E72DF01BFA3B68C01A80B24E
:10527000EAE7032388F8703096F8A110707BD6F81F
:10528000A4500E2217F0CFF99635284418F056FA9C
:105290005146C8F880004846FFF754FF23690133A0
:1052A00005462361B6E75146FFF74CFF63690133BA
:1052B00005466361AEE72DF0F3F93B68C01A80B292
:1052C000B2E72EF037F98BE7AC130120B0130120C1
:1052D0000C140120F0B51F4C1F4B866AA3671F4BAF
:1052E000E3670423C4F8843085B000230F460546E5
:1052F000A4F8703018F0F4F9014640BBD6F89C30A1
:105300000BB12846984738462DF096FFA86818F04C
:1053100015FAC4F88000A8601148002584F8705080
:105320002DF06CFF336F7BB1012301A8CDE902554D
:105330008DF804302DF078FF022106F1600005B0F1
:10534000BDE8F0402DF0A6BFFFF778FEF4E705B00A
:10535000F0BD00BF0C140120BD51030055500300E7
:1053600084140120FFF7B6BF08B5084900220720C2
:1053700000F01CFC06490022082000F017FCBDE8E4
:1053800008400448242200213EF0AABAD552030066
:1053900065530300B01301201FB501238DF80430BD
:1053A00001A80023CDE902332DF03EFF05B05DF8E2
:1053B00004FB00002DE9F04104460D4618F080F989
:1053C000836A1B78042B0BD1124B93F870303BB9D6
:1053D000FFF7E2FF29462046BDE8F0412DF05ABF15
:1053E0000D4E0E4FB6F816802DF05AF93B68C01AD4
:1053F000804509D9F38AF382FFF7CEFF294620467C
:10540000BDE8F0412DF0AABF2DF04AF93B68C31A60
:105410009BB2F0E70C140120D4130120AC1301203F
:1054200070B50C4E04460D46C6F88C00A6F88810E0
:1054300018F046F9836A1B78052B0AD196F870306C
:105440003BB9FFF7A9FF29462046BDE870402DF083
:10545000D1BF70BD0C14012013B50C4601902EF085
:1054600071F8084B0198D3F88C1031B10022C3F8C1
:105470008C20E36E022298470198636E02B0BDE86B
:10548000104018470C14012070B50F4C0546084613
:105490000E462DF0D1FE0D4BA367A8680C4BE367B9
:1054A00018F04CF90423C4F88000A86004F17800D7
:1054B000C4F884302DF0A2FE002384F87030336EDF
:1054C0002846BDE8704018470C14012081550300A0
:1054D000D554030070B50C4605462DF0E1F8254E75
:1054E000306018F0EDF818F0EBF8826A9DF8103093
:1054F00082F87130204B82F8704093F8701011B927
:10550000012183F870100024D3F88C10C3F88C406C
:10551000D36E2A46984718F0E3F830B115F0FB0F28
:1055200001D12EF007F818F0E1F8032D134C0FD03D
:10553000042D11D0A5B9236801332360258B2DF0EC
:10554000AFF83368C01A85420ED9208B208370BD16
:10555000A3680133A360F1E7636801336360EDE79B
:10556000236901332361E9E72DF09AF83368C01A03
:1055700080B2EBE7AC1301200C140120D4130120FE
:105580002DE9F04385B005462DF08AF82D4EDFF861
:10559000BC80306018F094F818F092F8D0F8289099
:1055A000294CD9F86830294607469847D8F88C1016
:1055B00000293CD065BBA58A2DF072F83368C01A6B
:1055C00085421FD9A08AA08201238DF8043001A84A
:1055D0000023CDE902332DF027FEB8F88810D8F863
:1055E0008C002DF07DFFE3680133E360658B2DF0C7
:1055F00057F83368C01A854213D9608B608305B0B1
:10560000BDE8F0832DF04CF83368C01A80B2DAE7B9
:105610000023C8F88C300222D9F86C3038469847FD
:1056200008E02DF03DF83368C01A80B2E6E70DB906
:105630002DF080FF18F05AF8002DD4D023690133E3
:105640002361D3E7AC130120D41301200C140120F3
:1056500008B5064A0649042000F0A8FABDE808404B
:1056600004481C2200213EF03BB900BF59540300FE
:1056700089540300D413012013B50C4601902DF07A
:1056800061FF084B0198D3F88C1031B10022C3F8A8
:105690008C20236F022298470198A36E02B0BDE8C8
:1056A000104018470C1401202DE9F0410F4D876A76
:1056B000044608460E462DF0BFFD0D4BAB67A068B3
:1056C0000C4BEB6718F03AF83B6EC5F88000A06011
:1056D00005F17800C5F884302DF090FD002385F8A1
:1056E0007030736E2046BDE8F04118470C1401205D
:1056F000A9570300F9560300F8B50C461F460546A6
:105700002CF0CEFF254E306017F0DAFF17F0D8FFEF
:10571000826A9DF8183082F87840214C82F87930FE
:1057200094F870301BB9012384F870305767002358
:10573000D4F88C10C4F88C30136F2A46984717F0B1
:10574000CFFF30B115F0FB0F01D12DF0F3FE17F0B4
:10575000CDFF032D134C0FD0042D11D0A5B9236814
:1057600001332360258B2CF09BFF3368C01A8542E0
:105770000ED9208B2083F8BDA3680133A360F1E725
:10578000636801336360EDE7236901332361E9E76F
:105790002CF086FF3368C01A80B2EBE7AC1301200F
:1057A0000C140120D41301202DE9F04385B080466C
:1057B0002CF076FF2E4D2F4E286017F081FF17F04A
:1057C0007FFFD0F828902C4CD9F86C304146074622
:1057D0009847B8F1000F29D1D6F88C300BB3A78ABF
:1057E0002CF05EFF2B68C01A874214D9A08AA082D1
:1057F00001238DF8043001A80023CDE902332DF0F8
:1058000013FDB6F88810D6F88C002DF069FEE36819
:105810000133E3601AE02CF043FF2B68C01A80B21A
:10582000E5E72DF087FE17F061FFF0E7D6F88C1062
:1058300039B10023C6F88C300222D9F870303846CE
:10584000984717F053FF236901332361668B2CF0CF
:1058500027FF2B68C01A864204D9608B608305B08D
:10586000BDE8F0832CF01CFF2B68C01A80B2F5E76E
:10587000AC1301200C140120D413012008B5064AF2
:105880000649052000F092F9BDE8084004481C22B2
:1058900000213EF025B800BF79560300A956030049
:1058A000D41301201FB5002301A8CDE901330393D0
:1058B0002DF0BAFC05B05DF804FB000070B5104D8A
:1058C000104BAB670646104B8068EB670C4617F031
:1058D00035FF236EC5F88000B0602046C5F88430DF
:1058E0002DF0AAFC05F178002DF088FCFFF7DAFF17
:1058F000B4F86C10A06EBDE870402DF07BBD00BF09
:105900000C140120A55903000D59030070B504467D
:1059100017F0D6FE17F0D4FE856A14F0FB0F6B6EFD
:10592000214620D19847F8B12DF004FE1A4B1B6890
:105930009E782CF0B5FE304417F000FF174E2B6E0A
:10594000C6F880002846C6F884302DF075FC06F1B4
:1059500078002DF053FCFFF7A5FFB5F86C10A86E8A
:105960002DF048FD02E0984717F0C0FE032C0C4BC9
:1059700006D0042C08D05CB91A6801321A6070BDD8
:105980009A6801329A60FAE75A6801325A60F6E77B
:105990001A6901321A61F2E7F03D01200C1401206E
:1059A000F0130120F7B5054617F08AFE17F088FEC0
:1059B0001B4E846A074625BB2DF0BCFD236E29468D
:1059C0003846984700B3174DB4F86A00D5F88030D0
:1059D000184417F0B3FEC5F8800020462DF02CFCCB
:1059E00005F178002DF00AFCFFF75CFFB4F8683091
:1059F000ADF800300121636E019368462DF04AFC3A
:105A000005E0236E2946984717F070FE25B9F36824
:105A10000133F36003B0F0BD336901333361F9E75B
:105A2000F01301200C14012073B5114D114BAB671D
:105A30000646114B8068EB670C4617F07FFEC5F8F1
:105A40008000B06020462DF0F7FB05F178002DF0C6
:105A5000D5FBFFF727FFB4F86830ADF8003001211F
:105A6000636E019368462DF015FC02B070BD00BF57
:105A70000C140120A55903000D59030008B52DF0A1
:105A800061FDBDE8084017F031BE000008B5084AC6
:105A90000849002000F08AF8054A0749012000F073
:105AA00085F8BDE8084005481C2200213DF018BFDC
:105AB0007D5A0300295A0300BD580300F01301204A
:105AC000816A034B0A7853F8323003B118477047A4
:105AD0000C140120816A044B0A7803EBC2035B6853
:105AE00003B11847704700BF0C1401202DF092BA83
:105AF0002DF042BB08B52DF03FFBBDE8084000206B
:105B00002DF0AEBB08B52DF0D7FA00202DF09EFB8E
:105B1000BDE8084001202DF0A3BB08B52DF0CCFA5C
:105B2000BDE8084000202DF091BB08B52DF0C4FA67
:105B3000BDE8084001202DF089BB000013B5124CD0
:105B40002DF06AFA114A1249124B0094012017F005
:105B50002FFE114B0D4A0E490094022017F028FE2B
:105B60000E4B0A4A009300210D4B032017F020FE34
:105B70000C49012017F02AFE0B489822002102B0A0
:105B8000BDE810403DF0ACBEF15A0300D55A030009
:105B9000C15A03002B5B03001B5B0300F55A030093
:105BA000055B0300ED5A03000C140120034B43F87E
:105BB000301003EBC0004260704700BF0C1401209E
:105BC000F0B504468C461778D3E9000185B0164637
:105BD0001D46002C36D0CFB14FEA112E0EF0C00E6C
:105BE000BEF1400F12D1BCF1000F04D000F0F6FC62
:105BF000204605B0F0BD00F067FC044608B1012462
:105C0000F6E71F4AD38B0133D383F1E702460B46F5
:105C1000384600F067FD0238C0B20128EFD80DF118
:105C20000F0300933078D5E9002300F0FFFB18B193
:105C30009DF80F30002BDBD1114A138B01331383F6
:105C40000224D5E727B10B0A03F0C003402BD6D0BE
:105C500002460B46384600F045FD02380128CED8F2
:105C60000DF10F0300933078D5E9002300F0DEFB3F
:105C70000028E1D09DF80F30002BC0D1DCE700BF39
:105C8000A41401202DE9F041884617461E4604461B
:105C900058B152EA06030E4D0AD100F02BFE01283E
:105CA00006D1EB880133EB8004462046BDE8F08145
:105CB0003A463346404600F09BFD20B9AB8801339D
:105CC000AB800224F1E7EB880133EB80EDE700BF06
:105CD000A41401201FB50B46DDE9064110B90020D0
:105CE00004B010BDCAB10A0A02F0C002402A14D1A1
:105CF00033B10AAB08AA2046039100F0C3FC039914
:105D0000DDE90A232046CDE900239DF8202000F09C
:105D100019FC003818BF0120E2E7DDE90A239DF8ED
:105D2000200000F0F0FC0238C0B20128D7D8034AA6
:105D3000538B013353830220D2E700BFA414012008
:105D40002DE9F04F90F800B00D88704E0BF00F0B5E
:105D500045FA0BF515F001051C4687B043788046DF
:105D60000F46914606D1338801333380284607B069
:105D7000BDE8F08F72884FF4C07A4AFA0BFA01320C
:105D80001AF0010A728001D00125EFE703F03F030A
:105D9000637484F810B010F8025B25F02BFCC5F397
:105DA0008015E574A574C4E90201C4E900017868AE
:105DB00004F1080304F113024946C0F38010FFF711
:105DC000FFFE0128054602D0022838D05546D7F8F4
:105DD00004C094F813E01CF0040AD4E902230ED0A6
:105DE000D7E90410834208BF8A4203D1CCF3C00C28
:105DF000E64526D03089013030814FF0020A78889C
:105E000040FA0BF0714600F00100FFF73BFF5045F0
:105E1000E17C21D27B6813F0040FD4E902E0D7E9DA
:105E200004C217D0904208BFE64503D1C3F3C003B4
:105E300099420CD0338901333381012D19D10025CA
:105E400094E77089013070814FF0010AD7E77389B8
:105E50000133738101250CE0788840FA0BF0D4E916
:105E6000022300F00100FFF70DFF0128F2D90228FC
:105E7000E3D02A2323FA0BF325754FF0010ADD073F
:105E800084F815A080D5404610F8085B25F0B2FBD9
:105E9000D4E9022383467868CDE90423ED09E37C45
:105EA0000293CDE900B188462A464946C0F3001066
:105EB000FFF710FF01283FF467AF0228BFD0D7E9F2
:105EC0000131D807FA687FF55FAF424508BF5945F1
:105ED00003D1C3F34002AA4213D0B2890132B28186
:105EE000002DACD04FEA182808F0C008B8F14008DF
:105EF000A5D19B06A3D5338C0133338484F8158058
:105F000034E7F3890133F3813EE700BFA414012095
:105F10002DE9F04F07461C4608883B7C634D18412D
:105F200010F0010087B00E46904605D12B88013352
:105F30002B8007B0BDE8F08F6B8801336B80D7E909
:105F40000023C4E90223C4E90023BB7CE374A374E7
:105F5000486804F1080304F113024146C0F38010BD
:105F6000FFF72EFE0128814603D002283CD04FF0D7
:105F70000009D6F804C094F813E01CF0040AD4E930
:105F800002230ED0D6E90410834208BF8A4203D10F
:105F9000CCF3C000864529D02889013028814FF0F4
:105FA000020A708897F810C040FA0CF0714600F0B1
:105FB0000100FFF767FE5045E17C23D2736813F0C0
:105FC000040FD4E902E0D6E904C218D0904208BF19
:105FD000E64503D1C3F3C00399420DD02B890133A9
:105FE0002B81B9F1010F1AD10020A2E76889013095
:105FF00068814FF0010AD4E76B8901336B814FF060
:1060000001090CE03B7C7088184100F00100D4E9E4
:106010000223FFF737FE0128F1D90228E1D084F8E6
:1060200014904FF0010984F815907B7C9B0701D4F4
:1060300001207EE7D4E9022397F813B07068D7E90E
:1060400002A7CDE90423E37C0293CDE900A75A46D9
:106050004146C0F30010FFF73DFE01283FF469AF51
:106060000228C1D0D6E90131D807F268E0D5BA429A
:1060700008BF514503D1C3F340025A4511D0AA8944
:106080000132AA81BBF1000FAED03F0A07F0C00772
:10609000403FA9D19B06A7D52B8C01332B84677574
:1060A000C6E7EB890133EB81C2E700BFA4140120EE
:1060B00030B50B4C0B4D002323700B4C23708B071A
:1060C00016BF21F003030B4604332B6003EB0013D0
:1060D000591A914296BF2070002088B230BD00BF8F
:1060E000CA140120CC140120CB140120F0B50E49B4
:1060F0009DF814C00D780D4909680024A54201D807
:106100000020F0BD0E7A864208D1D1E900769E4289
:1061100008BF974202D14E7A664502D00134103151
:10612000ECE70120EDE700BFCA140120CC140120E8
:10613000014B1878704700BFCB140120014B00229F
:106140001A707047CA14012030B50B490B4D0978FD
:106150002C78A1420DD90A49096801EB0411C1E963
:10616000002301349DF80C3008724B722C70012012
:1061700030BD0020FCE700BFCB140120CA14012071
:10618000CC1401202DE9F0411B4CDFF870E02768AA
:106190009DF818809EF8001084463C460025EEB21B
:1061A000B14201D8002021E0267A664520D1D4E909
:1061B00000069E4208BF90421AD1667A464517D122
:1061C000012901F1FF330ED09D420CD001F1805125
:1061D000013907EB01110A7A2272D1E90067C4E99B
:1061E00000674A7A62728EF800300120BDE8F081C3
:1061F00001351034D3E700BFCC140120CA140120AC
:10620000F0B50C490D780C4943EA00430C680021B5
:10621000C8B2854201D800200AE02046D0E90876BD
:106220009E4208BF974201F1010104F14804EFD1F9
:10623000F0BD00BFD4140120D814012030B585B0C2
:1062400005460C461022002168463DF049FB6A468F
:10625000ADF8004011462846240C8DF802402DF080
:10626000B3FB9DF802309DF801209DF800001B044F
:1062700043EA0223184305B030BD13B50421044698
:106280000DEB01002DF0FAFB0199C1F3150141F46A
:10629000800120460191FFF7D1FF019940EA01609A
:1062A000090A02B010BD000030B50C4C0C4D0023A3
:1062B00023700C4C23708B0716BF21F003030B4691
:1062C00004332B6000EBC00503EBC503591A914260
:1062D00096BF2070002088B230BD00BFD4140120CA
:1062E000D8140120D5140120014B1860704700BF5D
:1062F000D0140120014B1878704700BFD51401203D
:10630000014B00221A707047D4140120F8B50746DB
:106310001D46FFF775FF1646044688B92E4A2F4BD7
:1063200011781B788B4201D80020F8BD2C480468F6
:1063300001EBC10314EBC30401F101011170F3D0AF
:1063400045EA0745069BC4E90865224603F11001AA
:1063500053F8040B42F8040B8B42F9D1012384F863
:10636000403004F10F02631E13F8011F71B30023C4
:1063700084F84030079B04F11000024603F110013D
:1063800053F8045B42F8045B8B42F9D1012384F893
:10639000413004F12002034613F8011BC9B1002368
:1063A00084F8413000230022C4E90A23C4E90C2305
:1063B000C4E90E230023A4F8423094F841301BB9FD
:1063C000FFF75BFFC4E90C010120AEE79A42CBD195
:1063D000D0E79A42E0D1E5E7D4140120D51401209A
:1063E000D814012038B5FFF70BFF80B1084D2C7889
:1063F000012C09D90749482209686FF0470312FBAD
:10640000043319443DF06EF9013C2C70012038BD75
:10641000D4140120D814012008B5FFF7F1FE20B1F3
:106420009DF8083080F84330012008BD08B5FFF71B
:10643000E7FE20B1029B90F843201A70012008BDAE
:1064400010B5029CFFF7DCFE40B1D0E90A2352EA06
:1064500003011ABFC4E900230120002010BD10B5BC
:10646000029CFFF7CDFE40B1D0E90C2352EA0301B4
:106470001ABFC4E900230120002010BD08B5FFF7B2
:10648000BFFE28B1029BD3E90023C0E90C23012001
:1064900008BD10B5FFF7B4FE044698B190F840303F
:1064A00083B990F8423033B9FFF7E7FEC4E90A0137
:1064B000012384F84230D4E90A01029BC3E90001B8
:1064C000012010BD0020FCE7F7B51A4C94F800C07D
:1064D000194C002625683446F7B2BC4510D80CB3D9
:1064E000164C2468F4B1164E758C01357584D3E9C9
:1064F0000067CDE9006713780122A047002411E06E
:1065000095F8407097B9D5E90A748C4208BF874264
:106510000BD1E98C01F001011170296AAA8CC3E941
:1065200000120124204603B0F0BD01240136483595
:10653000D2E700BFD4140120D8140120D0140120C8
:10654000A41401202DE9F347DDE90A67914680464E
:1065500032463B4648460D46FFF752FEE8B190F8FA
:106560004140D4B9D0E90E23AB4208BF424516D012
:106570000C4BD3F800A0BAF1000F0AD00A4A938C52
:10658000013393844046CDE900674B4622462946B5
:10659000D047204602B0BDE8F0870024F9E7012487
:1065A000F7E700BFD0140120A414012038B5054638
:1065B0001046DDE904230C46FFF722FE50B190F8A7
:1065C000413043B9D0E90E23A34208BFAA420CBF11
:1065D0000120002038BD0020FCE700002DE9F74F26
:1065E0000E46010E41EA0621DFF894A0009205460E
:1065F0001F4621F07F414FF000084FF0480B1E4B23
:106600001B785FFA88F4A34205D81C4A138A013329
:106610001382002029E0DAF800300BFB043494F8F0
:106620004090B9F1000F23D1D4E90A23B34208BF47
:10663000AA4210D020460191FFF700FE25F07F43CB
:106640008342019914D10D4A84F84290538AC4E9D7
:106650000A5601335382E38C009A03F0010313704E
:10666000226AA38CC7E90023012003B0BDE8F08FA4
:1066700008F10108C3E700BFD4140120A4140120CD
:10668000D814012070B50E4611460546D3E9002303
:106690000878FFF7B5FD0446E0B190F84130CBB97A
:1066A000D0E90E23B34208BFAA4211D0290E41EA15
:1066B000062121F07F411030FFF7C0FD25F07F4318
:1066C000834207D1064AD38AC4E90E560133D382E6
:1066D000012004E0024A938A01339382002070BDB6
:1066E000A414012008B5FFF78BFD48B1D0E90A32A8
:1066F000134306D190F84030002B14BF0120022034
:1067000008BD0320FCE708B5FFF77AFD48B1D0E9E2
:106710000C32134306D190F84130002B14BF0120F6
:10672000022008BD0320FCE72DE9F041134E144F71
:1067300000254FF048083378ECB2A34201D8BDE8F9
:10674000F0813B6808FB043494F841302BB904F124
:106750001000FFF792FDC4E90C0194F840303BB9FA
:1067600094F8423023B12046FFF787FDC4E90A01BF
:10677000012384F844301D44DDE700BFD414012018
:10678000D814012008B5FFF73BFD30B1002290F886
:10679000443080F84420184608BD0346FBE708B59E
:1067A000FFF72EFD003818BF012008BD30B50C4C96
:1067B0000C4D002323700C4C2B7023708B0718BFDB
:1067C00021F00303094D0CBF0B4604332B6003EB90
:1067D000C003591A914296BF2070002088B230BD84
:1067E000DD140120DC140120DE140120E01401205E
:1067F00030B543EA00400A4B19680A4B1C7801EB9C
:10680000C404A14201D1002030BDD1E9005383422C
:1068100008BF954201F10801F3D10120F4E700BF60
:10682000E0140120DD140120014B1878704700BFEF
:10683000DE140120024A00231370024A13707047CD
:10684000DD140120DC140120F8B5064615461C466F
:10685000FFF7CEFF80B9094B094A197812788A42AE
:106860000BD9084A126802EBC10742F8315044EADA
:10687000064401317C6019700120F8BDDD1401204F
:10688000DE140120E0140120DFF84CC043EA004090
:10689000104B9CF80010F0B51C68254604EBC10EA7
:1068A000754501D1002014E02B46D3E900768642DD
:1068B00008BF974205F10805F2D101291EBF04EB7C
:1068C000C10454E90245C3E9004501398CF80010C0
:1068D0000120F0BDE0140120DD140120014B012254
:1068E0001A707047DC140120014B00221A707047A7
:1068F000DC140120014B1878704700BFDC14012024
:1069000008B516F053FEFFF719F9FDF7C3FDFEF7C2
:106910009FFEFEF77FFBFEF7B1FFFEF78DF9FEF756
:106920009DF9FEF721FD2CF033FEBDE80840FFF78E
:10693000ADB8000008B5034828F050FDBDE8084098
:1069400017F092BB71E1040008B513F025FA13F0BB
:1069500063FA13F053FA13F035FA13F056FA13F002
:1069600063FA13F068FA13F020FA13F057FA13F0F1
:1069700057FA13F030FA13F065FA13F035FA13F002
:1069800051FA034828F02AFDBDE8084013F07AB90F
:10699000099D04002DE9F041DDE906570C469846B3
:1069A000164616F0FDFD3A4629462046FFF7FEFE44
:1069B00005443F1A3A46294604464046FFF778FB0D
:1069C00004443A1A29183046FFF76EFC2044BDE80B
:1069D000F08170B516460D4613F04EF93146284643
:1069E00013F004FA361A054431460446284613F0DB
:1069F000DAF90444311A284413F0EBF9204470BD4D
:106A000030B585B003690193C36800930446837968
:106A1000427901790068FFF7BDFFE168226901440E
:106A2000121AE16022610546A068FFF7D2FFE36811
:106A30000344E36023691B1A236128440390FFF792
:106A40005FFFFFF777FFFFF77FFF039805B030BDCB
:106A500008B5034828F0C2FCBDE8084012F04ABD62
:106A60009197040013B504460548019128F0B6FC3F
:106A7000019A214602B0BDE8104016F0D3BE00BF17
:106A800051D8040008B512F061FD12F02BFE12F08F
:106A9000D9FD12F08BFD12F035FE12F0A9FD12F0B7
:106AA00077FD12F00FFE12F063FE12F05FFD12F0A0
:106AB000E9FD12F08BFD12F0BDFD12F049FEBDE8BC
:106AC000084012F031BE38B50546FFF799FFAB68B4
:106AD0000446998CD88BFFF7C5FFFFF7D3FFFFF76C
:106AE000B7FF12F0ADFF204638BD000037B50446B1
:106AF00015F004FC144B9C42144B4FF000020CBFE9
:106B0000DA701A7194F8423003F0FD03012B01D1C1
:106B100015F004FC204607F085F804F128050DF176
:106B20000701284624F0F9FB40B930340DF1070184
:106B3000204624F0F2FB20B903B030BD24F0D4FB92
:106B4000EDE724F0D1FBF1E718160120603A0120AF
:106B5000154A38B5154C164B106851681D6804F17C
:106B60003C0303C304F148002979124D07F082F970
:106B7000012016F02DFD15F0B9FB0123EB7094F800
:106B8000423003F0FD03012B01D115F0BFFB07F0EC
:106B90006BF800200123687184F89031A4F88E31DD
:106BA000BDE8384015F061BBFC3A01201816012001
:106BB00010160120603A0120054BDB7833B10548FF
:106BC000012380F899309C3017F082B9704700BFDC
:106BD000603A012018160120002015F046BB0C2059
:106BE00015F043BB08B5012016F008FDBDE80840CC
:106BF0000148FFF77BBF00BF1816012008B5012030
:106C000016F0FCFC0348FFF771FFBDE808400020C8
:106C100015F02BBB18160120FFF7E4BF034B044A05
:106C200019684B6813608B68536070471016012019
:106C3000FC3A012008B5084B08481B68197990F800
:106C400088308B4202D0483007F014F9BDE8084084
:106C5000002015F00ABB00BF1016012018160120F5
:106C600010B50446012016F0C9FCA37B03F0FD0318
:106C7000012B01D115F052FBD4F8980220B124F079
:106C800033FB0023C4F89832D4F8A00220B124F0DA
:106C90002BFB0023C4F8A032034AD378013BD37006
:106CA000BDE8104015F02ABB603A012038B5054612
:106CB0000C4C012016F0A2FC2C1B0B4AEB68A41113
:106CC00054430BB1A0B298470434E0B216F0BCFABA
:106CD00095F810320BB115F031FB15F00FFB0023C6
:106CE0002B7038BD28200120A38B2EBA38B50C4656
:106CF00005460E22002120463CF0F2FD204695F884
:106D0000703200F8023BD5E99E2324F079FC95F817
:106D10007132637095F8B8322372D5F81C31054A88
:106D2000A3FB0232DB0F43EA4203638195F8203173
:106D3000237338BDE3361A0038B50446012016F037
:106D400047FCA37B03F0FD03012B01D115F0DEFA14
:106D500000236370A370A4F8083284F83C30204606
:106D600007F07CFB054620B9204607F07BFC054672
:106D700040B1284615F036FB20460321BDE83840D7
:106D800007F042BE074AD3780133D37015F0AEFA4C
:106D9000012384F86830A4F866302846BDE83840FE
:106DA00015F020BB603A0120002015F01BBB00004D
:106DB00070B4017C104C8A1E514266785141B6EB8A
:106DC000410F4FF001024FEA410582700AD190F85D
:106DD000082222B900F5037070BC17F079B800F5ED
:106DE0003E70F9E72378AA4023EA020323700321C7
:106DF00070BC07F009BE00BFB0170120002015F0DD
:106E0000F1BA000010B5094C6378012B04D9BDE834
:106E100010400C2015F0E6BA04F1600024F075FB78
:106E200004F17000BDE8104024F06FBBB8170120DA
:106E3000034B5B7813B10C2015F0D4BA704700BF38
:106E4000B8170120024B587800B10C2015F0CABACF
:106E5000B817012008B5FFF703FF044B5B7823B197
:106E6000BDE80840002015F0BDBA08BDB8170120E4
:106E700038B51C4B1C68012016F0AAFB23790BB116
:106E800015F054FA184D23792B72D4E90223C5E981
:106E90000423E379AB72A3796B7208F0F5F8D0B1F3
:106EA000A861237980F81032A37980F81132E37950
:106EB00080F81232D4E90223C0E98623238AA0F89D
:106EC0000832638A03EB83035B00A0F80A320B23CA
:106ED000037263798371A86907F066FEBDE83840E4
:106EE00015F004BA9C28012068280120034B5A7829
:106EF000012A04BF00225A70704700BF6828012091
:106F000010B5084C6378012B04D1A069C3702830F8
:106F100016F0DEFFA06901230371BDE810400521D2
:106F200007F08CBD6828012030B50F4C6378012B29
:106F300085B007D1A0690025C3700571283016F00F
:106F4000C7FF6570A0696946FFF7D0FEA169074BCE
:106F5000C91A074B891159436A4689B23E2015F078
:106F600075FA05B030BD00BF682801202820012037
:106F7000A38B2EBA1FB50E4CA069C378012B04BF9A
:106F80000023C370FFF792FEA469237973B10E2228
:106F9000002168463CF0A4FC0649074B611A8911A0
:106FA00059436A4689B2442015F050FA04B010BD26
:106FB0006828012028200120A38B2EBA2DE9F04358
:106FC0003C4B85B01D6808F05FF8044600286ED081
:106FD000012016F0FDFA002384F8103295F82030D5
:106FE00084F8113295F8213084F81232D5E90A2359
:106FF000C4E9862395F823302F4F84F8B8322F4EFA
:107000004FF07A73C4F808320C233461A91D23723F
:1070100038460CF0F9FBBB8840F2E2425343C4F817
:107020001C3195F8203084F8703295F8213084F8BE
:107030007132D5E90A01DB07C4E99E011CD50B0AB0
:1070400003F0C003403B17D14FF000084FF0000998
:107050008DF807300DF1070202ABCDE90289FFF789
:10706000BDFA48B19DF8073043F0020384F871324D
:10707000DDE90223C4E99E23306907F095FD15F090
:1070800035F9AB88B3806B8BF380AB8B33812B8E60
:10709000738195F82230288B3373EB8B7080F381EA
:1070A00007F074FE05B0BDE8F04304F04DB805B03C
:1070B000BDE8F0839C280120A02801208828012019
:1070C0007047000010B5064C20690123C3702830BA
:1070D00016F0FEFE21693E20BDE8104008F010B811
:1070E00088280120034B18690123C370283016F04B
:1070F000EFBE00BF88280120044B1869C378012B1C
:1071000004BF0023C370FFF7D1BD00BF8828012052
:107110001FB5037A0B2B04460ED16946FFF7E6FD37
:107120000A490B4B611A891159436A4689B20020FA
:1071300015F08CF904B010BD0C2BFBD101460020DA
:1071400004B0BDE8104007F0DBBF00BF28200120DD
:10715000A38B2EBA01238370283016F0B9BEFFF737
:10716000A5BD0000012310B504468370283016F039
:10717000AFFE04F5187024F0C8F90548054B201A35
:1071800080115843BDE8104080B215F086B900BFA9
:1071900028200120A38B2EBAF8B50579C38815B134
:1071A000012D18D0F8BD4FF430720F490688408881
:1071B0005343CC18B4F84821921B8242F2DCD4E944
:1071C000506703F50A73C4E98A67C81815F0EEF82A
:1071D00084F83851E6E7044A4FF4307101FB032389
:1071E000002283F8A021DDE72820012008B515F052
:1071F00085F8064B00225A70054B93F821301BB1DD
:10720000BDE8084015F08AB808BD00BF603A01200B
:10721000383B012008B5012016F0DAF915F066F8C0
:10722000074B01225A70074B93F821300BB115F030
:107230006DF808F063F8BDE80840002015F006B8C6
:10724000603A0120383B012008B5012016F0C0F952
:1072500015F04CF8064B01225A70064B93F821307A
:107260000BB115F053F8BDE8084008F047B800BF6F
:10727000603A0120383B0120054B5B7833B105486B
:10728000012380F829302C3016F022BE704700BF51
:10729000603A0120E8280120002014F0D7BF0C201C
:1072A00014F0D4BF2DE9F041594B5B788AB0002B24
:1072B00000F0AA80574C94F82860BEB3D4F8BC8084
:1072C000B8F1000F2DD004F1D803012204F1A00180
:1072D0004046FEF735FD0646602023F0F9FF0546DF
:1072E000002800F08D8000F1080708F102013846FF
:1072F0000CF055FC38460CF0AAFC002837D1284683
:1073000023F0F2FF042023F0E3FF014630B14FF4F5
:1073100041734380404B187B23F0EFFF012016F0B0
:107320006DF90AB0BDE8F041FFF760BF3B4C08F0D3
:107330001DF9257C012DF1D13146242201A83CF014
:10734000CFFA43F60543ADF806303C238DF80830FC
:10735000A37C8DF80D300DF10E00D4E906238DF8D5
:107360000C5024F04DF901A814F068FFD6E7002E68
:10737000C5D00023AB70D4F81831AB6394F8EB3070
:1073800085F83C3094F8EA209A4207D1D4E9386174
:10739000D4E93602914208BF864203D043F002038B
:1073A00085F83C30D4E93823C5E9122300220023B4
:1073B000C5E9142394F8EB2094F8EA309A4207D1F7
:1073C000D4E93802D4E936139A4208BF884203D080
:1073D000D4E93623C5E91423104BD3E91C23C5E9AE
:1073E000162394F82A3085F83D300123EB870023DB
:1073F00085F84130084B2946187B23F07EFF90E743
:10740000002E3FF47FAF8CE70AB0BDE8F08100BFEB
:10741000603A0120E8280120A03A0120383B0120F1
:1074200008B5012016F0EAF8FFF7E0FE08F09EF834
:10743000BDE80840002014F009BF08B5012016F08F
:10744000DDF8FFF7D3FEBDE8084008F08FB8000074
:10745000054B30B51C68054D08340FCC0FC594E8BA
:107460000F0085E80F0030BD10160120403B0120C1
:1074700010B50446012016F0C1F8074B1868074BF9
:10748000201AC01058430430C0B215F02DFEBDE8DC
:10749000104014F033BF00BF742A0120DF3A82D2BB
:1074A00010B50446D0F8880828B1043823F01CFF32
:1074B0000023C4F88838D4F88C0728B1043823F0A6
:1074C00013FF0023C4F88C3794F83B300BB114F051
:1074D00025FF024A9378013B937010BD603A01206A
:1074E00038B51C4D0446012016F072F82A68137A4C
:1074F00084F88032002384F8813284F8823284F860
:10750000F836A4F8FA365168C4F88432204609F0F7
:10751000E3F9014640B1607814F0CCFF2046042125
:10752000BDE8384009F094B80B4A93780133937062
:1075300094F83B300BB114F0E9FE2B68596819B18F
:1075400004F51C7023F0DEFF60780021BDE83840B0
:1075500014F0B0BF782A0120603A012038B5164DEA
:107560000446012016F034F82A68137A84F8803231
:10757000002384F8813284F8823284F8F836A4F843
:10758000FA365168C4F88432204609F0A5F901465C
:1075900040B1607814F08EFF20460421BDE83840E9
:1075A00009F056B82B68596829B104F51C70BDE87C
:1075B000384023F0A7BF38BD782A012037B50D4DDC
:1075C000044600F51C70019023F09FFF2B68019882
:1075D000596809B123F096FF2B6860781B7A84F80C
:1075E0008032002184F8811203B0BDE8304014F0ED
:1075F00061BF00BF782A012010B5044600F51C7059
:1076000023F083FF002384F88232012384F8FA36C2
:1076100010BD4078002114F04DBF40780C2114F0CB
:1076200049BF0000F0B590F8F8569DB0044665BB20
:1076300000F51C7023F069FF2046FFF731FF0120A1
:1076400015F0DCFF94F8813294F8821260782A46B3
:1076500014F01BFE238C03F01D031D2B13D13C23C0
:10766000002206930023CDE90423CDE90223D4E9C7
:107670000C2360780795CDE90023012194F83A3076
:107680002A4600F0D1FA1DB0F0BDD0F88C67764FD5
:10769000002E76D000F5F56300F5EE61012230464C
:1076A000FEF74EFB002800F0CB80602023F010FE98
:1076B0000546002800F0C4806378038000238370AF
:1076C000314610A80CF042FA311805F108000CF010
:1076D00066FAD4F88C37002B7DD094F8BBC785F8B8
:1076E0003CC094F8BA37634504F5F66308D153E912
:1076F0000202D4F8B0675968914208BF864203D0AD
:107700004CF0020C85F83CC0D3E90001C5E9120138
:1077100000210020C5E9140194F8BB1794F8BA279A
:10772000914208D153E90202D4F8B06759689142F6
:1077300008BF864203D053E90223C5E9142301237D
:1077400085F83E30D4F8F436AB63484B387BD3E948
:107750001C23C5E9162394F8F93685F83D3001233A
:1077600085F83F3094F8813285F8403094F8F0364F
:1077700085F84130294623F0C0FD2046FFF790FEF2
:1077800081E7D0F88868002E8FD0314608A80CF029
:10779000DDF9311810A80CF002FA00230F939DF8C0
:1077A00020308DF8383003238DF83930DDE910238F
:1077B000CDE90A23DDE91223CDE90C23BDF82230FF
:1077C000ADF83A30012204F50C6304F5EE610AA825
:1077D000FEF79EFB66E794F8D3C885F83CC094F8A2
:1077E000D238634504F50C6308D1D3E90261D4F8BB
:1077F000C0085A68914208BF864203D04CF0020C80
:1078000085F83CC0D3E90201C5E91201002100203E
:10781000C5E9140194F8D31894F8D228914208D1FC
:10782000D3E90261D4F8C0085A68914208BF864281
:1078300003D0D3E90023C5E9142394F825387FE762
:10784000637826F8043C082306F8023C032306F874
:10785000013C387B311F23F050FD01201DB0BDE8F5
:10786000F04015F0CBBE00BFA03A0120383B01200C
:1078700010B50446FFF714FE012015F0BFFE607836
:107880000021BDE8104014F015BE10B50446FFF706
:1078900007FE012015F0B2FE2046BDE8104008F0BA
:1078A00007B83C2380F88232012380F8FA3670470B
:1078B000F0B5D0E9007600221346C3F12005A3F10C
:1078C000200427FA03F106FA05F5294326FA04F401
:1078D0002143C90742BF811801320B720133252BA6
:1078E000EBD180F82D20F0BD73B5044600250120B2
:1078F00015F06EFE84F81E5206F0EEF8284BA4F840
:107900002851D3E90C232546C4F82401E5E98C234A
:10791000284614F04BFDD4F82431B4F8281183EA3A
:1079200013430126A4F86032284684F85E6208F00A
:10793000C5F884F81D02204609F01AF9054650B131
:107940002046032109F0DCF86078294602B0BDE842
:10795000704014F0E6BDA37884F82161012B15D1A5
:1079600094F8DD280AB984F82A31D4F8C423B4F88D
:10797000C0130192009114F019FCDDE9001223F00C
:1079800067FE0123A4F8D00384F8DE386078002174
:1079900014F0C7FD02B0BDE8704014F0A7BC00BFF2
:1079A000603A01204078002114F0BBBD40780C21E2
:1079B00014F0B7BD37B58378012B044613D190F886
:1079C0002151012D0FD1D0F8C423B0F8C01301927A
:1079D000009114F0EBFBDDE9001223F039FE84F88E
:1079E000DE58A4F8D003012384F81E3204F5967003
:1079F000002384F8213184F82A3103B0BDE83040F7
:107A000016F066BA10B590F82031012B044604D167
:107A1000FFF7D0FF2046FFF72BFD2046BDE81040C2
:107A2000FFF7EABD10B590F82031012B044604D1D0
:107A3000FFF7C0FF2046FFF71BFD2046BDE81040C2
:107A400007F036BF10B50446FFF712FD607800213D
:107A5000BDE8104014F065BD90F85030012B12D0F5
:107A6000094B1B68D3E90223C0E99A23C0E9162316
:107A7000B0F828310633A0F86030082380F852307F
:107A8000012380F850307047702A0120D0F8E83880
:107A90000BB1407818477047D0F8EC380BB14078FC
:107AA00018477047682200213BF01ABF5030FFF79B
:107AB000F9BF2DE9E84106461820884615461F46BD
:107AC0000AF052F878B380F800802B8843702B8836
:107AD0001B0A83706B88C3706B881B0A0371AB88A9
:107AE0004371AB881B0A8371EB88C371EB884772C3
:107AF0001B0A0372B6F816318372B6F816311B0AE8
:107B0000C37200F11A0100F10E03FF2203F8022CE8
:107B100003F8012C02339942F8D101463046BDE802
:107B2000E84109F0FFBFBDE8E88138B50446092007
:107B30000D460AF019F8002842D0057094F8141286
:107B4000B4F82A22B4F82E3219B1D4F81812090563
:107B500023D4B2F5056F28BF4FF40562B3F5056F66
:107B600028BF4FF40563B4F828124170B4F8281206
:107B7000C270090A120A81700271B4F82C22427193
:107B8000B4F82C22C371120A1B0A827103720146D7
:107B90002046BDE8384009F0C5BF94F845100329D8
:107BA00004D1B2F5296F38BF4FF4296294F844101C
:107BB0000329D8D1B3F5296F38BF4FF42963D2E731
:107BC00038BD70B5054602200E4609F0CDFF0446CB
:107BD00048B3067015F0A0FD1428034617D91E28D7
:107BE00017D9322817D94B2817D9642817D99628BE
:107BF00017D9FA288CBF0023012395F8CA22134411
:107C0000637021462846BDE8704009F08BBF07230A
:107C1000F3E70623F1E70523EFE70423EDE703236A
:107C2000EBE70223E9E770BD2DE9F0418CB0044693
:107C3000884615460021202204A89DF860601F4652
:107C40003BF04EFE0523ADF80C408DF80E308DF85C
:107C50000F608DF81060ADF812408DF814808DF82B
:107C6000157045B1AB8C2A6AADF8203095F82B30F1
:107C700007928DF82230DDE912230DF1160023F072
:107C8000BFFCDDE914230DF1290023F0B9FC0DF14F
:107C90002300DDE9162323F0B3FC03A814F0CEFA89
:107CA0008EB90A4B1B6A5B040DD52123ADF8063053
:107CB00001A89DF86430ADF80440ADF808408DF897
:107CC0000A3014F0BBFA0CB0BDE8F081603A012034
:107CD000044B1A68043200F51B7307CA83E80700D7
:107CE000704700BF042B01200A4BB0F816215B8AB5
:107CF0009B1A9BB247F6FE72934210B5044602D916
:107D0000492109F00FFB044A07CA04F51E7383E8F2
:107D1000070010BD902A0120982A01201FB5124BA0
:107D2000124A1B688DF80310C31A1B11534300221B
:107D3000CDE901229BB2ADF80C200722ADF800304E
:107D40008DF802208DF80410ADF8063031B9B0F886
:107D50008032D0F87C220292ADF80C30684614F0E4
:107D60006DFA05B05DF804FB082B0120CF467D6756
:107D7000034B1B68D3E90223C0E9A823704700BF67
:107D8000042B012010B50446082009F0EDFE014641
:107D900028B3B4F81631B4F8142113440733A4F807
:107DA000A83201230370D4F8A0324370D4F8A03273
:107DB0001B0A8370B4F8A232C37094F8A332037123
:107DC000D4F8A4324371B4F8A8328371B4F8A8325D
:107DD0001B0AC3712046BDE8104009F0A3BE10BDC8
:107DE0000E4B30B4044600F528750FCB85E80F0024
:107DF000B4F81621B4F8A8329B1A9BB247F6FE726B
:107E0000934204D8D4F8A4220346134304D1204655
:107E1000492130BC09F086BA30BC7047982A01204D
:107E200038B50546092009F09FFE0446A8B1AB7895
:107E30000A4A002B0CBF08230E2300F8013B084B15
:107E4000D3E908130A4003F00F0323F0C4FB2146D3
:107E50002846BDE8384009F065BE38BD2FCF87F70A
:107E6000603A012038B50546092009F07DFE044638
:107E7000B0B1092300F8013B0A4BB5F81812D3E959
:107E80000823120C12041143074A03F00F030A409F
:107E900023F0A1FB21462846BDE8384009F042BE48
:107EA00038BD00BF603A01202FCF87F70D4A0E4939
:107EB000D2E9023210B5D1E908410A400B491C4011
:107EC00002F00F022140C0E98612012280F814223C
:107ED000C3F34022C3F3802380F8482080F8493060
:107EE00010BD00BF902A0120603A01202FCF87F7F4
:107EF00090F80D2203464AB9012280F80D22044A67
:107F000090689289C3F80E02A3F81222704700BF4E
:107F1000902A01201FB5114B114A1B68C31A1B116F
:107F200053439BB2ADF80030ADF8063090F80E32F6
:107F30008DF808300922B0F81032ADF80220ADF803
:107F40000A300022B0F812328DF804206846ADF8ED
:107F50000C3014F073F905B05DF804FB082B012018
:107F6000CF467D6710B50446022009F0FDFD0146AD
:107F700040B102230370237A43702046BDE81040CD
:107F800009F0D0BD10BD00001FB5027AFF2A1BD03A
:107F90000F4B10491B68C31A1B114B439BB2ADF822
:107FA0000430ADF80A30D0F86032062113F0010F2A
:107FB000ADF8061018BF1622002101A88DF8081090
:107FC0008DF80C2014F03AF905B05DF804FB00BF01
:107FD000082B0120CF467D67034B1B7A03720123D8
:107FE00080F85832704700BF902A0120024B1B686E
:107FF0001B790372704700BF042B01203E230372DC
:108000007047222303727047FF23037270472823AF
:10801000037270473D2303727047000030B5054D71
:1080200000F521740FCD0FC495E8030084E8030028
:1080300030BD00BF982A01202DE9FF41264FBB68C3
:108040000193FB680293002303934368DA06044616
:1080500038D40DF10408404608F094FE90BB07F1B7
:1080600008060FCE04F521750FC596E80300636876
:108070009B0685E8030028D43B89B4F86C229A4219
:1080800005D8B4F86E229A4228BFA4F86C327B89D6
:10809000B4F86C229A4205D8B4F86E229A4228BFEE
:1080A000A4F86E32BB89B4F87022934228BF1346FD
:1080B000A4F87032B4F87222FB89934238BF134699
:1080C000A4F8723204B0BDE8F08198E8070004F526
:1080D0001B7484E80700F5E7902A0120FFF7F8BD3C
:1080E000B0F86E32072B8CBF0823042300F51B72F7
:1080F0000F21FFF7DEBC0000034B1A68102101239B
:108100000432FFF7D6BC00BF042B012070B52E4B04
:10811000D0F884121D682D4BB0F88622451B88B01C
:108120002D115D43B0F884320191D0F8881202918C
:1081300093424FF000010446ADB203910AD090F88B
:108140008C322BB91E21284612F0F6FD08B070BD06
:108150009A42F7D301A808F015FE0028F2D1B4F82E
:108160008432B4F81821B4F88662B4F88802B4F8FE
:108170008A1293420BD19E4209D1B4F81421824253
:1081800005D1B4F886410A224A43A24216D01022F1
:10819000ADF81A000DEB0200ADF81050ADF812204A
:1081A000ADF81450ADF81630ADF81860ADF81C10ED
:1081B00014F044F80028C9D11A21C4E701A92846BF
:1081C00012F084FDC2E700BF082B0120CF467D6777
:1081D000084B1B6810B59A88DB88A0F82C22A0F801
:1081E0002E3200F50A71044609F0B9FBA4F83802F2
:1081F00010BD00BF042B01201421FFF796BC1521F0
:10820000FFF793BC1FB5134B134A1B688DF803107F
:10821000C31A1B1153439BB2ADF80030ADF80430C4
:10822000B0F83432ADF80630B0F83632ADF8083078
:10823000B0F83032ADF80A301222B0F832328DF890
:1082400002206846ADF80C3013F0F8FF05B05DF879
:1082500004FB00BF082B0120CF467D673D4B2DE975
:10826000F047B3F80C90B9F11A0F04466FD9B3F880
:1082700008A0BAF11A0F6AD9DA89B2F5A47F66D3D9
:108280005B89B3F5A47F62D390F81412B0F8307212
:10829000B0F83252B0F834C2B0F83662B0F82AE220
:1082A000B0F82E8219B1D0F81812090509D4BEF51C
:1082B000056F28BF4FF4056EB8F5056F28BF4FF462
:1082C0000568B4F82C02B4F82812504528BF50466F
:1082D000494528BF4946434528BF4346724528BF04
:1082E000724694F845E0A4F83402BEF1030FA4F8F6
:1082F0003012A4F83632A4F8322206D1B2F5296F32
:1083000038BF4FF42962A4F8322294F84420032A9B
:1083100006D1B3F5296F38BF4FF42963A4F836327C
:10832000604509D1B94207D1B4F83632B34203D11E
:10833000B4F83232AB4203D000212046FFF762FF8F
:1083400004F50C71204609F00AFBA4F83A02BDE8D6
:10835000F08700BF902A012010B50446032009F0E1
:1083600003FC014658B1192303700B4B1A681279AC
:1083700042701B685B798370204609F0D3FBD4F808
:10838000603223F02003C4F8603220463921BDE872
:10839000104008F0C7BF00BF042B0120084B1A7A19
:1083A0005B7AD10748BF80F84032910748BF80F818
:1083B0004132520748BF80F84232392108F0B2BF3B
:1083C000902A0120024B1B681B7980F8C832704745
:1083D000042B012090F8C83223B1012B0CD01D21B1
:1083E000FFF7EFBB084B90F9CA2293F938309A4255
:1083F000F5DA80F8CA32F2E7034B90F9CA2293F912
:1084000038309A42EBDDF4E7603A01201E21FFF795
:10841000D8BB0000064B10B50446187AA37884F840
:108420002002012B03D109F0B5FFA4F8F80010BD1C
:10843000902A01201FB50D4B0D4A1B68C31A1B1152
:1084400053439BB22D22ADF80430ADF80620ADF8B1
:108450000A30002290F820328DF8082001A88DF80B
:108460000C3013F0EBFE05B05DF804FB082B012087
:10847000CF467D6710B50446022009F075FB014622
:1084800048B107230370044B5B7943702046BDE875
:10849000104009F047BB10BD902A012038B50446B2
:1084A0000D4662B9D0F818325B0702D590F8143245
:1084B0002BB9022009F058FB014688B938BD0320CA
:1084C00009F052FB01460028F8D011230370064B37
:1084D0005B79437085702046BDE8384009F022BBC7
:1084E0000D2303704570F6E7902A012010B590F82F
:1084F0000C320446FBB9012380F80C32062009F047
:1085000033FB0146E8B10C2303700E4B1A68127955
:1085100042701A68128882701A681288120AC27031
:108520001B685A8802715B881B0A43712046BDE8AC
:10853000104009F0F7BABDE8104000222421FFF7EF
:10854000ADBF10BD283A01204268D10203460CD5C8
:10855000D3F86022D20700F52E7003D5B3F8861148
:1085600022F0D0BF282122F0C7BF70474368DB024A
:1085700003D500F52E7022F0C8BF70473A2108F0ED
:10858000D1BE012380F89B317047000070B50023F5
:1085900000F5B47686B0044680F89B31304622F070
:1085A0003FFF78B9204609F0EEF905460DF10F01BD
:1085B000304622F0B2FE034630B9094B0221187B47
:1085C00026F0DAFE06B070BD194604A801930CF03F
:1085D0005BF9019B04AA2946204609F007FAE5E762
:1085E000A03A012010B5044600F5B87022F018FF3B
:1085F00028B120462A21BDE8104008F093BE10BDE6
:10860000012380F89A317047002380F89A3170472F
:10861000024B1B6803B11847704700BF002B0120B5
:10862000024B1B6803B11847704700BFF02A0120B6
:10863000024B1B6803B11847704700BFE42A0120B2
:10864000F0B5B0F87032A0F87E320126B0F8723280
:10865000B0F86C12B0F86E22B0F83A72A0F880321E
:10866000044680F8786290F88C0287B040F2E243CA
:1086700059435A4358430391029214F0CFFC0346E6
:10868000104805681048651B2D11454305A8CDE924
:108690000070DDE90221E8B214F002FD28B93C21A6
:1086A000204608F03FFE07B0F0BD059B074A84F85E
:1086B000F860A3FB0232DB0F43EA4203A4F87C32EA
:1086C000F1E700BF082B0120CF467D67E3361A0093
:1086D0000C3015F049BC00002DE9F04788B0044685
:1086E0000E4690461F4608F099FB0546002861D0CB
:1086F000DFF800A1DFF80091DAF80010E38BB4F89E
:108700001CC0401A3849029107A900110191B5F81F
:108710003A12009140F2E24209FB00F0534300217B
:1087200002FB0CF2C0B214F08BFC88B9284608F0AA
:108730003BFC0D253146284642463B4605F07BFB77
:10874000022120460AF086FC284608B0BDE8F087E2
:10875000DAF80030254AED1A079BA3FB0232DB0F43
:1087600043EA4203A4F8623000236370A370A4F8C4
:1087700008322D119DF8403084F86A3009FB05F568
:108780009DF84430A4F8605004F11C0184F86B306B
:108790000120059114F01CFF0599009642463B46C6
:1087A00020460AF0DBF90599054628B1012014F0AE
:1087B00025FFBFE70925BDE7009642463B46204618
:1087C0000AF052FB05460028F0D194F86A3003F015
:1087D000FD03012B01D113F099FD054A13790133F3
:1087E000137113F083FDAFE779160400E3361A0026
:1087F000603A0120082B0120CF467D6710B5044662
:10880000012014F0FBFE94F86A3003F0FD03012B05
:1088100001D113F083FDD4F8980220B122F064FD59
:108820000023C4F89832044A1379013B1371BDE860
:10883000104013F063BD00BF603A0120F8B5044654
:10884000602022F045FD0746002851D0B4F8603082
:108850004FF43C7253433E4A12681A44002191700F
:108860003C4A1B115343038042F60133438004F119
:10887000280600F108050FCE0FC50FCE0FC596E8EC
:108880000F0085E80F0094F86830012B3FD194F871
:10889000DB2294F8DA128A42D4E9B45305D1D4E940
:1088A000B260834208BFB5422FD042F002068A422E
:1088B00005D1D4E9B2129A4208BFA94244D0D4E902
:1088C000B20187F83C60C7E91253D4E91623C7E91F
:1088D000162394F8693087F83D3094F86C3087F8A7
:1088E0003E301D4BC7E91401187B394622F005FDC7
:1088F0002046FFF783FF194B194AE41A194BE4107D
:108900005C430123A3405372F8BD1646CFE794F8A9
:10891000C32394F8C2138A42D4E9EE5305D1D4E9B3
:10892000EC60834208BFB5420CD042F002068A4296
:1089300005D1D4E9EC129A4208BFA94204D0D4E987
:10894000EC01BEE71646F2E700200021B9E700BFC0
:10895000082B0120CF467D67A03A0120C82C0120BA
:10896000B82C0120D578E9262DE9F74FB0F84882D8
:108970000646232009F0F8F80446002800F0F380AA
:10898000B6F81411B6F81631784F07314FF4307B32
:108990000BFB087B1FFA81F913FA81F189B230468B
:1089A000DBF83051BBF834A108F07CFEB6F83A127F
:1089B00000900144019114F0BBFE01994318184640
:1089C0002946019314F0D4FE019B002800F0A880F2
:1089D0002946184614F0CCFEDBF81C11B0FBF1F36D
:1089E00001339BB201FB035053441FFA83FA0099F1
:1089F00014F0BEFE5E4B984200F2A2805D4A002356
:108A0000A0FB0202C2F34F0218461C212170B6F8E7
:108A1000461261709B03B6F84612E27043EA403397
:108A200013434FF4307505FB0875090A1B12A1703A
:108A30002371D5F81C21504BA2FB0321D20F42EA2F
:108A400041026271D5F81C21A2FB0323C3F3D713A3
:108A5000A371D5E98A3295F82011E37142EA4112F7
:108A6000190A2172190C1B0E6172E272A372EB6D6E
:108A70002373EB6D1B0A6373B5F85E30A37395F82F
:108A80005F30E3732B6E23742B6E1B0A6374B5F88F
:108A90006230A37484F813A04FEA1A2A84F814A051
:108AA000B6F816314B446375B6F816314B441B12B9
:108AB000A375B5F83431E375B5F834311B0A237664
:108AC00095F8723295F8709249EA031908F09AFD08
:108AD0004FFA89F949EA4010607695F8B832022BCE
:108AE00004F11B0003D0032B14BF01230423A3763E
:108AF0004FF4307303FB0877D7E9A02322F080FD01
:108B0000B6F8163184F82130B6F8163121461B0A22
:108B1000304684F8223003B0BDE8F04F09F002B8C7
:108B20001946284614F024FEDBF81C11B0FBF1F3C3
:108B300098B2AAEB030A01FB10501FFA8AFA56E713
:108B4000B0F5161F0D4A28BFA0F51610A0FB0212A3
:108B50004FF0030101FB00222CBF01230023C2F3CD
:108B60008F22012051E703B0BDE8F08F28200120BB
:108B7000E1BF030012111111E3361A009E36D069CD
:108B80002DE9F84F064690F8480206F095FE054696
:108B9000232008F0E9FF0446002800F0FA80B6F828
:108BA0001411B6F81631D5F834A1B5F8288107317B
:108BB0008FB213FA81F189B2304608F073FDB6F82E
:108BC0003AB28146834414F0B3FD8344514658467B
:108BD00014F0CEFD002800F0B7805146584614F03E
:108BE000C7FDD5F82022B0FBF2F301339BB202FBA4
:108BF00003A043441FFA83F8494614F0B9FD664BBD
:108C0000984200F2B180654A0023A0FB0202C2F341
:108C10004F0218461C212170B6F8461261709B0362
:108C2000B6F84612E27043EA40331343090A1B12B6
:108C3000A1702371D5F82022594BA2FB0321D20F3A
:108C400042EA41026271D5F82022A2FB0323C3F35A
:108C5000D713A371D5E98C9A08F0D4FC4FEA1923F5
:108C600084F8079023724AEA40104FEA19434FEA0A
:108C70001969637284F80A90E072D5F85C31237345
:108C8000D5F85C311B0A6373B5F85E31A37395F8B0
:108C90005F31E373D5F860312374D5F860311B0A76
:108CA0006374B5F8623184F813804FEA1828A3740E
:108CB00084F81480B6F816313B446375B6F8163163
:108CC0003B441B12A375B5F82831E375B5F828317C
:108CD0001B0A237695F83930DA0702D52F79012F50
:108CE00009D0022B53D16F693F0A07F0C007A7F1E3
:108CF00040035F425F4195F8428008F083FC4001E9
:108D000040EA071048EA000884F8198095F86431B1
:108D1000022B04F11B0003D0032B14BF01230423F7
:108D2000A376D5E9042322F06BFCB6F8163184F85B
:108D30002130B6F816311B0A84F82230214630461D
:108D4000BDE8F84F08F0EEBE5946504614F010FD4D
:108D5000D5F82022B0FBF2F399B2A8EB030802FB8E
:108D600011A01FFA88F847E7B0F5161F0D4A28BF73
:108D7000A0F51610A0FB02124FF0030101FB00202A
:108D8000C0F38F222CBF01230023012042E70027DC
:108D9000B1E7BDE8F88F00BFE1BF03001211111168
:108DA000E3361A009E36D069054B1B689A8880F816
:108DB00044221A89DB88A0F84622A0F8483270477E
:108DC000042B012090F843225AB9012280F8432253
:108DD000D0F8602222F04002C0F86022392108F069
:108DE000A1BA704770B52E4C0546D4E90A2394F811
:108DF000211094F8200005F05BFE00284FD195F873
:108E00004A32002B45D0382022F062FA0146002871
:108E10003FD04FF48673438023898380821D04F101
:108E20000A0304F11A0053F8046B42F8046B8342FE
:108E3000F9D11B8813801B4B1B4A1B68EB1A1B11B3
:108E400053430B83A38B4B83B5F816318B83E38B92
:108E5000CB8394F8203081F8203094F8213081F8C9
:108E6000213094F8223081F8223094F82330022BFC
:108E700003D0042B14BF0123032381F82330D4E94A
:108E80000A23C1E90A23238E0B86084B187B22F0A4
:108E900034FA28463921BDE8704008F043BA70BD65
:108EA000902A0120082B0120CF467D67A03A01209F
:108EB00090F80A325BB190F80932B0F80822A0F8B5
:108EC0006620012B0CBF00F58B7300238366002303
:108ED00080F80A32012380F864307047002380F85C
:108EE0006430704790F80A325BB190F80932B0F8FC
:108EF0000822A0F86620012B0CBF00F58B7300231D
:108F00008366002380F80A32012380F865307047B9
:108F1000002380F86530704710B5124B044603F10A
:108F2000080203CA1A8AA4F8CC21D3F81220C4F884
:108F3000AC21D3F81620D3F81A30C4F8C401C4F811
:108F4000C81104F5E070C4F8B021C4F8BC310421A4
:108F50002AF094FD04F5DA700821BDE810402AF0EB
:108F60008DBD00BF902A0120064B1B6800F5CE7016
:108F70001A1D143352F8041B40F8041B9A42F9D10D
:108F8000704700BF042B01200623037270470000C6
:108F900070B5044600F14C0500F5D672294600F57F
:108FA000CE702AF011FDD4F8BC31E365D4F8C0319D
:108FB0002366002384F875300C4BA2780020002132
:108FC000C4E97401C4E976011968094B611A0911F1
:108FD0005943B2FA82F2074B520984F874202846AA
:108FE0001B68BDE87040C9B2184700BF082B0120BC
:108FF000CF467D67D02A0120482108F093B910B5EB
:1090000004460D2008F0B0FD014698B10346042245
:1090100003F8012BD4F8B421C0F80120D4F8B8210A
:109020005A60D4F8C031C0F809302046BDE810407D
:1090300008F078BD10BD10B50446012008F094FD7D
:10904000014630B1052303702046BDE8104008F00A
:1090500069BD10BD10B50446012008F085FD01462C
:1090600030B1062303702046BDE8104008F05ABD19
:1090700010BD10B50446012008F076FD014630B160
:109080000A2303702046BDE8104008F04BBD10BD18
:1090900010B50446012008F067FD014630B10B23EE
:1090A00003702046BDE8104008F03CBD10BD10B56F
:1090B0000446012008F058FD014630B11223037028
:1090C0002046BDE8104008F02DBD10BD10B5044687
:1090D000012008F049FD014630B1132303702046FA
:1090E000BDE8104008F01EBD10BD00001FB5104BBC
:1090F000104A1B68C31A1B1153439BB2ADF80030D2
:10910000ADF80430B0F8CC31ADF80E30D0F8C43141
:10911000CDF806300D22D0F8C831ADF802206846EF
:10912000CDF80A3013F08AF805B05DF804FB00BFF3
:10913000082B0120CF467D671FB50E4B0E4A1B68DA
:109140008DF80710C31A1B1153439BB2ADF80430BE
:109150000B22ADF80A3090F865308DF8062001A892
:109160008DF808108DF80C3013F068F805B05DF834
:1091700004FB00BF082B0120CF467D670B4B07B5D2
:109180001B680B4AC31A1B1153430C229BB2ADF848
:10919000022068460022ADF800308DF80420ADF8BA
:1091A000063013F04BF803B05DF804FB082B0120E8
:1091B000CF467D670A4B07B51B680A4AC31A1B11C5
:1091C00053439BB211226846ADF80030ADF802203F
:1091D000ADF8043013F032F803B05DF804FB00BFC3
:1091E000082B0120CF467D67D0F8F41100F5FC7004
:1091F00022F088B938B5124B1B68044600F5CE71D1
:1092000003F10E0203F11E0052F8045B41F8045B07
:109210008242F9D15A68C4F8C4219A68C4F8C821B6
:109220009B89A4F8CC3104F5DE7004212AF026FCD9
:1092300004F5D6700821BDE838402AF01FBC00BFF5
:10924000042B012010B5064C04F10802034603CAA2
:109250002269C3F8B401C3F8B811C3F8C02110BD26
:10926000902A012010B50446172008F07DFC014625
:1092700010B30346032203F8012BD4F8C421C0F82D
:109280000120D4F8C8215A60B4F8CC314372B4F844
:10929000CC311B0A8372D4F8AC31C0F80B30D4F84F
:1092A000B031C0F80F30D4F8BC31C0F813302046CC
:1092B000BDE8104008F036BC10BD00002DE9F041BB
:1092C0003E4B86B01C6807F0A9FD0546A8B9D4E955
:1092D000062394F82010092004F0ADFD042021F0AD
:1092E000F7FF014630B140F203334380344B187B23
:1092F00022F003F806B0BDE8F081DFF8DC80314EE3
:10930000D8F80000A188E3882F4F0296281A05AEEE
:109310000011019640F2E242B5F83A6200967843B5
:109320005343C0B24A43002113F08AFE40B9284695
:1093300007F03AFED4E9062394F820100D20CBE77D
:10934000D8F80030214E224ADFF89080EB1A1B112A
:109350007B43A6F88030059BA3FB0232D4E90401CD
:10936000DB0F43EA4203A6F8823006F13C0383E8B0
:109370000300012014F02CF912F0B8FF96F84230E7
:10938000012703F0FD03BB4288F8047001D112F0FD
:10939000BDFF86F89071A6F88E71D4E9062394F883
:1093A0002010201D09F0AEFA0A49284608F010FEE8
:1093B00009F088FB88F805709CE700BF10160120B3
:1093C000A03A012079160400CF467D67202B0120AA
:1093D000E3361A00682B0120082B0120603A012097
:1093E000054B1B7933B10548012380F899309C3037
:1093F00014F06EBD704700BF603A0120202B0120A1
:10940000F8B5394B1B79002B69D0602021F060FF43
:10941000074600285BD0354CB4F880304FF43C72DE
:109420005343334A12681A4400219170314A1B1188
:109430005343038042F60133438004F1480600F1B0
:1094400008050FCE0FC50FCE0FC596E80F0085E8B3
:109450000F0094F86B3187F83C3094F86A219A42F7
:1094600007D1D4E95851D4E95602914208BF854248
:1094700003D043F0020387F83C30D4E95823C7E90E
:10948000122300220023C7E9142394F86B2194F8D7
:109490006A319A4207D1D4E95802D4E956139A4264
:1094A00008BF884203D0D4E95623C7E91423D4E97E
:1094B0001E23C7E9162394F8853087F83D30012331
:1094C00087F83E300C4B3946187B21F016FF0120FF
:1094D00014F094F8BDE8F8400448FDF707BBBDE878
:1094E000F840FFF77DBF00BF603A0120202B01202C
:1094F000082B0120CF467D67A03A012013B5134BFE
:10950000134C1B68B4F880204FF43C7000FB023011
:109510004C2107F007FF012014F070F82046FDF7FA
:10952000E5FA00230093ADF80430684608238DF86F
:10953000023012F083FED4F81411D4E94823C1F3A9
:10954000C001022004F077FC02B010BD082B0120FE
:10955000202B012010B50A4B0A4C1B68B4F8802060
:109560004FF43C7000FB02304B2107F0DBFE012082
:1095700014F044F82046BDE81040FDF7B7BA00BF2C
:10958000082B0120202B0120044B19680C20D1E965
:10959000062391F8201004F04EBC00BF10160120E5
:1095A00007B5054B009368460C23ADF8043012F064
:1095B00045FE03B05DF804FB0000080C0123837036
:1095C00090F808321BB900F5037014F081BC00F567
:1095D0003E70FAE72DE9F3411C4F1D4DDFF8748012
:1095E00006460024AB7A2341DA0711D56B7A234172
:1095F000DB070DD4B7F860304FF43C725343D8F812
:109600000020D018D35C012B02D14C2107F08AFE38
:109610000134032C07F57A77E4D13046FFF7EEF8F2
:109620003378032B0FD000230093ADF80430684645
:1096300008238DF8023012F001FED5E90023297AC3
:10964000022004F0F8FB02B0BDE8F081C82C012034
:10965000B82C0120082B0120044B19680C20D1E9FB
:10966000062391F8201004F0E6BB00BF101601207D
:1096700007B5054B009368460C23ADF8043012F093
:10968000DDFD03B05DF804FB0000080C074B1B6810
:109690001A7980F83C225A7980F83D229A7980F82C
:1096A0003E221B8980F84730704700BF042B012001
:1096B000024B1B89A0F8B032704700BF902A0120EE
:1096C0000D490B8910B4024623B939215DF8044BCA
:1096D00007F028BEB0F816414B891B1B9BB247F61A
:1096E000FE74A34201D94921F0E788685DF8044B74
:1096F000C2F8B202704700BF902A012070B580F80E
:10970000B01280F8B122044603200E46154608F038
:109710002BFA014640B1162303704670857020462F
:10972000BDE8704008F0FEB970BD70B50446032076
:109730000E46154608F018FA014640B1172303708B
:10974000467085702046BDE8704008F0EBB970BDEA
:10975000F8B5044605200F46164608F005FA0546FA
:1097600030B357EA0602B4F8143184F8B27284F8C0
:10977000B36216D0B4F8162113440733A4F8B432F8
:1097800018232B706F70AE70B4F8B432EB70B4F86D
:10979000B4321B0A2B7129462046BDE8F84008F078
:1097A000C1B9A4F8B4223921204607F0BBFDE7E790
:1097B000F8BD00001FB50F4B0F4A1B688DF807104E
:1097C000C31A1B1153439BB200228DF80920ADF838
:1097D00004301622ADF80A30B0F844308DF8062077
:1097E00001A88DF80810ADF80C3012F027FD05B077
:1097F0005DF804FB082B0120CF467D67F8B5046AAD
:10980000B4F8982005469AB1042021F061FD014684
:1098100000284ED0304B9C4214BF03230223837098
:109820000323C3702D4B187BBDE8F84021F065BDC4
:109830002B4E337C7BB194F84130D9070BD59B0775
:10984000327404D4D6E90623A01C21F0D9FED6E94F
:109850000623C4E94623A36BE28FAB60A38F934238
:1098600013D040F271235A43D4F85411EB680B44DF
:1098700093420AD2284614F02FFA30B1A16BA8689F
:1098800013F076FFC4F8540113E0002394F8491153
:1098900094F8C900C4F8543104F0BEFAA68FE28FE0
:1098A00084F8C900964205D1284614F01BF9AB682C
:1098B000A363F8BD40F271235E4303FB0267AB680C
:1098C0003344A3633A463146284614F005FA00288B
:1098D000D4D1A36BAB60F2E718160120A03A0120A7
:1098E000603A01207FB5846A606E002845D094F804
:1098F000A0300BB1062B44D194F8A40000283CD032
:10990000D4E92423214D224821F07AFE94F8A23094
:1099100085F88B31D4E92423C5E9242395F8413017
:109920009A0716D5D4E91423CDE9022302ABE66CDD
:1099300094F8A3000093D4E92623FCF790FDF0B936
:10994000C6F34006DDE90223124821F059FE85F8EE
:109950008A611149A1F5C4700AF06CF80F4B5B697C
:109960009B0310D595F8903113B1013B85F89031E8
:1099700095F89001B0FA80F0400904B070BD01265E
:10998000E0E70020F9E70120F7E700BF1816012003
:10999000201601201A160120A0170120603A01208C
:1099A00070B5846A94F8A030022B01D9062B49D1F6
:1099B000284B294A1B68527A5B7B9A4242D22D205F
:1099C00021F086FC054600283CD0236E94F88220C6
:1099D00083F8272094F8A32094F8A2309A4232D139
:1099E000D4E92631D4E92402914208BF834214BF4E
:1099F00001230023226E194E82F82830236ED4F8FA
:109A0000842083F82920D4F88430226E1B0A82F83F
:109A10002A30236EB4F8862083F82B20236E94F826
:109A2000872083F82C2094F8A510226E69B10021BC
:109A30000B4821F05CFC4021307B25F09DFC04F0BC
:109A400031FB256670BD0123D4E7064821F04FFCA9
:109A50008021F1E7283A0120FC3A0120A03A0120B8
:109A60004016012048160120836A986E003818BFFE
:109A70000120704770B5846A484D002974D094F86D
:109A8000A030042B4FD1D5E92402D4E924139A4203
:109A900008BF884247D1424B424A1B68527A5B7BDF
:109AA0009A4240D22D2021F013FC064600283AD0DD
:109AB000A36E94F8822083F82720D4E9261294F824
:109AC000A20000239A4208BF814207D0D4E9243083
:109AD000904208BF8B4214BF01230023A26E32487C
:109AE00082F82830236ED4F8842083F82920D4F813
:109AF0008430226E1B0A82F82A30236EB4F8862046
:109B000083F82B20236E94F8872083F82C20A26EF4
:109B1000002121F0ECFB254B4021187B25F02CFC8B
:109B200004F0C0FAA66695F891310133DBB2012B3F
:109B300085F891310AD9B5F88E315B08012B38BF11
:109B40000123A5F88E31002385F89131002385F893
:109B5000923112F02BFBB5F88E31013B18400130E9
:109B600085F89001002070BD95F892310133DBB289
:109B7000012B85F892310CD9B5F88E3185F8921108
:109B80005B009BB2B3F5807F28BF4FF48073A5F8CC
:109B90008E31002385F89131DBE700BF18160120D4
:109BA000283A0120FC3A012040160120A03A012069
:109BB00090F86A300133DBB2012B10B5044680F80F
:109BC0006A300DD9B0F866305B009BB2B3F5807F88
:109BD00028BF4FF48073A0F86630002380F86A3005
:109BE000002384F8693012F0E1FAB4F86630013BE2
:109BF0001840013084F8680010BD00002DE9F047DE
:109C0000057C4368C0F81432AF1E04467D427D4196
:109C1000D0F8348200F5037613F08AFD6789238932
:109C200000F2CC40BB4208F160094FEA4505C4F898
:109C300018021BD0D8F88CA040F271235F43504427
:109C4000B84213D213F074FD00F2CC403A1A924598
:109C50000CD85146304614F03FF838B1D4F81432DD
:109C600062689B1AC8F88C30BDE8F087E378EBB9DE
:109C70002B4A117803230135EDB2032D08BF0025CF
:109C800041FA05F0C00721D5264B557053F8254001
:109C9000D4F8348204F5037608F1600999F82110AC
:109CA00098F8010004F0B8F888F801002289638967
:109CB0004FF000089342C9F82C800CD1304613F0C5
:109CC00011FFB36863600023E370CDE7013B13F03D
:109CD000FF03D0D1E2E7124FBB782B41DB070AD458
:109CE000304613F0FFFEB36863600122BB78AA40E0
:109CF0001343BB70E7E7B36840F2712101FB023305
:109D0000B360636013F00EFD4008421C41463046CC
:109D100013F0E2FFB36862689B1AC9F82C30D2E7EF
:109D2000B017012048630020084B5B699B030BD5EB
:109D300090F8683013B1013B80F8683090F8680003
:109D4000B0FA80F04009704701207047603A012066
:109D50002DE9F3411C461B0A03F0C003402BDDE94B
:109D600008860746154621D1DDE90A23CDE90023FF
:109D70009DF83020284602F0FD022146FCF716FC33
:109D800068B17B7B032B04D133700B4BD3E90654B2
:109D900007E002233370094BD3E90C5401E0FE23A2
:109DA0003370C8E9005402B0BDE8F081437B012B59
:109DB000EAD00023EEE700BF603A0120A03A01207C
:109DC0002DE9F0410578012D86B006460C46174670
:109DD0001CD1C81D91F8068021F00CFC0B46B6F88A
:109DE000C0110291E17B0191217900910246414627
:109DF00004A804F057F8DDE90423054804F06CF8E2
:109E000020B93D70284606B0BDE8F0810025F9E78D
:109E1000C8170120F0B51378012B87B006460C4611
:109E2000154622D18B885B0615D4C81D8F7921F089
:109E3000E1FB0B46B6F8C0110291E17B019121795B
:109E400000910246394604A804F02CF8DDE9042309
:109E5000074804F09EF802232B70064B187B402124
:109E600007B0BDE8F04025F087BA07B0F0BD00BFED
:109E7000C8170120A03A0120F8B583788588002B07
:109E800004460CBF1E234FF496730F465D431646DF
:109E900013F042FC6378012BA3780CBF32214FF4FE
:109EA000FA71002B0CBF1E234FF496730144E8187F
:109EB00003F0F4FD2D1A3D60A378002B0CBF1E2388
:109EC0004FF4967303EB40033360F8BDC37CF0B5E9
:109ED0001370847C9C4207D1D0E90275D0E90064FC
:109EE000A54208BFB74202D043F002031370D0E985
:109EF0000223C1E90023F0BD2DE9F04F0D468DB0DE
:109F000090F83C109DF860901B9CDDE91667834635
:109F1000904621B1002108460DB0BDE8F08F242203
:109F20002046079139F0DCFC9DF964306374FF230F
:109F3000E3737F23A58023749BF810300799002BCF
:109F400056D0022B57D098F80030DA1F012A59D882
:109F50009BF8AA31DB0750D584F8069032463B4681
:109F6000E01D21F04DFBDBF8A03123620023A38329
:109F70009BF8AA219BF8A931510001F0040103F0DC
:109F800003030B43A1880B43A3809BF8E431012B0F
:109F900036D0022B14BF01230323A373150744BF3C
:109FA0009BF8C231E373500644BF9BF8C33123745E
:109FB000910644BFBBF8EC316382930716D50DF1CF
:109FC000270301930AAB00935846DBE96E23CDE9E2
:109FD0000267CDF81090FFF7BBFEDDE90A2304F11C
:109FE000150021F00DFB9DF827302375012192E724
:109FF00001236373A7E70323FBE7FF23A371B2E702
:10A000000223CAE798F804A0AAF1060A5FFA8AFABE
:10A01000BAF11F0F3FF67EAF1A9A02F1080845F019
:10A020001002A280062B3FF676AF01A252F823F071
:10A030004DA0030055A0030093A00300179F030049
:10A04000B1A00300179F0300ABA0030045F0130568
:10A05000A5801EE045F01505A580404621F0CAFA0E
:10A060000B460DF1270101910AA9024600915846BD
:10A07000CDE90267CDF81090FFF76AFEDDE90A230B
:10A0800004F1150021F0BCFA9DF8273023754FF03C
:10A09000000A84F8069032463B46E01D21F0B0FAF3
:10A0A000C4F82080A4F81CA0A0E745F01205CFE773
:10A0B000044B1B78002B08BF45F0010545F01A053D
:10A0C000C6E700BFE814012090F869300133DBB225
:10A0D000012B10B5044680F869300AD9B0F8663013
:10A0E0005B08012B38BF0123A0F86630002380F8FD
:10A0F0006930002384F86A3012F058F8B4F86630FA
:10A10000013B1840013084F8680010BD2DE9F04F84
:10A1100095B0046A856AA94E07460AA8894609F0DF
:10A1200015FD9DF828304FF00008072B86F80180B8
:10A1300004F5D47040F0348184F8AA8109F1020258
:10A140000DF1260109F0F4FA94F8A90150BB9DF82D
:10A15000263013F0100203F0010140F0B38021B962
:10A160000123737015B0BDE8F08F9DF828308DF88D
:10A17000483094F8AA318DF84930D4E96C01CDE922
:10A180000E01D4E96E01CDE91001B96ABDF82A309B
:10A19000ADF84A30483105F190030EA8FBF7B8FE40
:10A1A0000028DDD0864EDFF81CA232780123012A78
:10A1B0008AF800309DF8263053D103F00903092BAB
:10A1C0004FD100220023CDE90C239DF828308DF8D3
:10A1D000483094F8AA318DF84930D4E96C01CDE9C2
:10A1E0000E01D4E96E01CDE91001B96ABDF82A303B
:10A1F000ADF84A3005F19008434648310EA88DF875
:10A200002720FBF785FE0DF127020CA94046FFF73A
:10A210005DFE337A012B94F8C23177D19DF8270087
:10A22000009300F00100DDE90C23FBF75FFF00283D
:10A2300098D0DDE90C0100238AF80030B3699DF85D
:10A24000272083F87122C3E99E0194F8C22183F884
:10A250007022D4E96C01C3E9A0019DF82A2083F89B
:10A2600072229DF8268018F0100865D00023FB604C
:10A2700004F5EF77D4F8CC11384609F0AFFA95F829
:10A28000A12095F88310687BD5F88880023212F0FF
:10A29000CAF9D5F8882008EB00033946204604F0B7
:10A2A0006FFA94F80832002B40F085803378012B48
:10A2B0007FF458AF9AF80020002A7FF453AF8AF851
:10A2C00000304FE74FF0000A4FF0000BC6E906AB35
:10A2D000C6E908ABB06251B1D4E96C010122C6E90C
:10A2E000060186F828209DF82A2086F829209B0759
:10A2F0007FF558AF012386F82A30D4E96E23C6E9EA
:10A3000008239DF82B3086F82B304BE7727A9A425F
:10A310007FF428AF9DF82730B27A03F001039A4208
:10A320007FF420AFD6E90402DDE90C139A4208BF9E
:10A3300088427FF417AF7CE700220023CDE90E238B
:10A340008DF830800CAA0EA905F1900004F11806D2
:10A35000FFF7BCFDCDE9049695F9823003939DF893
:10A3600030300293DDE90E234146CDE9002320463B
:10A370000AAAFFF7C1FD00283FF4F4AE04F13C0245
:10A3800084F82680314620460792FFF719FD079A88
:10A3900000283FF4E7AE31462046FFF73BFDE1E6FB
:10A3A00000220023CDE90E23414630228DF8308073
:10A3B00039F096FAC6E713F089F9D3E6E8140120DC
:10A3C00068280120181501202DE9F043B14D046AD9
:10A3D000866A8DB0074605F10C00884609F0B6FB89
:10A3E00005F10A0108EB000204F5D47009F0A0F9A8
:10A3F0002A7BE8720123072A6B7240F0498194F8A6
:10A40000A921002A40F0DE8095F828205AB9AA7ABE
:10A41000D20708D585F82830D4E96C23C5E906238E
:10A42000AB7B85F8293095F82A3063B9AB7A980769
:10A4300009D5012385F82A30D4E96E23C5E908231C
:10A44000EB7B85F82B3095F82830012B02BF94F870
:10A45000AA3143F0010384F8AA31D5E90623C4E9FF
:10A460006C2395F82930AB7395F82A30012B02BF85
:10A4700094F8AA3143F0020384F8AA31D5E90823FD
:10A48000C4E96E2395F82B30EB7307238DF8283041
:10A4900094F8AA318DF82930D4E96C23CDE906234C
:10A4A000D4E96E23B96ACDE9082306F18808EB895F
:10A4B000ADF82A3000224346483106A8FBF728FDB4
:10A4C00008B901236B7000220023734FCDE90423E8
:10A4D00004A900230DF10F0240468DF80F30FFF75D
:10A4E000F5FC97F80090B9F1010F75D04FF0000915
:10A4F00094F8AA319B0605D5D4F8D01104F5F47070
:10A5000009F082F93A78012A61D1DFF8908198F850
:10A510000030002B5BD194F8AA31980657D57B7890
:10A52000002B54D1BB69B4F80412A3F81811A3F896
:10A530003611B4F8EC1140F2E2404143C3F81C116B
:10A5400094F8F80183F8200194F8E401012800F060
:10A550009180022808BF032283F8B822B3F80822AA
:10A56000B9F1010F01FB02F2C3F8242112D1DDE998
:10A570000401C3E99E019DF80F2083F8712294F82D
:10A58000C22183F87022D4E96C01C3E9A001AA7B3F
:10A5900083F8722296F8742096F87E10707BD6F8B5
:10A5A000847012F040F838440090D6F8843004F5F6
:10A5B000F47204F5EF71204604F022FB002388F8C2
:10A5C000013004E0AA7AD1073FF55FAF6B706B787A
:10A5D000012B51D10027B4E0DFF8C08098F800309B
:10A5E000002B40F0C6807A7A94F8C2319A420FD19B
:10A5F0009DF80F30BA7A03F001039A4208D1D7E9E7
:10A600000402DDE904139A4208BF88423FF46EAFAA
:10A61000012388F80030AB7A1A077FF567AF13F093
:10A62000210F3FF463AF3A7A94F8C231012A0ED178
:10A630009DF80F00009300F00100DDE90423FBF713
:10A6400055FD0028C3D0002388F8003050E77A7AFF
:10A650009A42BCD19DF80F30BA7A03F001039A42B6
:10A66000B5D1D7E90402DDE904139A4208BF884254
:10A67000ADD1E8E702226FE794F8A97117F002075D
:10A680004ED0376E002F4BD096F89C3043B9012343
:10A690006B709FE7E814012068280120181501203D
:10A6A00094F8AA31D907F2D52046FFF73DFB0128DF
:10A6B000074635D1D6E9222304F1800020F0A0FF1F
:10A6C00096F89A3084F8DB31D6E92223C4E91C23BA
:10A6D000637B9A071ED594F8AA319B0735D5D4E938
:10A6E0006E23CDE906231B0A03F0C003402B95F827
:10A6F0000F8007D106AB96F89B000093D6E9242380
:10A70000FBF7BCFEDDE9062304F17A0020F078FFB8
:10A7100084F8DA8104F5EC7104F1780009F08AF923
:10A7200094F8A93185F82C300023EB8594F8AA31F0
:10A730005B0003F00403A4F8443096F97D3084F8FC
:10A74000513038460DB0BDE8F083D6E91423D6F871
:10A750004C80CDE9062306AB96F89B000093D6E922
:10A760002423FBF77CFE10B9C8F34008CAE7B846BB
:10A77000C8E7012B7FF4BAAE4DE700BF2DE9F041E9
:10A78000046AD0F82880064686B00F46204629B9CC
:10A79000FFF70EFA002006B0BDE8F0811F4DFFF76D
:10A7A00093FC394605F10C0009F0D0F905F10A01D6
:10A7B0003A1804F5D47008F0BBFF01236B722B7BB1
:10A7C0008DF8103094F8AA318DF81130D4E96C234B
:10A7D000CDE90023D4E96E23B16AE872CDE9022302
:10A7E000EB89ADF81230002208F188034831684641
:10A7F000FBF78EFB10B901236B70CBE794F8A931FE
:10A800009B07F8D1D4E91C02D8E922139A4208BF69
:10A810008842F0D10823EB85BCE700BFE814012093
:10A82000F0B5234C866A627885B00D4612B10020DF
:10A8300005B0F0BD0029FAD0637A076A012B22D156
:10A84000E37A97F8A811627202331D44237C656095
:10A85000013B5B1A2372237B072BE8D10023019372
:10A86000A37ADB060DD5D7F8CC1102A808F0B6FF05
:10A870009DF80830737006F1780201A902A8FFF76D
:10A88000FBFA0198D4E704F10C0009F05FF90544E4
:10A890002A4604F10A0107F5D47008F049FF237C29
:10A8A00097F8A821013B05449B1A65602372D2E703
:10A8B000E81401202DE9F043524F7E788DB0002E30
:10A8C00040F09E80D0F82880046A21B9A38B43F021
:10A8D0004003A38333E094F83C50022D00F08C80B9
:10A8E000002D68D197F82C9084F8A99100220023BC
:10A8F000CDE90A230AA90DF1270208F188008DF895
:10A900002750FFF7E3FA19F0020F36D004F140099F
:10A91000B4F84410CDE9045994F9513003939DF8EB
:10A9200027300293DDE90A232046CDE9002307F111
:10A930000C02FFF7E1FA50B984F86400002604F134
:10A940003C0204F118012046FFF764FA54E0B4F821
:10A950004430A4F85C6023F0080304F16402A4F816
:10A9600044302666494620460792FFF729FA079A9F
:10A9700018B149462046FFF74DFA002304F11805A7
:10A980000595049398F97D3003939DF82730029341
:10A99000DDE90A23F98DCDE9002320461A4AFFF7A5
:10A9A000ABFA0028CAD004F13C0229462046FFF742
:10A9B00007FA0028C2D0154BA08E1B6898F97D902D
:10A9C0001D8B97F80880D4F8A03179682D1AADB2A4
:10A9D000454528BF454618442A4638F083FEA38ED5
:10A9E000A8452B44A3863FF671AFBB7A84F8299023
:10A9F000DB064FF00106A2D530460DB0BDE8F0836E
:10AA00000026F9E7E8140120F4140120283A012077
:10AA10007FB5846A636E002B3FD094F8A0300BB1F1
:10AA2000062B3AD194F8A430BBB3056AD4E92423A9
:10AA300005F1800020F0E4FD94F8A23085F8DB31C8
:10AA4000D4E92423C5E91C236B7B9B0717D5D4E9E4
:10AA50001423CDE9022302ABE66C94F8A300009323
:10AA6000D4E92623FBF7FBFCA8B9C6F34006DDE9D1
:10AA7000022305F17A0020F0C3FD85F8DA6105F5BF
:10AA8000EC7105F1780008F0D5FF284604B0BDE868
:10AA90007040FFF749B90126E9E7002004B070BD16
:10AAA00037B5044668460D4609F050F89DF8003069
:10AAB000054A072B137005D029462046FFF7A8FF4B
:10AAC00003B030BD0020FBE7E8140120FEF7CCBF47
:10AAD0002DE9F041856A046A8EB00E46002947D000
:10AAE0000AA809F033F895F8A030042B39D1D4E93D
:10AAF0001C02D5E924139A4208BF884231D10023B1
:10AB00000022CDE90C234FF000080DF127020CA91B
:10AB100005F1900004F118078DF82780FFF7D6F9AA
:10AB2000CDE9046795F9823003939DF827300293AD
:10AB3000DDE90C234146CDE9002320460AAAFFF7B0
:10AB4000DBF970B104F13C0284F8268039462046D6
:10AB50000792FFF735F9079A18B139462046FFF7F3
:10AB600059F92046FFF7B0FA00200EB0BDE8F08199
:10AB70002046FFF71DF8F7E7006A0368027C90F8AB
:10AB8000081223F07F4323F0FF03C3B190F809328A
:10AB90000133DBB280F8093211B1012B01D87047C3
:10ABA00083B1023A5342084953415B0001229A4063
:10ABB0000B7823EA02030B70032103F025BF09B9C8
:10ABC000FFF71CB8704700BFB0170120036A0122CD
:10ABD000DA70FFF7D1BF0000006A0368027C23F03F
:10ABE0007F4323F0FF036BB1023A534207495341BD
:10ABF0005B0001229A400B7823EA02030B700321C9
:10AC000003F002BF80F80832FEF7F8BFB01701204A
:10AC10002DE9F74F046AE378074633B10521204652
:10AC200003B0BDE8F04F03F009BFA2785AB1204647
:10AC3000A370032103F016FF04F5187003B0BDE8FC
:10AC4000F04F20F062BC6379A3B9E379B4F8361110
:10AC5000002B14BF07220622B4F81831062AA3EBF2
:10AC600001030CBF05220622934203D10321204693
:10AC700003F0E4FE414BB4F8181158780022E27159
:10AC8000002860D14FF00108B4F83431B4F81851FD
:10AC90003B4EDFF8F490ED1AA61B3A4BB6115E431B
:10ACA000ADB2B6B24FF0000AB4F81831ADF80030CA
:10ACB00094F83831ADF80280ADF8066023B16846EB
:10ACC0008DF804A0FCF768FA94F8A0312BB10123A9
:10ACD00068468DF80430FCF75FFAB4F81831D4F800
:10ACE0001C0145444344ADB2A4F8183100FB05FBF8
:10ACF00094F8200107F04EFB0146584602F0CEFEC4
:10AD0000D4F81C21D4F83031B4F8181102FB053303
:10AD10001B1ABB60D4F828310344FB60D4F82C31F3
:10AD200003EB4003C4F8C03004F50A7004F0C6FE1B
:10AD3000494684F85900384612F022FF0028B3D063
:10AD400003B0BDE8F08F5868C4F83001A4F834119E
:10AD500004F51870B4F80A125A7020F0D3FBD4F836
:10AD60002421002A8ED0B4F80A324FF47A714B4372
:10AD70009A4287D2B4F8088286E700BF18150120EE
:10AD800028200120A38B2EBAD5E10300036A0122FB
:10AD9000DA71FFF73DBF00002DE9F04F90468FB00C
:10ADA000002900F02881046ADFF868924E78876AEB
:10ADB0008D1C2A4609F10A0104F5227008F0B8FC3E
:10ADC00094F88832013E2844F61AC9F8040089F83C
:10ADD00008606379894DABB901260421204666716C
:10ADE0002E7003F02BFE3146204603F03BFE844BD1
:10ADF0001B78B34201BFD4F81C31B4F80822534386
:10AE0000C4F824316B784BB997F87830012B05D111
:10AE1000B8F1000F02D17A6F6A606B70794B7A4A91
:10AE2000D4F8A85294F8A482E31A9B1153431FFA52
:10AE300083FB023504F5D079B8F1000F3AD194F8CC
:10AE4000A031012B1ED194F8AA117B6FB4F8A82170
:10AE500000290CBF1E214FF4967101FB0233C4F888
:10AE6000A431702020F034FA054658B1674B40F801
:10AE7000083B4946682238F035FC654B2946187B6B
:10AE800020F03BFA00230693624B9B7ADB060DD53C
:10AE9000D4F8AC1207A808F0A1FC9DF81C307B7018
:10AEA00007F1680206A907A8FEF7E6FF06980FB0AB
:10AEB000BDE8F08F15F8013C15F8026C282B08D07E
:10AEC0002C2B18D0A8EB0606013E06F0FF08023531
:10AED000B2E784F8393194F8383184F83A61002BBC
:10AEE000F0D14FF0010384F83831294604F59C7005
:10AEF00008F0CFFCE6E784F8A13194F8A03184F89B
:10AF0000A261002BDED132462946484608F0DDFC1E
:10AF100094F8AEA10AF1FF331E2B68D8D4F8C831DB
:10AF20003D4A0193A3F58073934260D8B4F8AC31E5
:10AF30000293043B9BB240F67C42934257D894F86C
:10AF4000AFE10EF1FF331E2B51D8B4F8CC3103938F
:10AF5000B3F5805F4BD2B4F8C2310493013BFA2BB6
:10AF600045D894F8D821032A41D894F8E8310593BC
:10AF7000012B3CD894F8B0C10CF1FF31062936D82A
:10AF800094F8C011481E0E2831D894F8B8010F2843
:10AF90002DD84FF0010384F8A0314FF03103ADF804
:10AFA0001E30029BADF82430049BADF82A30019B83
:10AFB0000B93039BADF83030059B8DF82700ADF85F
:10AFC0001CB0ADF820B08DF822A08DF823E08DF8EC
:10AFD00026C08DF828108DF832208DF8333094F883
:10AFE000E9318DF8343007A811F028F96AE7002319
:10AFF00084F8A03166E7084659E700BF181501201C
:10B000008828012028200120A38B2EBA00001103DC
:10B01000A03A0120E8140120FFFE0F002DE9F047BF
:10B02000046AD0F828806378012B07460E4605D1C4
:10B03000B4F80A1204F5187020F064FA94F820505D
:10B0400006BB012D1CD16378012B19D1102231468A
:10B05000A0183D6A38F044FC364BED1A364BAD1162
:10B060005D4347F67F73E38240F2FF23238302238D
:10B0700084F82030314BA582187B402124F07CF9E4
:10B08000002553E0022DFBD02D4E0DBB1022A01841
:10B090002946D7F8289096F80AA03F6A38F020FC95
:10B0A000244B254AFB1A9B1153431AF0400FA382ED
:10B0B0001CBF97F8A332A37599F86D30E375FF2391
:10B0C00023767B6AE3616378012B1BD184F82030FF
:10B0D0001C4B608B1B68377A1D8B636A716898F90B
:10B0E0006D802D1AADB2BD4228BF3D4618442A4698
:10B0F00038F0F8FA638BAF422B4463830FD90223F5
:10B100006376002594F82030012B0FD1022384F8B8
:10B1100020300A4B4021187B24F02EF906E0B37A48
:10B1200084F81780DB064FF00105EBD52846BDE813
:10B13000F08700BF28200120A38B2EBAA03A01205F
:10B14000E8140120283A0120014B00225A70704770
:10B1500018150120836A986E18B1A1F10C035842AA
:10B16000584170470C4B5B6870B515467BB122297E
:10B170000DD10A4C012684F8286012F0A7FA237832
:10B180009A0605D52B789B0602D584F82A6070BDF7
:10B19000002384F82A30FAE77C150120E8280120F2
:10B1A00010B5846A94F89030032B0A4694F89110F5
:10B1B00003D0052B09D0002010BD94F89430002B4B
:10B1C000F9D0BDE81040FFF7C5BFFFF7CBFFE36F35
:10B1D000024A03F5B073C2F81831ECE7E828012001
:10B1E00010B5846A94F8903094F89110032B28D10C
:10B1F00094F894302BB3FFF7ADFF10B3114B93F8D5
:10B200007830F3B1202020F063F80246C8B1D4E9C9
:10B210002201C2E9060194F893301374D4E92001A5
:10B22000C2E9020194F8923007481370002120F01F
:10B230005EF8064BBDE81040187B4FF4807124F097
:10B240009BB810BD383B01202C2A0120A03A0120D8
:10B2500008B510F0ABFFC0F3001300F00F00184466
:10B2600008BD00002DE9F04FDFF8C8B1D0F828A0E4
:10B27000BBF8282085B0054682B1042020F028F8CC
:10B280000146002800F08A8040F204434B80614B65
:10B29000187B05B0BDE8F04F20F02FB85E4F5F4C33
:10B2A000F97B94F86A3000297BD0012B79D1D7E95A
:10B2B0000689FA735A4E4B464246304620F0A0F9B2
:10B2C0003368C6F81C31B388A6F82031CAE914895E
:10B2D000237C042B01D0012B12D1DAF84C3003F07F
:10B2E0004403442B0CD102AB0093A07CD4E9062389
:10B2F000FBF7A6F820B1DDE902234A4820F080F9E7
:10B30000237C042B14D0012B12D094F848307BB14D
:10B3100094F8472044494348002384F8483002F118
:10B3200008038AF87830931D8BF8013038F0DAF989
:10B3300094F869307BB194F868203C493C4800237C
:10B3400084F8693002F108038AF87930931D8BF88C
:10B350001D3138F0C7F90021284611F0EBF9237CA4
:10B36000012B36D002D9023B022B17D840F27126AE
:10B370007B69DB0305D5FFF76BFFAB6806FB00308D
:10B38000A860D4E90212914219D1AB680B44AB60BA
:10B390000021284612F0F4FB0028E9D005B0BDE8F2
:10B3A000F08F9A0794D502AB0093A07CD4E90623D2
:10B3B000FBF755F800288BD0DDE902897AE72846AB
:10B3C00012F08AFC0028E9D1AB68E2681344AB6054
:10B3D000CEE7D5F8088027682368002B3FF44DAFEF
:10B3E000D4E90212284612F0F7FC064618B9AB68F9
:10B3F000E2681344AB60A868414612F0B9F9E2680C
:10B400000244BA42034634BF3B1A00232360002E95
:10B41000E2D0C3E7A03A0120603A0120383B012086
:10B42000EA280120F0280120603B0120813B012017
:10B430000C2A0120E828012070B5046AD4F884326F
:10B44000D3B194F8DD38BBB1D4F8F00712F090F91D
:10B45000D4F8243794F8361793F878200546187BEB
:10B4600011F0E1F8D4F8843294F8DC28294620461B
:10B47000BDE8704008F01CBD70BD000073B5046AE3
:10B480000129D4F8D8680D4600D11EB3224B1B68A1
:10B490009B8A1E4494F8DC3884F8193804F2F921A8
:10B4A00004F57072CDB92046A4F8CA53CDE9001254
:10B4B00004F0ACFA2B46DDE90012204608F0F4FF58
:10B4C000D4F8C433C4F88438B4F8CA33A4F878087C
:10B4D000A4F88038304602B070BDB4F8CA53B4F84E
:10B4E000C033AB4206D92046CDE9001204F08EFAF3
:10B4F000DDE900120023204609F076F8D4F8C433C1
:10B50000A4F89C082B44C4F8A838B4F8CA335B1BD1
:10B51000A4F8A438DEE700BF283A0120F7B5046A92
:10B5200094F81D3284F859310B46D4F81852064667
:10B5300004F5BC6204F27D31002B4BD1A4F8EA354E
:10B540002046CDE9002104F08DFA94F8B830012BA3
:10B55000DDE9002122D1D4F8BC30B0681B1AB3F564
:10B56000167F0ED2B4F8C40094F8C77040F2E246D9
:10B5700006FB0033D4E93E06C01946F10006C4E9D3
:10B580003E06234883421AD8002084F8C200A0F166
:10B59000EE30A3FB00035B08A4F8C0300123204673
:10B5A00009F00FF9D4F8E435C4F8C431B4F8EA3539
:10B5B000A4F8B801A4F8C031284603B0F0BD0120BA
:10B5C00084F8C2001348A3FB0060032606FB0303B4
:10B5D0009B0AE1E7B4F8EA65B4F8E035B34206D96E
:10B5E0002046CDE9002104F03DFADDE900210123E8
:10B5F000204608F0F9FFD4F8E435A4F8DC01334420
:10B60000C4F8E831B4F8EA359B1BA4F8E431D3E779
:10B61000C37F07009E36D06973B5046A0129D4F848
:10B62000D8680D4600D1FEB1204B1B689B8A1E4492
:10B6300094F8DC3884F8193804F23B31BDB920465F
:10B64000A4F8DA54019104F0E1F901992A46204660
:10B6500008F094FFD4F8D434C4F89838B4F8DA3445
:10B66000A4F88C08A4F89438304602B070BDB4F841
:10B67000DA54B4F8D034AB4204D92046019104F036
:10B68000C5F90199002304F59A62204608F0ACFF41
:10B69000D4F8D434A4F89C082B44C4F8A838B4F8DF
:10B6A000DA345B1BA4F8A438DEE700BF283A012097
:10B6B0002DE9F0431C4CD0F8289087B00546204671
:10B6C0000F4608F043FA94F80080B8F1030F29D12F
:10B6D00023790C2B26D1154EB91C304608F050FAB0
:10B6E000D6E90001CDE90001D6E9020123788DF801
:10B6F0001030CDE90201A378A96A8DF81230E37801
:10B700008DF81330002209F1A803483168460592EC
:10B710008DF81180FAF7FCFB003818BF012007B044
:10B72000BDE8F0830020FAE720150120281501204C
:10B7300030B4046A94F84330A3B1806A90F8BB1027
:10B7400090F8BA508D42D0E92C2305D1D0E92A5087
:10B75000984208BF954201D041F00201607830BCA8
:10B7600010F0C8BE30BC704730B4046A94F843305F
:10B77000A3B1806A90F8931090F892508D42D0E96E
:10B78000222305D1D0E92050984208BF954201D02C
:10B7900041F00201607830BC10F0ACBE30BC7047A4
:10B7A000F0B5464D046A97B0074628460E4608F0A5
:10B7B000CDF931180AA808F0F2F92B78052B02D040
:10B7C000002017B0F0BD3E4B5B68002BF8D02B7902
:10B7D000222BF5D10AA808F03AFA0028F0D0DDE9CA
:10B7E0000A01CDE90401DDE90C012B788DF8203048
:10B7F0000323CDE906018DF82130B96AAB788DF8C5
:10B800002230EB788DF82330002204F50C634831A8
:10B8100004A80992FAF77CFB0028D2D004F5086747
:10B82000D7E9102304F245301FF0EAFE94F8D2382D
:10B8300084F8E33806F10800ED781FF0DBFE94F899
:10B8400039309B07CDE9020132D50B0A03F0C00362
:10B85000402B0AD11B4BC3E91C0102AB94F8D3085F
:10B860000093D7E91223FAF709FEDDE9022304F277
:10B870003F301FF0C5FE84F8E25804F50E6104F273
:10B880003B3008F0D7F8012540F2011394F8B918BD
:10B8900094F8250884F8F056A4F8F8362422D4F851
:10B8A000BC6810F0C0FE3044C4F8F406284688E7AF
:10B8B000044B00200021C3E91C01D6E7201501201C
:10B8C0007C150120383B012038B5836A056A93F85E
:10B8D0009020032A03D0052A0BD0002038BD93F80E
:10B8E0009420002AF9D093F89110BDE83840FFF772
:10B8F00031BC0B4C204608F029F92378052BECD1FC
:10B90000084B5B68002BE8D02379222BE5D101237B
:10B9100085F8F836002385F8F03611F0D7FEDCE71D
:10B92000201501207C15012010B4846A026A94F865
:10B930009030032B04D0052B0AD05DF8044B7047E0
:10B9400094F89430002BF8D05DF8044BFFF70CBF4F
:10B9500092F8903213F0200304D0064B5B78003B42
:10B9600018BF012382F8F936E36F03F5B073C2F80C
:10B97000F436E2E7201501202DE9F84304460025BE
:10B9800000F15006682700F50C7807FB05F316F860
:10B990000390B9F1010F21D115BBB4F86020B4F8C0
:10B9A00028319A4218D1D4E916234046C4E98C23A1
:10B9B00010F0FCFC4946204609F078FBD4E98C03E2
:10B9C000D4E99A12934208BF8842C4E9200303D005
:10B9D0002946204609F06AFB0125D6E7002DFBD059
:10B9E000BDE8F8832DE9F043046A866AD4F8F83696
:10B9F00094F8DD2813F0FF1F85B005460ED102BB79
:10BA000094F88012E9B194F881320133DBB29942A3
:10BA100084F8813215D8432384F88232012384F8D4
:10BA2000FA36002A7BD094F8FB365A1C84F8FB26A1
:10BA3000002B74D104F5FD6005B0BDE8F04312F0B1
:10BA400047BAF37B13B9A24B93F87930B373228CC6
:10BA500012F010026AD104F52471204608F088FC27
:10BA600086F8780094F8CE330BB394F8DD38F3B948
:10BA700084F8CE3394F8CF23D4F8C40304F2D2313F
:10BA800037F030FE94F8CF33A4F8C033B4F8D03395
:10BA9000A4F8403094F8CD3484F8CC33D4F8843210
:10BAA0002BB1204604F0BEF8012384F8DD3894F869
:10BAB0002A61012E0FD194F8213163B1D4F8843278
:10BAC0004BB194F8DD3833B984F82A31204604F0BC
:10BAD000A9F884F8DD68D4F8DC3823F07F4323F03C
:10BAE000FF03B3F5803F06D1B4F8D033A4F840305B
:10BAF000002384F8DE380021284610F01BFE238C3A
:10BB000003F01D031D2B40F0B480D5F80880E76AD0
:10BB1000E36A002B40F090803C2384F882320421B9
:10BB2000204605B0BDE8F04304F092BD684FE278CE
:10BB300097F86A30002A6CD0012B6AD1D4E90289C7
:10BB4000C4E904890023E37004F292274B4642467D
:10BB500038461FF055FDD4F89232C4F8D432B4F808
:10BB60009632A4F8D832C6E91489238C590717D520
:10BB7000F36C03F04403442B12D102AB94F83A0067
:10BB80000093D4E90C23FAF75BFC48B1DDE902230A
:10BB900004F526701FF034FDDDE90223C4E9062315
:10BBA00094F8CE33DBB10023316E84F8CE330A78BB
:10BBB000452302F00F02D340DA0710D594F8CF33B3
:10BBC000083386F8783094F8CF3306334B70306EF4
:10BBD00094F8CF2304F57471083037F083FD94F89E
:10BBE000DE34002B87D0002384F8DE3494F8DF3471
:10BBF000B26E083386F8793094F8DF340633537028
:10BC0000B06E94F8DF2404F59C61083037F06AFDCB
:10BC100071E79807A9D502AB94F83A000093D4E9EC
:10BC20000C23FAF71CFC00289FD0DDE90289C4E947
:10BC30000489C7E91C8987E7D4E90912284612F06C
:10BC4000CBF8064618B9AB68A26A1344AB60A86883
:10BC5000414611F08DFDA26A0244BA42034634BF48
:10BC60003B1A0023E362002E3FF452AF05B0BDE85B
:10BC7000F083184BEE685B69DB0307D5FFF7E8FA42
:10BC8000AB6840F2712202FB0030A86094F8DD3806
:10BC900013B1D4F8F4371E4494F8DF38676A6BB1F7
:10BCA000002684F8DF6811F03DFD4008421C314653
:10BCB000284605B0BDE8F04312F00EB811F032FD91
:10BCC00071004008B94200F1010238BF3946EFE780
:10BCD000383B0120603A0120036A012283F8DF2803
:10BCE000FFF780BEF8B5046A866AD4F8F83613F018
:10BCF000FF1F05460DD194F8802212B394F88132CB
:10BD00000133DBB29A4284F881321AD8432384F893
:10BD10008232012384F8FA36002384F8DD3894F85F
:10BD2000FB365A1C84F8FB262BB904F2FC60BDE8F4
:10BD3000F84012F0CDB820460421BDE8F84004F0E8
:10BD400087BCF37B13B9384B93F87930B37394F80D
:10BD5000CE3323B3002794F8CF23D4F8C40384F858
:10BD6000CE7304F2D23137F0BDFC94F8CF33A4F88F
:10BD7000C033B4F8D033A4F8403094F8CD3484F80C
:10BD8000CC333A4604F52471204608F0F1FAD4F891
:10BD9000843284F8A00713B984F8DD38F8BD94F82C
:10BDA000DE34B3B1002384F8DE3494F8DF24D4F811
:10BDB000D40404F2E24137F095FC94F8DF34A4F89F
:10BDC000D034B4F8E034A4F8403094F8DD3584F889
:10BDD000DC3494F8DE3894F83A00012B01BFB4F853
:10BDE000D033A4F84030002384F8DE38D4E90C23A3
:10BDF000FAF7C8FC90B10023A4F8CA3304F57072B6
:10BE000004F2F921204608F04FFBD4F8C433F3665E
:10BE1000B4F8C033A6F86000A6F86830294620467A
:10BE2000BDE8F84003F084BE383B012070B5046AD9
:10BE3000826A94F81E3205462BB120460321BDE8E4
:10BE4000704004F05DBED37B13B9194B93F8793081
:10BE5000937394F8EE3573B1002384F8EE3594F8BB
:10BE6000EF25D4F8E40504F2F25137F03BFC94F8E6
:10BE7000EF35A4F8E03504F50C76AB68D4F8202251
:10BE80001344AB60B4F828310133A4F828312046BC
:10BE9000FFF772FDB4F82811304603F00FFE0021C1
:10BEA00084F81D02284611F06BFE0028E5D070BD15
:10BEB000383B0120FFF7BABF70B590F86111044616
:10BEC000B9B92A4B1B680BB9002070BD1B69002B48
:10BED000FAD0274A1068274A201A0011504380B22E
:10BEE00098470028F0D1B4F82802BDE8704005F06A
:10BEF0001FBF90F85D2190F86331534013F00103A8
:10BF0000E2D190F86551B0F82802061DB54203DD74
:10BF1000013284F85D21D7E735B301390229F7D81A
:10BF2000154D6B78002BCFD005F002FF0028CBD049
:10BF30006B78013B6B7094F85D31013384F85D31AF
:10BF40000E4B1B68002BC0D094F86430002BBCD083
:10BF500094F86730002BB8D1D4E97632013342F13E
:10BF60000002C4E97632B0E72846E4E70C2B012052
:10BF7000082B0120CF467D67E03A0120FC2A0120F2
:10BF8000002310B580F86031044605F053FE78B107
:10BF9000084B1B6863B194F864304BB194F8673078
:10BFA00033B9D4E97432013342F10002C4E9743286
:10BFB00010BD00BFFC2A012010B590F85E1190F86A
:10BFC00062214A4012F0010407D090F8602101314B
:10BFD00080F85E111AB1FFF7D3FF204610BD80F83C
:10BFE0008221FAE705F04EBE70B504468AB00E46CF
:10BFF00039B990F8643123B990F85F3152EA0300FF
:10C000004BD0FF2384F85C310DF1070204A92046D0
:10C0100005F0BCFD94F882310546002B63D1002861
:10C0200061D09DF80730002B39D1636813F002030B
:10C0300003D0A3785A1E53425341DBB2059984F8CA
:10C040005F318DF807304B7884F860310B7803F05E
:10C05000030384F85C3123BB424B1B680BB39B6822
:10C06000FBB1414A1068414A201A0011504380B286
:10C0700098473F4B196849B194F8643033B194F84C
:10C08000673004F14C0033B3012B28D004A82946B3
:10C09000F9F790F9059B587802300AB070BD01237A
:10C0A000CBE70B7803F0E3030B7094F85D2192006B
:10C0B00002F0040213430B7094F85E21D20002F0E8
:10C0C000080213430B7094F85F21120102F0100272
:10C0D00013430B70CDE7D4E974238847D6E7B4F84F
:10C0E00016210023F9E72EB3003D18BF01250023D8
:10C0F00084F85F51012584F8603104F5AE711D4864
:10C1000084F85C5108F087FB1B4A92E8030002ABFD
:10C1100083E8030018462946F9F74CF994F8823170
:10C12000BDF8080084F88251B3FA83F35B0984F800
:10C130008331B2E794F86131002BD5D1094B1B68EC
:10C14000002BD1D0DB68002BCED0074A1068074AFD
:10C15000201A0011504380B298470028C4D13046BD
:10C160009BE700BF0C2B0120082B0120CF467D67E9
:10C17000FC2A012038150120C8800700F8B50446C4
:10C180000D461F46164692B11A4B19681A4B411AB2
:10C19000091159438AB2B0F81611284605F0D4FDAA
:10C1A00035462FB92846BDE8F84005F0C9BDEBB1CA
:10C1B000124B196849B194F8653033B194F867307F
:10C1C00004F14C0053B1012B0CD0B4F82812063105
:10C1D000284689B2BDE8F840F9F722B9D4E97623B8
:10C1E0008847F2E7B4F816210023F9E70029D9D1EE
:10C1F000F8BD00BF082B0120CF467D67F82A01203B
:10C200002DE9F341436801915B070646144626D4A5
:10C2100026F046FA804611F08BFAB6F818510199CB
:10C2200040F2E2435D43336907465BB1986811F021
:10C230009FFAA842019905D83369986811F098FAD5
:10C2400001990546404611F093FA96343C44044463
:10C25000AC4294BF0020012002B0BDE8F081002074
:10C26000FAE74378032B11D190F858322BB190F8AC
:10C270005902003818BF0120704790F850323BB186
:10C28000D0F87001B0FA80F0400970470020704784
:10C290000120704770B5046A2046FFF7E2FF18B12D
:10C2A000BDE8704011F012BA214B1B684BB19B697D
:10C2B0003BB1204A1068204A201A0011504380B236
:10C2C000984700211D4BA4F86411012284F86121D4
:10C2D000204619705970FFF787FE11F001FA0646E3
:10C2E00020BBB4F8280205F023FD05460028D7D06E
:10C2F000134B196849B194F8653033B194F867303D
:10C3000004F14C0053B1012B0CD0B4F828120631C3
:10C31000284689B2BDE87040F9F782B8D4E976239F
:10C320008847F2E7B4F816213346F9E770BD00BF3D
:10C330000C2B0120082B0120CF467D673C150120E6
:10C34000F82A0120036A93F882212AB193F8832105
:10C3500012B1002283F88221704700002DE9F04FCE
:10C36000046AA14A94F89811866A537885B0054604
:10C3700000293ED1127813430DD0237AB4F88611E8
:10C380003E2B04BF0823237204F5C4701FF0BAF8D3
:10C39000012384F8983196F8703084F81A3194F8B3
:10C3A000D232012B0AD194F81B313BB994F8D12237
:10C3B0008E4B53F822300BB120469847D4F8E03228
:10C3C0003BB18B4A10688B4A201A0011504380B24F
:10C3D00098472046FFF745FF804698B120464B21FD
:10C3E00004F0A0FF04F5C47005B0BDE8F04F1FF0E5
:10C3F0008CB8002BCFD0B4F8861104F5C4701FF0B0
:10C4000081F8C8E794F8F83053B30C2005F0ACFB82
:10C41000074628B3B4F81621B4F8143184F8F8802C
:10C4200013440733A4F88232714B724A1B68E31A33
:10C430001B115343D9B2AA68404610F063FE6E4BFD
:10C44000A0FB0332DB0F43EA420304F51E71A4F89C
:10C450007A32384608F0F9F93946204605F062FB91
:10C4600094F8433263B1002384F8433294F84432A1
:10C47000002B40F09980614B1B680BB12046984718
:10C48000AB680293F37B0BB996F87130B373337BCF
:10C49000032B0AD1F3685A4903F0FF138B420CBFF8
:10C4A0002246621E92F85B31B370DFF868B1DFF8A4
:10C4B00044910027B4F81631B4F818810298013776
:10C4C000BFB2013308FB07F140F2E2429BB202FB2C
:10C4D0000101A4F81631A96094F85EA2BAF1090F1F
:10C4E00064D1B4F8821299424CD1B4F87C12A4F809
:10C4F0001811B4F87E12B4F81431A4F81411B4F879
:10C500008012B4F886A1039301EB81014900A4F8DD
:10C51000861137490868201A001109FB00F0C0B2E3
:10C5200010F0E0FDB4F87A02616940F2E24202FBE9
:10C5300000116161B4F818114A4318F0030118BFE3
:10C540000121E26108EB98020A44B4F8861104F56F
:10C55000C47011441EF0D6FFB4F81821039B424565
:10C5600007D1B4F814219A4203D1B4F88631534567
:10C5700005D0D4F8603243F40073C4F8603201236C
:10C5800084F8573294F84D211E4B002153F8223085
:10C59000204698471C497070284611F0F1FA00288F
:10C5A00088D005B0BDE8F08F184B65E7BAF1010FF0
:10C5B00032D1B4F8A8229A42E4D1D4E9A823204683
:10C5C000C4E9482304F08EFD114B84F857A21B6880
:10C5D000002BD7D0064A1068201A001109FB00F082
:10C5E00080B29847CEE700BF3C150120D42A012035
:10C5F000082B0120CF467D67E3361A00EC2A012084
:10C6000003000100802A012063150400E82A0120AC
:10C61000383A0120283A0120BAF10D0FB2D1B4F80E
:10C62000B4229A42AED194F84430022B03D0032BAB
:10C6300014BF0123042394F84580B8F1020F06D0FB
:10C64000B8F1030F14BF4FF001084FF0040894F83D
:10C65000B212A9B3994233D002294FF001035DD041
:10C66000042952D084F844301946CB1A23440A4690
:10C6700093F95801D4F8603284F83A0043F4005337
:10C680007E28C4F860321BD1DBF80030224493F9D5
:10C69000203084F83A3082F85731D4F81C2203292C
:10C6A00008BF84F85B3152070AD51E4AD2F800A0B1
:10C6B000BAF1000F04D00122009220460022D04798
:10C6C00094F8B3327BB143450DD0022B03D0042B39
:10C6D00014BF0123032384F84530D4F8603243F4B7
:10C6E0000053C4F86032012384F8573204F50C710A
:10C6F000204605F034F904F50A71A4F83A02204600
:10C7000005F02DF9A4F838023CE794F846300321EF
:10C71000013B84F8441018BF0123A6E784F84410B5
:10C72000A3E700BFF42A0120036A93F882212AB10B
:10C7300093F8832112B1002283F882215B780BB138
:10C74000FFF70CBE704719B9036A012283F859221A
:10C75000704700002DE9F047046A94F8573284F8D6
:10C760001B2181460E46174633B1002384F8573209
:10C770003921204604F0D6FD022F04D13046BDE811
:10C78000F04705F0DDBA2046FFF76BFD05460028AF
:10C790003BD1042F09D8DFE807F00338083831000F
:10C7A000294B01225A7000221A70314604F261109E
:10C7B00008F07BF82046FFF77FFB80462046FFF716
:10C7C000FBFBB4F83A22D9F8081082462046FFF75E
:10C7D00017FDE8B110F07AFF2046FFF703FC94F84C
:10C7E0006131032B04BF002384F8593242462B46A3
:10C7F00031462046BDE8F047FFF7C0BC124A137827
:10C800000133DBB2012B137018D910F05FFFB5E7CD
:10C81000BAF1000F15D1636883F00802C2F3C002B9
:10C8200082F0010239462046FFF7DEFB0028D1D016
:10C8300010F056FFB0FA80F56D09CDE74FF0000813
:10C84000E9E70122ECE700BF3C150120B0F8162112
:10C850002DE9F8430132B0F8FA50B0F81891B0F869
:10C860001481B0F8867192B2531B04469BB240F219
:10C87000E24009FB03F34343D4F80001A4F8FA2093
:10C880001844C4F80001B4F88202A84218BFC4F8E2
:10C890000431B4F87C32A4F81831B4F87E32A4F82C
:10C8A0001431B4F8803203EB83035B00A4F88631C3
:10C8B00011BBB4F87A6294F87852B4F8F81040F2E8
:10C8C000E2435D435E43701901F0E8F8D4F80031AB
:10C8D000C4F8FC503344C4F8003163691E44A369B2
:10C8E0002B440344A361D4F898301D44361A05EB59
:10C8F00040006661C4F8980019F0030218BF0122D5
:10C90000B4F8861109EB99031344194404F5C47073
:10C910001EF0F8FDB4F818314B4507D1B4F81431C6
:10C92000434503D1B4F88631BB4205D0D4F8603218
:10C9300043F40073C4F86032012384F857320023B3
:10C9400084F80831BDE8F8834378032B11D190F8BF
:10C9500058322BB190F85902003818BF01207047A7
:10C9600090F850323BB1D0F87001B0FA80F0400935
:10C9700070470020704701207047000070B5046ABE
:10C980002046FFF7E1FF18B1BDE8704010F09EBEF1
:10C990001C4B1B684BB19B693BB11B4A10681B4A7F
:10C9A000201A0011504380B298470026B4F828029C
:10C9B000A4F80A6184F80C61C4F8106105F0B8F9B4
:10C9C00005460028E0D0124B196849B194F865304B
:10C9D00033B194F8673004F14C0053B1012B0CD003
:10C9E000B4F828120631284689B2BDE87040F8F73D
:10C9F00017BDD4E976238847F2E7B4F81621334609
:10CA0000F9E700BF0C2B0120082B0120CF467D67E2
:10CA1000F82A0120704700002DE9F04F046AD0F891
:10CA2000288094F8093185B0064693B325F038FE86
:10CA300001460390B068B4F8185110F099FE0399BC
:10CA400020B340F2E243B0685D4310F091FE8542AE
:10CA500003991BD2B06810F08BFE29460FF0EBFB58
:10CA6000B4F816311B1AA4F8163194F84D316BB98D
:10CA700094F81D1194F81C3100FB01F2934210FB55
:10CA800001F0C0B25DD31B1A84F81C31002384F876
:10CA9000093198F8783084F81A3194F8D232012BA1
:10CAA0000AD194F81B313BB994F8D122AE4B53F81C
:10CAB00022300BB12046984794F80B317BB1D4F863
:10CAC0001031C4F80031B4F816310133A4F8FA304B
:10CAD000002384F89931C4F8FC30C4F8043194F888
:10CAE000982194F80C31002A3FD113B994F80A31F7
:10CAF0006BB1237AB4F886113E2B04BF082323724E
:10CB000004F5C4701EF0FEFC012384F89831D4F8BB
:10CB1000E0323BB1954A1068954A201A0011504303
:10CB200080B298472046FFF70FFF38B320464B21CD
:10CB300004F0F8FB04F5C47005B0BDE8F04F1EF03A
:10CB4000E4BCD21A252A82BF4DF668514A43520DE1
:10CB500003F12503A3EB000388BF02EBC201DBB2A4
:10CB600084BF02EB81029B188EE7002BCFD0B4F874
:10CB7000861104F5C4701EF0C5FCC8E77D4B1B6828
:10CB80004BB1DB693BB1794A1068794A201A001130
:10CB9000504380B2984794F85C32012B08D194F846
:10CBA0005B222AB984F85B322C21204604F0BAFBC0
:10CBB00094F8433263B1002384F8433294F844324A
:10CBC000002B40F0CF806C4B1B680BB12046984780
:10CBD00094F85E32092B0DD1204609F03DFC48B196
:10CBE000B4F81621B4F882329A4203D101212046CA
:10CBF000FFF72CFEB4F81651B4F8FA300135ED1AEF
:10CC000094F80931ADB25BBB6368190328D5B4F859
:10CC100014312BB394F8083113B394F80C31FBB1F1
:10CC200004F5B8701EF0FCFBD0B16378032B17D06D
:10CC300094F85E32FF2B40F0A980B4F8141179B15A
:10CC4000B4F8163194F84D210B44A4F816314B4B2F
:10CC50000D44013953F8223089B22046ADB29847CD
:10CC6000DFF82491B4F81631D4F80401B4F8F810C0
:10CC70000133A4F816310135B4F81831ADB26B4365
:10CC800040F2E24B0BFB030000F008FFB4F8187110
:10CC9000824610F04DFD6F430BFB07F795284FEAD6
:10CCA000570B40F2A68010F043FDABEB000BD345D1
:10CCB0007FF63CAFD4F80021D4F8FC101744B4F848
:10CCC0003A220A44A7EB0A07524401EB4A01B76033
:10CCD000F260C8F8601094F85E72092F40F013817A
:10CCE000B4F81621B4F88232511C994202D10221C3
:10CCF00084F899119A4203D100212046FFF7A6FD3E
:10CD000094F84D211D4B002153F8223020469847BE
:10CD100088F8010094F89931022B1AD0B4F8162142
:10CD2000B4F8FA300132D21AB4F886314FF47A717D
:10CD30004B43B4F81811D2B240F2E2404143B3FB86
:10CD4000F1F3511CDBB2994240F0D880012384F802
:10CD500099310B49304610F013FF002882D005B0FE
:10CD6000BDE8F08F074B2FE7D42A0120082B0120C4
:10CD7000CF467D670C2B0120EC2A0120802A012060
:10CD800063150400E82A0120283A0120092B15D157
:10CD9000204609F061FB88B1B4F88222B4F816315C
:10CDA000D21AB4F8141193B2481C83423FF747AF2C
:10CDB000012A7FF755AF023B99B240E794F85E3203
:10CDC000B4F81611012B07D194F85532012B03D179
:10CDD000B4F8A822521AE4E7D4F85C325A4A23F095
:10CDE0007F4323F0FF0393427FF43AAFB4F8B422B9
:10CDF000F0E7962059E70D2F82D1B4F81621B4F848
:10CE0000B4329A427FF47CAF94F84430022B03D0C2
:10CE1000032B14BF0123042394F84570022F03D081
:10CE2000032F14BF0127042794F8B312A9B3994222
:10CE300033D002294FF001035DD0042952D084F889
:10CE400044301946CB1A23440A4693F95801D4F8C2
:10CE5000603284F83A0043F400537E28C4F860320C
:10CE60001BD1D9F80030224493F9203084F83A30AD
:10CE700082F85731D4F81C22032908BF84F85B31AB
:10CE800052070AD5314AD2F800B0BBF1000F04D0E6
:10CE90000122009220460022D84794F8B2327BB19A
:10CEA000BB420DD0022B03D0042B14BF012303235C
:10CEB00084F84530D4F8603243F40053C4F860324B
:10CEC000012384F8573204F50C71204604F047FD25
:10CED00004F50A71A4F83A02204604F040FDA4F8D3
:10CEE00038020DE794F846300321013B84F84410E2
:10CEF00018BF0123A6E784F84410A3E79A42FFF481
:10CF000028AF022323E7012F7FF475AFB4F8162171
:10CF1000B4F8A8329A427FF4F3AED4E9A8232046AD
:10CF2000C4E9482304F0DEF8094B84F857721B6803
:10CF3000002B3FF4E5AE074A1068074A201A00119B
:10CF4000504380B29847DBE600010D00F42A01202F
:10CF5000383A0120082B0120CF467D67036A002262
:10CF6000A3F80A2183F80C21C3F81021FFF754BD60
:10CF700019B9036A012283F8592270472DE9F04755
:10CF8000046A94F8573284F81B210F46164633B1D1
:10CF9000002384F857323921204604F0C3F9022EC9
:10CFA00004D13846BDE8F04704F0CABE2046FFF77A
:10CFB000CBFC054618B906F0FD03012B02D110F099
:10CFC00085FBEEE794F80B3163B926B163689802EC
:10CFD0002FD4042E0CD1D4F8AC30C4F81031012376
:10CFE00084F80B312EBB012384F80C3184F80A61DC
:10CFF000394604F2611007F058FC94F85B324BB9E3
:10D0000094F86131032B05D06368990544BF01236F
:10D0100084F85C322046FEF74FFF80462046FEF73C
:10D02000CBFF94F8083183B978B1012384F8083133
:10D030000BE0042EDCD194F80A310133DBB2012B72
:10D0400084F80A31BBD84FF000080122314620464F
:10D05000FEF7CAFF814698B910F038FB2046FEF76C
:10D06000C1FF94F86131032B04BF002384F85932C7
:10D0700042462B4639462046BDE8F047FFF77EB8CA
:10D0800094F85B3263B994F85C22012A08D1626893
:10D09000920505D594F85C21032A08BF84F85C3218
:10D0A00010F01EFB0028D9D1042E05D094F864316D
:10D0B00013B994F85F3183B1494694F84400D4F829
:10D0C000AC500FF09DFAB4F83A22294602442046AB
:10D0D000FFF796F8B0FA80F35B09DDB2BEE7000017
:10D0E0002DE9F84F174E96F8983005461BB3164AAF
:10D0F000B6F880301468DFF854B04FF43C7202FB8D
:10D10000034404F10C0AD4F81480002740F2E249E9
:10D110005946504610F034FD013760B9B4F8163165
:10D12000B4F818210133A4F81631BBB2534309FBFC
:10D1300003836361ECE72E622846BDE8F84FFCF7F5
:10D140005DBB00BF202B0120082B012063150400CC
:10D150002DE9F04F846A94F8A40087B00F460028A8
:10D1600074D0606E002871D04C4DD4F88830DFF850
:10D170003C8103930830D4E92423D8F800A0B5F803
:10D1800080B094F8A1901EF03BFA94F8A23085F894
:10D190008B3195F841309A0776D594F8A030012B61
:10D1A00057D1384610F8086B1EF024FA0B0A03F02A
:10D1B000C003402BCDE904014FEAD6165FD104AB82
:10D1C000C5E91E0194F8A3000093D4E92623F9F7DA
:10D1D00055F9606EDDE9042302301EF011FA85F87E
:10D1E0008A612F49606E06F025FC4FF43C76039B64
:10D1F000D8F8001006FB0BA603EBC909711A294BDE
:10D2000009115943B6F8183109F5E56940F2E240D1
:10D210004A46C9B258430FF075FF234BA0FB0332B7
:10D22000DB0F43EA4203626E9375626E4844C3F3B8
:10D230000721D175A5F87030706195F88901012832
:10D2400027D13B789B0624D585F8850007B0BDE83B
:10D25000F08FD4E91423CDE9042304ABE66C94F8F1
:10D26000A3000093D4E92623F9F7F9F828B1DDE902
:10D2700004230126C5E91E23ABE7C6F340060022BE
:10D280000023C5E91E23A4E700220023C5E91E23CD
:10D29000A7E7002385F885300120D7E7202B012060
:10D2A000A82C0120CF467D67E3361A00082B012009
:10D2B00008B5044B012283F8982010F007FA0020EB
:10D2C00008BD00BF202B01202DE9F0410446D0F815
:10D2D000345200F5037710F02BFA636E628BC4F8BA
:10D2E0001432238B00F2CC409342C4F8180213D0BE
:10D2F000D5F88C1040F271235A43084490420BD267
:10D30000384610F0E9FC38B1616ED4F8140210F020
:10D310002FFAC5F88C0012E0002395F88110687888
:10D32000C5F88C3000F078FD6870268B628B9642D1
:10D3300007D1384610F0D6FBD4F814326366BDE846
:10D34000F08140F271235E4303FB0268D4F814328B
:10D350003344636642463146384610F0BDFC00282F
:10D36000D2D1636EC4F81432F0E7006A036890F813
:10D37000082223F07F4323F0FF036BB190F80932BA
:10D380000133DBB280F8093212B1012B01D87047AA
:10D390002BB1032105F05EBE0AB9FFF795BF7047B8
:10D3A000006A036823F07F4323F0FF0313B10321D6
:10D3B00005F050BE80F80832FFF786BF2DE9F04730
:10D3C000036A5A78064622B393F808520DBB134AF3
:10D3D000B3F860301468DFF848A04FF43C7202FBE9
:10D3E000034404F10C09676940F2E248514648469B
:10D3F00010F0C6FB013560B9B4F81631B4F8182145
:10D400000133A4F81631ABB2534308FB03736361D5
:10D41000ECE73046BDE8F047FFF7A7BF082B012037
:10D42000631504002DE9F047036A5A78054612B3E4
:10D43000134AB3F860301468DFF848A04FF43C7228
:10D4400002FB034404F10C096769002640F2E2483C
:10D450005146484610F094FB013660B9B4F81631D5
:10D46000B4F818210133A4F81631B3B2534308FBC2
:10D4700003736361ECE72846BDE8F047FFF790BF10
:10D48000082B01206315040008B5036A01225A70B5
:10D4900010F01CF9002008BD2DE9F04F846ADFF878
:10D4A000749194F8A120056AD9F80030607BB5F832
:10D4B00060B0D4F8886087B08846023294F8831050
:10D4C00003930FF0B0F8824694F8A400002877D0B8
:10D4D000606E002874D0D4E9242308301EF090F840
:10D4E00094F8A23085F8DB3195F86B309B0740F15A
:10D4F000858094F8A030012B65D1404610F8087B58
:10D500001EF078F8CDE90401C5E91601090A01F019
:10D51000C00140294FEAD71707D104AB94F8A30004
:10D520000093D4E92623F8F7A9FF606EDDE9042310
:10D5300002301EF065F885F8DA71039B4FF43C77F2
:10D5400007FB0B37304B1B6AC3F3803385F8D931A7
:10D5500005F5EC71606E06F06DFAD9F800102B4BF2
:10D56000791A0911594306F5DB66B5F8623056445D
:10D5700040F2E2403246C9B258430FF0C3FD244B9B
:10D58000A0FB0332DB0F43EA4203626E9375626EC7
:10D59000C3F307210644D175A5F850307E6195F894
:10D5A000D931012B0ABF98F800300023C3F3401390
:10D5B00085F86930237B85F86C30012085F8680098
:10D5C00007B0BDE8F08FD4E91423CDE9042304AB00
:10D5D000E76C94F8A3000093D4E92623F8F73FFF03
:10D5E00028B1DDE904230127C5E916239DE70022C0
:10D5F0000023C5E91623C7F3400796E7002200235E
:10D60000C5E9162399E700BF603A0120CF467D6740
:10D61000E3361A00082B012037B5044668460D464C
:10D6200006F094FA9DF80030072B05D029462046D5
:10D63000FFF732FF03B030BD0020FBE7F0B587B045
:10D64000846A056A064602A80F4606F07FFA9DF82E
:10D650000830072B36D1002385F8AA31BA1C0DF10A
:10D66000070105F5D47006F063F89DF80730DB0676
:10D6700028D5D5F8CC1104A806F0B0F89DF81630DE
:10D68000012B1AD0022B1FD00023F36094F8A120A5
:10D6900094F88310607BD4F8886002320EF0C3FFE8
:10D6A000D4F88820331804A9284601F069F895F8C1
:10D6B00008323BB110F00AF804E0064B1B6A13F481
:10D6C000807FE1D107B0F0BD024B1B6A13F4006FFD
:10D6D000F7E700BF603A01202DE9F0478EB0046AF9
:10D6E000856A064604A80F4606F030FA0DF10F01D0
:10D6F0003A1804F5D47006F01BF894F8A931D9074C
:10D7000004D4002738460EB0BDE8F0879DF80F70AE
:10D7100017F00107F5D09DF810308DF8303094F8EF
:10D72000AA318DF83130D4E96C23CDE90823D4E94E
:10D730006E23B16ACDE90A23BDF81230ADF832305C
:10D74000002205F18803483108A8F8F7E1FB00281A
:10D75000D7D095F89C30002BD3D02B6E002BD0D097
:10D76000DFF848A1B4F86020DAF80030687BD5F81B
:10D7700084904FF43C7101FB02389DF8142095F819
:10D780007E1002320EF04FFFE97B064609F1960942
:10D79000287B09B995F87E1024220EF044FF4E44F0
:10D7A0000644286ED5E9222308301DF029FF95F89C
:10D7B0009A3084F8DB3194F86B309A076DD59DF878
:10D7C0000F309B074DD5D4E96E131A0A02F0C00240
:10D7D000402ACDE906139DF8139009D1C4E9161328
:10D7E00006AB95F89B000093D5E92423F8F746FE95
:10D7F000286EDDE9062302301DF002FF84F8DA917D
:10D8000004F5EC7104F1780006F014F96B7BDAF89A
:10D810000010B8F81801032B08BF032240F2E243BE
:10D8200018BF022203FB0266A8EB01011D4A091181
:10D83000514358433246C9B20FF064FC1A4BA0FB67
:10D840000332DB0F43EA42030644A4F88E30C8F8E3
:10D8500014602B7B84F86C304FF48073A4F868302C
:10D8600050E7D5E91423CDE9062306ABD5F84C9053
:10D8700095F89B000093D5E92423F8F7F0FD28B133
:10D88000DDE90623B946C4E91623B1E700220023E7
:10D89000C4E91623C9F34009AAE700220023C4E91A
:10D8A0001623ADE7CF467D67E3361A00082B01202B
:10D8B000F0B505468BB00E4659B3046A876A02A8D4
:10D8C00006F044F90DF10701321804F5D47005F0A3
:10D8D0002FFF9DF808308DF8203094F8AA318DF88C
:10D8E0002130D4E96C23CDE90423D4E96E23A96A5D
:10D8F000CDE90623BDF80A30ADF82230012207F148
:10D900008803483104A8F8F703FB012363700FF084
:10D91000DDFE00200BB0F0BD2F4B18692DE97043E0
:10D92000D3E902465D682D4B68B94FF000084FF00F
:10D930000009C3E90E8924B19A6BF5B942F03002AF
:10D940009A63BDE87083002C3CD00FF28409D9E9BA
:10D950000089C3E90E89002DEDD0D3E90E2142F0F4
:10D96000005242F08C029A631D4A1268927E012A8C
:10D9700084BF41F4E071D963DDE742F0706141F0AA
:10D9800070019963164909688C7E012C82BF42F0B0
:10D99000F85242F070029A631EB19A6B42F4400250
:10D9A0009A630028CDD0D3E90E21012C42F47F12D6
:10D9B00042F44062C4D941F40F7141F00301C3E95C
:10D9C0000E21BEE74FF003084FF00009C1E700BF8A
:10D9D000033300C0000000007C150120A03A0120A4
:10D9E000283A012073B583781B4A1C4E1060FF2B28
:10D9F000044622D056F8233003B19847184D2B78AF
:10DA0000CBB1184B5B7AB3B9F8F714FFF8F778FC91
:10DA10000EF050FC144E012456F8243003B1984700
:10DA20000134122CF8D100232B7001A84FF480335D
:10DA300001930EF003FC02B070BDC37813B9084B1C
:10DA400001221A70012556F825300BB1204698475F
:10DA50000135122DF7D1D1E7101601207C150120D8
:10DA6000C4150120603A0120C8150120024B53F86B
:10DA7000203003B1184770475015012007B5002327
:10DA80008DF803008DF804006846ADF800308DF87D
:10DA900002300EF0D3FB03B05DF804FB0C4A0346E2
:10DAA000506910F4802012D0A3FB013141F2C7006D
:10DAB000A3FB003200FB012246F6F9615B1842F13C
:10DAC0000103044A126892F821001030184470478C
:10DAD000603A0120283A012008B50EF067FB074A9A
:10DAE00020F07C43C00E125C054843EA026323F435
:10DAF000010323F40173184308BD00BFD080070061
:10DB000031080402034A1378591C1170024A42F882
:10DB1000230070473E150120401501202DE9F843F0
:10DB20000F4BDFF84080DFF84090C3E90C0100277D
:10DB300005460E463C4699F80030BB4202D82046C6
:10DB4000BDE8F883D8F80030284631462CB998470C
:10DB50000446013708F10408EDE79847F9E700BFEC
:10DB6000603A0120401501203E150120C07807F0E1
:10DB7000CDB9000070B588B005460C460146684630
:10DB8000164605F0E3FF9DF80430063BDBB21F2B81
:10DB900001D900203EE09DF8001005F10802062999
:10DBA000F7D801A050F821F0C7DB03001DDC03000B
:10DBB000C5DB030093DB0300C7DB030093DB03003B
:10DBC00019DC03000321A1726260237295F82730EB
:10DBD0006372134902AB01222846F8F7B1F8002816
:10DBE000D7D09DF81B109DF81A008842DDE9042368
:10DBF00005D1DDE90250984208BF954201D041F0BD
:10DC0000020104F10C00E1721DF0FAFC9DF81D30D8
:10DC10003370012008B070BD0221D4E70023D2E7A1
:10DC20002817012038B50446D0F828010025C4F88B
:10DC3000285108B11DF058FBD4F83001C4F8305118
:10DC400018B1BDE838401DF04FBB38BDC20707D43E
:10DC5000830707D410F0040F0CBF2520272070473E
:10DC6000252070472620704730B55E4C5E4D85B04C
:10DC70002822002104F19C0035F032FE04F1C80393
:10DC8000C0220021184635F02BFE584BC4F8C400C2
:10DC9000C4E92D33022384F8C830554BC4F8BC4086
:10DCA000197A40F203120846A4F8B020FFF7CEFF1D
:10DCB00095F82830DFF85CC184F8CA304D4B84F801
:10DCC000C900C4E933C340F20113A4F8D43094F876
:10DCD000423084F84911D8074FF0570248BFA4F8E2
:10DCE0001221980744BF2023C4F81431424BC4F8D2
:10DCF0003831424BC4F83C31414BC4F840312D20FF
:10DD0000404BC4F84431A4F810211DF0E1FA94F816
:10DD10004030C4F82801012B04D12D201DF0D8FA81
:10DD2000C4F8300194F84120D4F81431D20759BF17
:10DD3000354BD3E90C2343F00203C4F8143158BF28
:10DD4000C4E94623D4F8143148BFD5E9060143F0AD
:10DD50000102C4F8142195F8292048BFC4E94601FE
:10DD60001AB143F05103C4F8143194F84030012B38
:10DD70004FF0000333D1CDE90233032384F8883117
:10DD80000C2384F88C31D4F814312048C3F34003B9
:10DD900084F88A31D4E946236946CDE9002305F0A9
:10DDA00077FE0E23C4F82C4184F84831002584F80E
:10DDB00089510FF0BDFCE38FA4F8985040F2712216
:10DDC00000F2CC405343C4F8A8001148C4F8AC306A
:10DDD0000FF088FED4F8A430A36305B030BDC4F8BA
:10DDE0002C31E3E718160120603A0120FD9703006B
:10DDF000FC3A012055555500E5980300A199030010
:10DE0000699A0300759A0300A03A01201A160120AE
:10DE1000B4160120D6BE898E59B10130C0B228286F
:10DE200028BF2520A0F1250341FA03F3DB07F4D531
:10DE300070472520704770B58CB004460E461546D5
:10DE40000021242203A8019335F04AFD0522019BFD
:10DE50008DF80E200DF116002A468DF80F408DF832
:10DE600010408DF815601DF0CBFB03A80EF0E6F90D
:10DE70000CB070BD38B504460D464822002135F07F
:10DE80002FFD84F8405038BD10B59DF8084004F0CF
:10DE9000070443EA844301F0030143EA0143C0E974
:10DEA000002310BD10B5BDF81040C3F3080343EACA
:10DEB00004539DF80C4004F00F0443EA04439DF81A
:10DEC000084004F01F0443EAC42301F0030143EABD
:10DED0004123C0E9002310BD2DE9F047014690F829
:10DEE0004000A8B391F842A04E6C0C4600204FF0C1
:10DEF000010C0CFA00F737425FFA80FE3DD0D4E9FE
:10DF00000057BB4208BFAA4237D1F2453FD007288D
:10DF100014BF441C00240127544507D007FA04FC11
:10DF20001CEA060F16D1874026EA0706BAF1000F51
:10DF300021D00AF1FF34E4B2012000FA04F53543A0
:10DF40004D6401EBC40581F8424041F834206B6018
:10DF5000BDE8F08701EBC40CDCE90089072C01EB7C
:10DF6000C00014BF04F1010C4FF0000CC0E900899F
:10DF700020466446D0E70724DEE70130082804F194
:10DF80000804B6D1012381F841300020E0E70120E8
:10DF9000DEE790F8401030B591B190F84210456C32
:10DFA00079B10139C9B201248C4080F842102C4368
:10DFB00000EBC1014464C1E90023002380F8413033
:10DFC00030BD0721EFE70000F0B5044685B0C57A03
:10DFD0000C301DF00FFB0B46A17A0091024629463A
:10DFE00002A8FFF751FFDDE902670E4D32463B46BE
:10DFF00005F14800FFF770FF88B93B4605F148007E
:10E00000FFF7C7FF95F82430012B08D14FF40033F8
:10E010002046236005B0BDE8F0400EF00FB905B012
:10E02000F0BD00BF1816012002484FF4CC72002149
:10E0300035F056BC1816012008B50C4B0C4A9A60F6
:10E040000C4B0D4A9A600D4B0D4A9A610D4ADA61EC
:10E05000FFF7EAFF0C4B1B681B79072B81BF0B4AAC
:10E06000136A43F08003136208BD00BFC815012086
:10E0700091E003007C1501206DDB030050150120A9
:10E08000DDE003001DE10300283A0120A03A012051
:10E0900008B5F6F7FFF9FFF7C7FFBDE808400EF037
:10E0A0006FBA000008B521F05BF9044A537A0133D6
:10E0B0005372BDE8084021F055B900BFFC3A012079
:10E0C00008B521F04DF9044A537A013B5372BDE87B
:10E0D000084021F047B900BFFC3A012030B50E4D91
:10E0E00089B00DF1020128461DF017F9044608B960
:10E0F00009B030BD0DF1030201A9FFF73BFD28B1C6
:10E10000FF2301A88DF81630FFF75EFF20461DF0B3
:10E11000EBF8FFF7D5FFE4E74016012030B5154DC9
:10E1200089B00DF1020128461DF0F7F8044608B940
:10E1300009B030BD0DF1030201A9FFF71BFD98B135
:10E1400001238DF81630A368CDF81730A389ADF8F8
:10E150001B309DF80330002B14BFFF23012301A8BF
:10E160008DF81630FFF730FF20461DF0BDF8FFF7A1
:10E17000A7FFD6E748160120034B93F82400003888
:10E1800018BF0120704700BF181601204FF43073EC
:10E190000438064A58431318105C30B193F85820DD
:10E1A000092A01D1186B70470020704728200120F0
:10E1B000034B53F820301878003818BF01207047FF
:10E1C00048630020024B1878431E5842584170475C
:10E1D0006828012030B58B6A1B78092B25D10A6A83
:10E1E000D2F81C31D2F868224FF47A756A43B2EB48
:10E1F000430F1AD3046AD4F81C21D4F868426C4344
:10E20000B4EB420F13D30B4CA3FB0435A2FB042445
:10E21000DB0FD20F43EA450342EA4402B2EB930F0D
:10E2200003D3B3EB920F38BF0146084630BD014619
:10E23000FBE700BFE3361A002DE9F041C67883788A
:10E240003E4C022E054621D1627801326270721E68
:10E25000012A23D9A3F1FF00434243412A882178B0
:10E26000FF2A1DD0E3B941FA02F3D90705D5344B93
:10E27000314653F8220006F067FEEB78013B052B90
:10E280005AD8DFE803F01D3C4459594C052E03D001
:10E29000062E08BF0126DAE70226D8E70123DDE7CC
:10E2A000DFF89C80002723783B41DB0704D558F832
:10E2B0002700314606F048FE0137032FF3D1DCE793
:10E2C000297961720023C91A18BF01211D486370A2
:10E2D000FFF7D0FD1C481DF018F91C481DF015F97A
:10E2E000A968EB68A165E36531B317481DF00AF929
:10E2F000E16D09B3BDE8F04114481DF003B91248BF
:10E300001DF003F9BDE8F04110481DF0FEB8637838
:10E3100093B9E36D83B9BDE8F0410EF083B8637A39
:10E32000022B03D107480121FFF7A4FDA16D064888
:10E330001DF0E8F8E16DDDE7BDE8F081B8170120D8
:10E3400048630020C8170120181801202818012050
:10E35000024B1860C07806F00DBE00BF9C2801205B
:10E36000024B1860C07806F01FBE00BF9C28012039
:10E37000F6F774BC2DE9F0410EF00CF800283FD000
:10E380000024214FDFF8888026463B782341DB07B5
:10E3900015D558F8245095F86430022B05D105F1B5
:10E3A00040000EF049F885F8646095F83C30022B87
:10E3B00005D105F118000EF03FF885F83C600134F6
:10E3C000032CE2D1114D0024A5F110064FF4307753
:10E3D00007FB046393F82030022B0AD115F80A3C9E
:10E3E00013B928460EF02DF807FB0463002283F8CA
:10E3F00020200134032C05F53075E9D1BDE8F0810A
:10E40000BDE8F041FFF76ABEB017012038200120B7
:10E41000486300200D4BC17810B518608378FF2B3E
:10E42000044609D002880A4B4FF4307000FB0230DA
:10E43000BDE8104006F0D2BD054806F0CFFDE178FA
:10E44000044806F0CBFDE1780348F1E79C28012061
:10E4500028200120E8220120A8250120F0B500F5A0
:10E460000377044685B000F50E752C22002138464E
:10E4700035F036FA0021C022284635F031FA40F254
:10E480000313A4F820326B4BC4F824326A4B6B4E52
:10E49000C4F83452C4E98A34022384F83832307A1A
:10E4A000674DFFF7D3FB95F8283084F8390284F8DC
:10E4B0003A326448644BC4E98F03237C022B0CBFBF
:10E4C0000323012384F8453284F84432A37BD72206
:10E4D000D90748BFA4F88222990748BFD4F88432EC
:10E4E000A4F8802244BF43F02003C4F88432337A76
:10E4F00084F8B932554BC4F8A832554BC4F8AC3245
:10E5000042201CF0E5FEC4F8980200285AD0627B35
:10E51000504BC4F8B032D207D4F8843259BF4E4BB6
:10E52000D3E90C2343F00203C4F8843258BFC4E992
:10E53000A223D4F8843248BFD5E9060143F0010292
:10E54000C4F8842295F8292048BFC4E9A2011AB171
:10E5500043F05103C4F88432237B012B4FF00003B6
:10E5600032D1CDE90233032384F8D8310C2384F867
:10E57000DC31D4F88432C3F3400384F8DA31D4E9CF
:10E58000A223694604F17A00CDE9002305F080FA60
:10E5900004F17803C4F89C320E2384F8B8322F4B70
:10E5A000C4F8B432237B012B11D127201CF090FE3C
:10E5B0000546C4F8A00250B9D4F898021CF094FEA5
:10E5C000C4F898521F202CE0C4F89C32E7E70FF003
:10E5D000AFF86389257C224E40F271225343C4F880
:10E5E0001C3200236370A370AB1E5D425D41337823
:10E5F00000F2CC40C4F818026D00A3B938460FF001
:10E6000071FAD4F8143263600122B3787570AA40AD
:10E610001343DBB2B37001223378AA401343337043
:10E62000002005B0F0BDB3780122AA4023EA02031E
:10E63000F0E700BF79AB0300CDAB0300FC3A01204B
:10E64000603A0120D6BE898E55555500A1AA030017
:10E650000DA10300CDAA0300A03A0120D1AA030016
:10E66000B017012038B52C22044600F54A75002168
:10E6700000F53E7035F034F9C0220021284635F00F
:10E680002FF94FF48173A4F80C33344B344AC4F897
:10E690002053C4E9C433062384F8283392F8283081
:10E6A000304D84F82A33304BC4F81843C4E9CB53B7
:10E6B000A37B8021D80748BFA4F87213980748BFEE
:10E6C000D4F87433A4F8701348BF43F02003617B7F
:10E6D00048BFC4F87433002384F8A433234BC4F830
:10E6E0008C33C907D4F8743353BF214B43F0020372
:10E6F000D2E90601D3E90C0148BFC4F87433D4F859
:10E70000743392F829204CBFC4E9DE01C4E9DE016C
:10E7100043F00101C4F874131AB143F05103C4F873
:10E720007433237B012B05BF04F17803C4F88833CD
:10E73000002324230CBF84F89C33C4F888330D4B8A
:10E74000C4F890330C4BC4F8943300200B4BC4F83E
:10E7500098336070A07084F8080238BDD9AB03000C
:10E76000603A0120D6BE898E55555500C9A30300D5
:10E77000A03A01207DA7030021A80300B5A803004B
:10E780002DE9F0410B7880F8293390F8AA315B0627
:10E7900044BF90F8C33180F82A338B79012B0446AB
:10E7A0000D46164600F53E783DD0022B14BF0123DE
:10E7B000032384F8353384F83433AB78AF88002BE7
:10E7C0000CBF1E234FF496735F430EF0A5FF6B78CA
:10E7D000012BAB780CBF32214FF4FA71002B0CBF28
:10E7E0001E234FF496730144F818FFF757F9AB78DE
:10E7F000002B0CBF1E234FF496733E4403EB4003E3
:10E80000301AC4F8000300214046C4F8A0330DF0CC
:10E8100091FF002140460FF0B3F910B1012384F8B5
:10E820000832BDE8F0810223C3E70000F8B51C48B8
:10E830001C4D1D4F8022002135F052F800242E4639
:10E8400055F8040B58B14FF47A72002135F048F8AE
:10E8500055F8043C57F824201C74C3F8A021013457
:10E86000032CEDD1114B124901221A733368086849
:10E870004968083303C30A4B1A700E4A127B83F8A7
:10E880006C2083F87C2040F2075140F20762A3F825
:10E890007620A3F86610084B00221A70F8BD00BF5E
:10E8A000B817012048630020201C0120603A012095
:10E8B000F0800700A03A0120B017012008B5094BED
:10E8C000094ADA61094B0A4ADA610A4B0A4A9A6133
:10E8D0000A4B0B4A1A60FFF7A9FF0A4B4FF47A72F2
:10E8E0005A8208BDC815012009E903007C150120E2
:10E8F00039E203005015012075E30300303A01208E
:10E90000B1E10300A03A012008B5F5F7C3FDF6F721
:10E9100093F9BDE80840FFF789BF0000154B1B685D
:10E9200030B5154D1C8B0022034613F0030F18BFA2
:10E9300023F0030302F1010218BF0433032A45F850
:10E94000043B2344F1D10D4D002213F0030F18BFF7
:10E9500023F0030302F1010218BF0433032A45F830
:10E96000043B2344F1D1181A884288BF002080B2AA
:10E9700030BD00BF283A0120201C012018200120B2
:10E9800070B50B4B5C7C44B90A4E0B4D3378234178
:10E99000DB0704D40134032CF8D1012006E055F83C
:10E9A0002430587B0DF0D2FC0028F3D170BD00BF9D
:10E9B000603A0120B817012048630020034A012370
:10E9C00003FA00F01378184310707047B81701204D
:10E9D000044A012303FA00F0137823EA00001070C0
:10E9E000704700BFB817012010B5064C54F820003E
:10E9F0001C8804815C8844811B7903734173827392
:10EA000010BD00BF4863002038B5044604200D4601
:10EA10001CF05EFC014668B154B1237C0B800723D7
:10EA20008B70054BCD70187BBDE838401CF065BC81
:10EA3000FF23F3E738BD00BFA03A012038B50546F3
:10EA400004200C461CF044FC014640B12B7A837034
:10EA5000034BC470187BBDE838401CF04EBC38BD79
:10EA6000A03A012038B5044604200D461CF030FCC5
:10EA7000014670B1074BC570E41A074BA4115C4303
:10EA80000D238370054B0480187BBDE838401CF0D3
:10EA900034BC38BD28200120A38B2EBAA03A012017
:10EAA000024B1878B0FA80F04009704768280120BE
:10EAB000F0B50D4C002526786EB194F87062864250
:10EAC00009D194F871628E4205D1D4E99E769E42B6
:10EAD00008BF974206D00135032D04F53074EAD102
:10EAE0000020F0BD0120FCE728200120094B002276
:10EAF000DA62094B094ADA62094B0A4A1A600A4B80
:10EB00001B681B79082B81BF084A136A43F4005322
:10EB100013627047C81501207C15012051E30300E2
:10EB20005C3A0120C5E10300283A0120A03A012007
:10EB3000084B00221A63084B084A1A63084B1B68EB
:10EB40001B79092B81BF074A136A43F000731362D4
:10EB5000704700BFC81501207C15012061E3030048
:10EB6000283A0120A03A0120094B0A4A5A630A4B6D
:10EB70000A4A5A630A4B1B681B79082B094B82BF50
:10EB80001A6A42F400521A624FF43072DA82704705
:10EB9000C815012071E303007C15012015E4030072
:10EBA000283A0120A03A012038B52C22044600F171
:10EBB00058050021283034F093FEC0220021284659
:10EBC00034F08EFE40F20113A387094B2364094BF6
:10EBD0002565C4E91134092384F85830064BC4F87C
:10EBE000B8300020054BC4F8BC30A07038BD00BF61
:10EBF00011AC03008DAD030099AD03001DB00300FF
:10EC00002DE9F74F5C4F15469B46D2E90223BC69BC
:10EC1000C4E98A2304F50A790123064684F85632AA
:10EC2000484688460DF0C2FB6B69B4F8181183EAB8
:10EC30001343A4F85832484600F040FF84F85900C6
:10EC400096F8AA315B0644BF96F8C33184F85A306F
:10EC50006B69E365AB69236698F80630012B74D0C5
:10EC6000022B14BF0123032384F8653084F8643039
:10EC7000AA78EE782B88002A4FF416110CBF1E22BA
:10EC80004FF496724E4302FB036606EB0B03C4F887
:10EC90003031B4F81831A4F83431287C03F07AFB11
:10ECA000AB78002B80460CBF1E204FF4967030448A
:10ECB0004146FEF7F3FEAB78002BA6EB00060CBF37
:10ECC0001E234FF4967303EB4000B6F5967FC4F80D
:10ECD000C000C4F82C014CD35E44266394F8650050
:10ECE000DFF8A4B0082200210DF09DFC04F1280AF1
:10ECF0006063C4F828010026594650460EF040FFD4
:10ED0000013620BBB4F81811013189B2A4F81811EA
:10ED1000484600F0D3FED4F81C3184F85900B5B24F
:10ED20005D4328464146FEF7B9FED4F830311D4414
:10ED3000D4F8283103446363D4F82C312D1A03EB43
:10ED400040002563C4F8C000D6E702238CE70B48D7
:10ED50000B4B201A801158430A4B009304300023B8
:10ED6000D4F82821D4F81C11C0B20EF05DFA0123AA
:10ED70007B7003B0BDE8F08F6828012028200120B7
:10ED8000A38B2EBA8DE10300D5E103002DE9F04FEE
:10ED9000A64BDFF8A0B21E68DBF81040DFF898A29F
:10EDA0002DED028B4FF43C7303FB006604F1280346
:10EDB00008EE103A96F84A32012B08BFA371B6F854
:10EDC0004E329AF81020DAE9020103EB83035B006C
:10EDD000A4F80A3204F50A79B6F84C3284F82021F6
:10EDE000012287B0A4F80832C4E98A0184F85622C7
:10EDF0004846F8F75DFDDAF81420E26582EA124130
:10EE0000DAF81820226694F8B82284F8652084F88D
:10EE100064209AF802209AF80370A4F85812002A85
:10EE2000BBF80610BAF800504FF4161230460CBF6B
:10EE30004FF01E084FF49678574302F033FCB6F8B3
:10EE400016110744304602F02DFCB16908FB057726
:10EE5000014480463846BAF81C500EF089FCB2696D
:10EE6000002800F0BB8008EB020138460EF080FC61
:10EE7000D4F81C21B0FBF2F02D1A80B2ADB241469D
:10EE800002FB10700EF074FC29460290A4F8185191
:10EE9000484600F013FE9AF81020654B84F859009C
:10EEA000062A98BF33F812709BF80C2088BFDF89C0
:10EEB000062A94BF33F81230DB8905930EF02CFC40
:10EEC000BBF80E106D1A0246A9B2D4F81C010492C8
:10EED00047F6FE75A94288BF002100FB01F307EB4E
:10EEE000020B594618469A46FEF7D8FD0390514842
:10EEF00001894089091ADDE90423B6F8180189B2AD
:10EF0000A94288BF0021484340F2E245D118684336
:10EF1000FEF7C4FD059B049A01371F44054603987C
:10EF2000174439462844FEF7B9FD434BB4F818217D
:10EF30009B78A4F83421002B00F110000CBF1E2395
:10EF40004FF4967303EB4003C4F8C030C4F82C317F
:10EF5000029BA4F836214344C4F830311B1A2363C2
:10EF600018EE100A00210DF0E5FBDFF8DC80636B82
:10EF7000C4F82831002618EE100A41460EF000FEB3
:10EF8000013600283CD1B4F81811013189B2A4F837
:10EF90001811484600F092FDD4F81C2184F859005D
:10EFA000B3B253435246D01859460293FEF776FD4A
:10EFB00039462844FEF772FDD4F83021029B103008
:10EFC00013441B1A2363D4F8283103446363D4F831
:10EFD0002C3103EB4003C4F8C030CCE7394608EBD2
:10EFE00002000EF0C5FBD4F81C31B0FBF3F0421C5C
:10EFF00090B215FA82F5ADB2414603FB007041E7CD
:10F000000E480F4B201A801158430E4B00930430CA
:10F01000D4F82821D4F81C110023C0B20EF004F952
:10F0200007B0BDEC028BBDE8F08F00BF082B0120BC
:10F030000881070088280120A0280120282001201D
:10F04000A38B2EBA8DE10300D5E10300074B18789E
:10F0500093F8C022003818BF012002B1013093F8A4
:10F0600080350BB10130C0B2704700BF28200120AD
:10F0700002289FBF4FF430735843024B185C88BF7F
:10F08000002070472820012070B5194E347834B123
:10F0900096F8C03243B396F880353BBB02244FF458
:10F0A000307202FB04F573190021184634F018FC85
:10F0B000012272550F4A52F8242042620E4A05F589
:10F0C0001975127B80F86C22721940F20D4174534D
:10F0D000518040F20112A0F86420084A927D80F825
:10F0E000B8220346184670BD0124D8E70023F9E78B
:10F0F0002820012018200120A03A0120E03A012018
:10F1000030B589B00C46054600211A2201A834F01A
:10F11000E7FB25238DF80630184B8DF808505A88E8
:10F120009B88ADF80C30164BADF80A20E31A154A4F
:10F130009B115343ADF80E30B4F87032ADF8103077
:10F1400094F8B8328DF818300F4AD4F81C31A3FB6C
:10F150000232DB0F43EA4203ADF81A3094F8203153
:10F160008DF81C300DF11200D4E99E231CF048FAF2
:10F1700001A80DF063F809B030BD00BF8828012058
:10F1800028200120A38B2EBAE3361A00044B4FF43B
:10F19000307202FB0030B1FA81F149098171704788
:10F1A000282001202DE97043184E88B04FF0000848
:10F1B0004FF000090DF1070130461CF0AEF804468F
:10F1C00010B908B0BDE87083D4E90650D4E9021242
:10F1D0004FF4A8130293904208BF8D42237C8DF810
:10F1E0000C30CDE90450CDE9068902D1207898424F
:10F1F00005D0CDE9061243F002038DF80C3002A8C9
:10F200000DF01CF820461CF06FF8D3E72C2A0120E3
:10F21000C07805F0FBBE00002DE9F04FDFF8A8B084
:10F2200085B0164602F0FD0204460D46002000217E
:10F23000012ADDE90E89CBE91C01DDF840A08BF83D
:10F240006A201F4634D11E4B597C89B3AA70D3E97A
:10F2500006010022CAE90001DA73B30711D502AB37
:10F26000009342464B463846F7F7F9F848B1012378
:10F27000AB70DDE90223CAE90023CBE91C238BF83C
:10F280006A60DAE90023C4E91423AB781BB1E36CAC
:10F2900043F00203E364E26C42F00103C4E916891F
:10F2A000E36417B142F00902E26405B0BDE8F08FF3
:10F2B0000023AB70034BD3E90C23CAE90023CCE74E
:10F2C000603A0120A03A0120383B012013B50A4BD7
:10F2D00093F82930044610465BB18B0705D5069B91
:10F2E0000093DDE90423F7F7D4F8E36C43F040031F
:10F2F000E36402B010BD00BF603A01202DE9F04187
:10F300008A4F8B4D8AB0002304938DF814303B6AEA
:10F310002E7C5C0406D5042E01D0012E02D80123D8
:10F320008DF81130834C2822002104F12C0034F098
:10F33000D7FA04F15803C0221846002134F0D0FA5D
:10F340007D4B6065C4E91133032384F8583097F886
:10F3500028307A4884F85A30794B4FF48172C4E9E6
:10F360001703012E40F20113A4F84020A4F86430E2
:10F3700010D0042E0ED095F82130D90744BF0822B2
:10F38000A4F8A2209A0742BFB4F8A23043F02003A9
:10F39000A4F8A23095F8203084F8D3307B695B0460
:10F3A00009D50CF003FF0323B0FBF3F303EB430396
:10F3B000C01A84F8D2002B7C042B77D8DFE803F046
:10F3C0000379878C820000238DF810302823A4F85D
:10F3D000A03006AB0293D5E906235A485A4ECDE930
:10F3E000002304A9AB7C6A7CFFF716FF00220023F0
:10F3F000CDE9082308AB0293D5E90623697C51487F
:10F40000CDE90023AA7CFFF761FF2B7C012B67D09D
:10F41000042B65D04D4B00933046DDE9062304F004
:10F420001DFB00238DF81400064485F84830414840
:10F4300004A904F0FFFA2B7CC4F8B840361B022B59
:10F4400084F8D06001D9042B69D1414AC4F8BC20AA
:10F45000404AC4F8C82013F0FD083F4AC4F8CC2045
:10F4600060D104233D4F8DF8103095F8683004A921
:10F47000063338468DF8143004F0DCFA384B00932C
:10F480003E18DDE90623304604F010FB3044C01B73
:10F4900085F86980C4F8C07084F8D1003148002133
:10F4A00021850DF047F92F480EF01CFB0AB0BDE88E
:10F4B000F081002340F6A662C5E902322A4A2A609A
:10F4C00084F8D23001238DF8103020237FE7062303
:10F4D0008DF8103008237AE702238DF8103078E792
:10F4E000DDE90870D5E9062357EA000C1CBF034686
:10F4F0003A46A97C1448CDE9002318BF0121DDE973
:10F5000006238DF8131004F0B8FAD4F8A4308DF85F
:10F51000140043F004030644C4F8A43087E7002332
:10F52000C4F8BC300023C4F8C030B7E7603A01200B
:10F53000383B0120E828012065B20300D6BE898E41
:10F540005555550040290120EA280120603B012043
:10F55000C4280120A1B10300E1B10300042A012065
:10F56000813B01201429012000881300024B002256
:10F57000C3F8BC20704700BFE828012002484FF4C0
:10F58000A872002134F0ACB9E8280120054B064AE6
:10F590001A61064B064A1A61064B074A1A62FFF7C0
:10F5A000EDBF00BFC8150120BDF503007C1501208B
:10F5B00011F2030050150120A5F1030008B5F5F77D
:10F5C00029FDFFF7DBFFBDE808400CF0FDBF02029C
:10F5D00002F00F3200F0F0300243130103F0333336
:10F5E00002F0CC321343980000F0553003F0AA33F8
:10F5F0001843C0097047000040F6F8035843094B10
:10F60000A0F50F501B682038034493F82021012AED
:10F6100006D1D3F8340121B1D3F838310B607047EB
:10F6200000207047742A01202DE9F047144FDFF8BD
:10F630005480DFF8549005460E4600243B681B7B3F
:10F640005FFA84FA534502D80020BDE8F087D8F865
:10F6500000305046984701280ED110201BF038FE8C
:10F66000014658B1C0E902560E23A0F800A043801D
:10F6700099F80C001BF041FE0134DFE70C20E4E7B1
:10F68000283A0120343A0120A03A012013B5094C50
:10F690000DF1030120461BF040FE019018B9FFF761
:10F6A00081FD02B010BD01A80CF0C8FD01981BF04F
:10F6B0001BFEEDE7682A012007B5CDE900100CF02C
:10F6C00075FDDDE900121BF0C3FF80B203B05DF8E9
:10F6D00004FB00002DE9F047DDF824809DF8206050
:10F6E00005460C469946042A19D8DFE802F00312B1
:10F6F000031A84000B7A93B96A4809880068C089A4
:10F700003144814205DD2380237207273846BDE856
:10F71000F087AF78002F40F0C380002E75D11227FC
:10F72000F4E78378012B40F0AA8005F2FC671FF014
:10F7300017FE38460EF02AFC1FFA86FA98B91FF019
:10F7400011FE32464146E67304F1120033F0CAFF5F
:10F7500051464046FFF7B0FF0123208284F80D9107
:10F76000A3730027D2E795F8DD38002B3CD10023A6
:10F77000C5F81837C5F8043838460EF0A9FB95F8D7
:10F78000DD381BB105F5FD600EF0A2FB1FF0EAFDB0
:10F7900032464146D5F8C403A5F8C0A333F0A2FF12
:10F7A00051464046FFF788FF0022A5F8400005F5C6
:10F7B000247185F8CC93284604F0DAFD3A4B85F89D
:10F7C000A007C5F81837384600210EF0D9F995F88A
:10F7D000DD78002F9AD0354BC5F80438002105F5A7
:10F7E000FD600EF0CDF9BCE705F5FD600EF0CEFB37
:10F7F0000028BCD1A3E78378002B90D0002E8ED1B7
:10F800000B88002B8BD0314640E0013A1FFA86FA74
:10F81000032A0BD801A353F822F000BF47F80300D6
:10F8200057F803007FF8030007F803006368208897
:10F8300032461844414633F055FF23885344238011
:10F840000023237262E760683246414633F04AFF84
:10F85000A4F800A0F4E763682088324641461844C3
:10F8600033F040FF23885344238051464046FFF73E
:10F8700023FF0123A5F8400084F80C90E1E74146FE
:10F880006068324633F02EFFB1B221804046FFF768
:10F8900013FF0123A5F8400084F80C90237260E761
:10F8A0000C2733E7283A0120D9BC0300E5BC03004C
:10F8B000002303700CF022BD30B50B4B1B681C7B82
:10F8C0000A4B1B680022944202D80021084630BD32
:10F8D0005D788542194602D11D78002DF6D101329E
:10F8E00003F6F803EFE700BF283A0120742A01204D
:10F8F00038B58378FF2B044619D00078FFF7DCFF7A
:10F90000A0B10C4BE1781C60BDE8384005F0CEBBDF
:10F91000E0B2FFF7D1FF20B1D0220021503033F008
:10F92000DFFF01342B681B7B9C42F1D338BD024DB5
:10F930000024F7E7702A0120283A0120134B2DE913
:10F94000F04118608378FF2B044618D00078FFF749
:10F95000B3FF90B1E178BDE8F04105F075BB3A68BE
:10F9600008FB05F3D018D35C13B1E17805F06CFB0C
:10F97000013533681B7BAB42F1D8BDE8F081044E02
:10F98000044F002540F6F808F3E700BF782A01206D
:10F99000283A0120742A012008B5FFF78DFF30B105
:10F9A000B0F8200140F20113C31A5842584108BD73
:10F9B000134B2DE9F04118608378FF2B044618D0D3
:10F9C0000078FFF779FF90B1E178BDE8F04105F0EC
:10F9D00053BB3A6808FB05F3D018D35C13B1E17848
:10F9E00005F04AFB013533681B7BAB42F1D8BDE81B
:10F9F000F081044E044F002540F6F808F3E700BFFD
:10FA00007C2A0120283A0120742A0120F8B5144DDF
:10FA100004464DF6685602F00DFC94F8DC2884F894
:10FA200088020346134406FB03F2520D02EBC201A7
:10FA300002EB81029B1AD5E90C27DBB2C3F120004F
:10FA4000A3F1200184F8DC3807FA00F022FA03F36E
:10FA5000034327FA01F10B43DB07DCD5F8BD00BFF8
:10FA6000603A0120F8B5144D04464DF6685602F090
:10FA7000E1FB94F81D2284F81C020346134406FBA4
:10FA800003F2520D02EBC20102EB81029B1AD5E98F
:10FA90000C27DBB2C3F12000A3F1200184F81D3252
:10FAA00007FA00F022FA03F3034327FA01F10B43AC
:10FAB000DB07DCD5F8BD00BF603A012070B5048ECD
:10FAC000054684EA0100FFF782FD00EB00102044A8
:10FAD00080B2FFF77CFD00EB0010204480B2FFF7FE
:10FAE00076FD00EB001020444440A4B24DF668536C
:10FAF00063435B0D03EBC30203EB8203E31AD5E917
:10FB000000269BB2C3F1200006FA00F0A3F1200109
:10FB1000DA40024326FA01F10A43D2075DBF95F8A5
:10FB20002D30634305EB1340D8B258BF007A70BD47
:10FB3000F8B5D0F8086704460D460DF0F9FDB0F5AC
:10FB4000967F2ED90DF0F4FD1F4F3B685A8AA36CA7
:10FB50009A422CBFB618F6183044B0F5161F28BFCD
:10FB60004FF416100CF0C6FD94F8CC330646DBB902
:10FB700094F84C1028460CF0DDFD3B68D4F80427BF
:10FB80009B8A13443344AB60D4F88C3273B90021A0
:10FB900028460DF0F5FFB0B9AB68A26A1344AB601C
:10FBA000F5E74FF49670CFE70021E3E7D4F88C2215
:10FBB000002128460EF010F928B9AB68D4F88C2241
:10FBC0001344AB60F2E7F8BD283A012038B590F84D
:10FBD000CC3304460D460BBB90F84C1028460CF075
:10FBE000A9FD94F83E1099B1626A02F59C52083260
:10FBF00042F2107301FB0233094A934228BF1346B5
:10FC0000D4F808279A422CBFC4F88C22C4F88C324E
:10FC100029462046BDE83840FFF78ABF0021DDE7CE
:10FC2000D4FE4A0070B500F5FD65044600F61806DE
:10FC30002C220021284633F053FEC02200213046FA
:10FC400033F04EFE40F20113A4F8FC37224BC4F807
:10FC50000038C4F8043804F57073C4F80C3807236E
:10FC600084F8183894F8DC3884F8193894F93C3062
:10FC7000C4F810687F2B08BF184BC4F8084808BFA9
:10FC800093F9283084F81A38154BC4F81C38154BF2
:10FC9000C4F8203894F83F3084F8243884F82538A4
:10FCA000114B93F8793084F82638104BC4F8B438E7
:10FCB00004F2F9220023A4F8CA33C4F87C28C4F85B
:10FCC0008838C4F8AC38C4F8A02829462046BDE8D6
:10FCD0007040FFF77BBF00BFE5BC0300603A012026
:10FCE000D6BE898E55555500383B01207DB40300A2
:10FCF000054B1B681B7B40F6F8025A43034B00215F
:10FD0000186833F0EDBD00BF283A0120742A0120A5
:10FD100008B50E4B0E4A1A620E4B0F4A1A620F4A72
:10FD20000F4911620F4A9A630F48FDF7EBFE0F4B24
:10FD30001B681B79082B81BF0D4A136A43F480535B
:10FD40001362BDE80840FFF7D3BF00BFC81501200C
:10FD500075FD03007C1501203DF9030050150120BD
:10FD60008DF60300F1F8030029F60300283A01207C
:10FD7000A03A012008B5F5F74DF9F5F7F5FABDE819
:10FD80000840FFF7B5BF0000830718BF20F003034A
:10FD90001B4AF0B514BF043303461360194A1A4EC8
:10FDA00015682C7B40F6F80202FB043300229442D3
:10FDB0000ED8164E0022944216D8181A88429FBFB9
:10FDC000134B40F6F8021A8280B288BF0020F0BDC3
:10FDD0009F0718BF23F00303EF8918BF043346F8C9
:10FDE000043B01323B44E2E79F0718BF23F00303C3
:10FDF000EF8918BF043346F8043B01323B44DAE78D
:10FE0000742A0120283A0120382A0120502A012092
:10FE1000A03A012010B50C4678B10878FFF74CFDE8
:10FE200060B1038C03F01D031D2B09D16388013BD6
:10FE30009BB2802B34BF0020122010BD4220FCE773
:10FE40000020FAE708B5FFF737FD38B390F8C8335C
:10FE500033B390F8D8341BB3038C03F01202022A98
:10FE600002D1B0F8D024DAB190F8392002F0FD02C6
:10FE7000012A01D10279AAB103F01102112A03D19A
:10FE8000B0F8C0231F2A0DD813F001030CD0B0F82E
:10FE9000C033C02B34BF0020122008BD4220FCE735
:10FEA0000C20FAE71220F8E71846F6E710B5C0B2C2
:10FEB0000C46FFF701FD38B190F93C00002123F01A
:10FEC0008FFB2070002010BD4220FCE7F0B500231E
:10FED0000B4D0C4E1A4640F6F8072968097B9942EB
:10FEE00001D8D0B2F0BD346807FB03F104EB010C7C
:10FEF000615C19B19CF80110815401320133ECE7C7
:10FF0000283A0120742A012070B50D46FFF7D4FC71
:10FF10000446D8B1038CDA0701D58378C3B92846E3
:10FF20001BF068FB01F44043B3F5404F06460D4615
:10FF300001D00B040ED41FF013FA0123C4E90265AB
:10FF40002371E3701FF00EFA002070BD4220FCE721
:10FF50000C20FAE71220F8E7F0B5144692F83920A1
:10FF6000284F02F0FD0306460D4600200021012B1C
:10FF7000C7E91C0185B087F86A303AD12179002998
:10FF800037D0B370D4E90201C4E904010023E3705F
:10FF9000930714D502AB009394F83A00D4E90C23EC
:10FFA000F6F75DFA58B10123B370DDE9022394F846
:10FFB0003910C4E90423C7E91C2387F86A10D4E97F
:10FFC0000423C5E91423B3781BB1EB6C43F002039F
:10FFD000EB64D4E90C01EB6CC5E9160143F00102B6
:10FFE000EA6494F83A2012B143F00903EB6405B0D7
:10FFF000F0BD0023B370044BD3E90C01C4E9040144
:020000024000BC
:10000000C6E700BF383B0120A03A01202DE9F043AC
:10001000064692F83A00F0701446D2E90C23C4E97F
:1000200006230D46154991F8291085B011B394F8AF
:10003000391089071AD502AF4FF000084FF00009B8
:100040000097CDE90289F6F7FBF930B9D4E90C2322
:1000500094F83A000097F6F71CFADDE9022352EA19
:1000600003011EBF0121F170C4E90623EB6C43F0CC
:100070004003EB6405B0BDE8F08300BF603A0120A7
:100080002DE9F84380460D46FFF716FC044600288C
:1000900068D1DFF8A091D9F800301A7B614B1B685A
:1000A0000646964203D307263046BDE8F8831C4631
:1000B00003F6F8032778002F52D140F6F8023946AC
:1000C000204633F00DFC0123237084F80180D9F819
:1000D0000020127C84F8C8339A4238BF1A4684F84C
:1000E0004C20514A84F8D83452F8262084F8E83558
:1000F0004E4BC4F8C423C4F8D4244D4A1B7B52F899
:10010000262084F87C324FF4A163C4F8E425A4F8D7
:100110007482A4F876320CF0E9F8A678002E7ED12D
:10012000B7B1238CDB0613D594F8CF23A4F8C023F2
:1001300004F57471D4F8C40333F0D4FA94F8DF24CE
:10014000D4F8D404A4F8D02404F59C6133F0CAFA9E
:100150002B88D8060FD4D90706D5B4F8D03407E0D9
:1001600001369EE70127D8E79A07F6D5B4F8C033E1
:1001700003B3122698E7B4F8C023002F48D0238C8D
:10018000DB0645D41F2AF4D8B4F8D0341F2BF0D89E
:10019000D4F8C41384F8CF2304F5747033F0A2FAB2
:1001A000B4F8D024D4F8D41484F8DF2404F59C6087
:1001B00033F098FA2B8823846B6840F27122534302
:1001C0006362AB685343A3622B7B84F838306B7B4C
:1001D00084F83930AB7B84F83A3028691BF00AFA8E
:1001E000C4E90C012B7D84F83B306B7D84F83C30F6
:1001F000AB7D84F83D30EB7D84F83E302B7E84F877
:100200003F306B7E84F84230AB7E84F843304BE75E
:100210001F2AAED8B4F8D0341F2BCBD9A9E70C26AF
:1002200042E700BF742A0120382A0120A03A0120A9
:10023000502A0120283A01202DE9F3410E461746A5
:100240001D46FFF739FBDDF82080044660B3038CC0
:10025000DA0611D49B072BD415B1B0F8D0342BBBE0
:10026000CDE900583B46324604F570712046FFF751
:1002700031FA02B0BDE8F081032E19D11F2D17D835
:1002800080F8CF532A46414600F5747033F02AFABD
:10029000A378012B08BF84F8C833012384F8CE3338
:1002A00084F8CC330020E4E74220E2E70C20E0E7CA
:1002B0001220DEE773B50D46FFF7FEFA044658B389
:1002C00090F82131012B29D0174A816C1268B0F8BF
:1002D000E035528A90F83F008A4238BF0A4601262C
:1002E0000221CDE9006192B200210CF0B3F96B88D4
:1002F00040F2E2414B43834212D3208C10F02000A5
:1003000010D12A884A43C4E98923AB88A4F82C3247
:1003100084F82E6202B070BD4220FBE70C20F9E7A2
:100320004520F7E71220F5E7283A01202DE9F347A9
:100330000E4615461F46FFF7BFFA0446002800F098
:10034000BE8090F82E321BB90C2002B0BDE8F087B9
:1003500090F82131012B2DD1032EF5D1DFF86891D2
:10036000A16CD9F80020528A8A4238BF0A4692B25C
:100370001BB3D4F820A294F83F0016F0FD011FFA39
:1003800085F84FF0020C1BD1B4F8E035CDF804C06D
:1003900043444FF0010CCDF800C09BB20CF05AF969
:1003A000504500F28E80042E27D8DFE806F0102199
:1003B00010283B00002DCFD0D0E7D4F828A2DAE7F0
:1003C00001230093CDF804C043460021E6E794F8EA
:1003D000E83593B9D9F80010B4F8E025C9892A4462
:1003E0008A4205DDA4F8E03584F8E8350720ACE75B
:1003F00094F82031002BA7D105BB1220A5E794F873
:100400002061012E52D184F8EF552A46394604F274
:10041000F25033F067F984F8EE65012384F8EC3587
:10042000002092E794F82031002BE6D0002DE4D193
:10043000B4F8E035002BE0D001231CE0013E032E90
:100440000AD801A353F826F07D0404008F040400A9
:10045000AD04040039040400B4F8E035D4F8E40530
:100460002A461844394633F03DF9B4F8E0354344A0
:10047000A4F8E035002384F8E835CEE7D4F8E405A5
:100480002A46394633F02EF9A4F8E085F2E7B4F8AD
:10049000E035D4F8E4052A461844394633F022F909
:1004A000B4F8E0354344A4F8E035C5E7D4F8E405F2
:1004B0002A46394633F016F9A4F8E085BCE7422015
:1004C00043E7452041E700BF283A012038B50446FC
:1004D0000D46FFF7F1F928B942212046BDE8384022
:1004E0000CF01FB890F82E3243B1012D02D190F8D4
:1004F000E8351BB1038C03F02B030BB10C21ECE7A7
:1005000004201AF0E5FE014668B10A23002D83702D
:1005100014BF01230223C370034B0480187BBDE882
:1005200038401AF0EABE38BDA03A01202DE9F34167
:100530000E4617461D46FFF7BFF9DDF8208004463A
:10054000B0B3042E05D0038CDA0619D49B0702D46D
:1005500015B1122011E01DB9032E05D00C200CE0BE
:10056000B0F8C033002BF9D1CDE900583B463246F4
:1005700004F59A612046FFF7ADF802B0BDE8F081BE
:10058000032EE6D11F2DE4D880F8DF542A464146D9
:1005900000F59C6033F0A6F8A378012B08BF84F81F
:1005A000D834012384F8DE3484F8DC340020E4E716
:1005B0004220E2E770B50646FFF77EF9044680B1B7
:1005C000857885B990F82131012B0CD0D0F8F0381E
:1005D0000BB130469847002323700BF08FFE28465E
:1005E00070BD4225FBE70C25F9E700002DE9F0413D
:1005F000154D164E2B68197B3368002291420AD89C
:10060000002440F6F807A0462B681B7BA3420DD8B8
:100610000020BDE8F081987898B903F6F803A3F2BA
:10062000D770007801280CD00132E7E7326807FB69
:1006300004F3D15C19B102F803800BF05FFE0134C2
:10064000E2E70C20E5E700BF283A0120742A0120E8
:1006500038B5054604200C461AF03AFE014650B162
:100660006B78038008238370034BC470187BBDE84C
:1006700038401AF042BE38BDA03A012070B500F5EE
:10068000FD65044600F618062C220021284633F0AA
:1006900027F9C0220021304633F022F94FF481734C
:1006A000A4F8FC373A4BC4F80038C4F8043804F511
:1006B0009A63C4F80C38072384F8183894F8DC38A7
:1006C00084F8193894F93C30228CC4F810687F2BD8
:1006D00008BF304BC4F8084808BF93F9283084F8A5
:1006E0001A382D4BC4F81C382C4BC4F8203894F819
:1006F0003F3084F8243884F82538294B93F8793032
:1007000084F8263850074FF00803C4F8603807D43F
:10071000910705D594F83B20D20748BFA4F862386A
:10072000002304F2F921A4F8CA33C4F87C181A464D
:10073000204603F0B9FEA4F8780812201AF0C8FD8C
:10074000F0B1184BC4F8AC380430174BC4F8880823
:10075000C4F8B0380023A4F8DA3404F23B33C4F808
:100760009038C4F8A038114A94F8DC38C4F8B4289A
:1007700084F8193829462046BDE87040FFF726BAAC
:100780001F2384F8823204212046FFF761FFE1E74E
:10079000E5BC0300603A0120D6BE898E5555550050
:1007A000383B0120B1B6030031B7030019B603008E
:1007B00070B500F5FD65044600F618062C220021F0
:1007C000284633F08DF8C0220021304633F088F8F7
:1007D0004FF48173A4F8FC37394BC4F80038C4F8DF
:1007E0000438072384F8183894F8DC3884F819386A
:1007F00094F93C30218CC4F810687F2B08BF314B32
:10080000C4F8084808BF93F9283084F81A382E4BEA
:10081000C4F81C382D4BC4F8203894F83F3084F8C5
:10082000243884F825382A4B93F8793084F8263810
:1008300004F5707220234E07C4F80C28C4F8603801
:1008400007D4C80705D594F83B10890748BFA4F81A
:100850006238002304F2F921A4F8CA33C4F87C18E2
:10086000204603F021FED4F8C433C4F88438B4F829
:10087000C033A4F87808A4F8803828201AF028FD9E
:10088000A8B1144BC4F8AC380430C4F8880804F29A
:100890003B31C4F890182046002203F0C4FE2946DC
:1008A000A4F88C082046BDE87040FFF78FB91F23DD
:1008B00084F8823204212046FFF7CAFEE7E700BF32
:1008C000E5BC0300603A0120D6BE898E555555001F
:1008D000383B0120A1B70300F8B500F2FC650446DF
:1008E00000F5E5672C220E462846002132F0F8FF7D
:1008F000C0223846002132F0F3FF40F20313A4F87F
:100900001037744BC4F81437734BC4F818370323EB
:1009100084F8283794F93C30704AC4F824777F2B48
:1009200008BF92F9283084F82A376D4BC4F82C3769
:100930006C4BC4F8303794F83D3084F8343784F881
:100940003537694BC4F81C4793F8793084F836374B
:100950002823C4F87037238C5F0700F18380980741
:1009600006D594F83B10C90744BF0821A4F87217B4
:10097000DF0709D594F83B30980705D5B4F87237EE
:1009800043F02003A4F87237506994F8383084F8A3
:10099000A33710F48040554BC4F8943703D00BF0C4
:1009A00005FC00F00300238C84F8A20713F010026A
:1009B00004F524775DD003F01D031D2B0DD100231A
:1009C00084F8A237636240F6A663A362484B1B68B3
:1009D0005B684FF47A725343E3623946204603F072
:1009E00047FE238C84F8A007D906C4F888771CD565
:1009F0009A071AD028201AF06BFC002867D03D4BCC
:100A0000C4F898373C4BC4F89C37238C04309B07C0
:100A1000C4F88C0709D504F2D2273946204603F0E2
:100A200099FEC4F8907784F8A1072046FEF7EEFF00
:100A3000002128460BF07EFE2D4B1B685B68EBB156
:100A400021F02EFE07460CF073FE4FF47A72384404
:100A5000C4F804077243002128460DF03DF980B91F
:100A6000122026E0D4F8743743F00403C4F8743736
:100A70008AE73946204603F07BFCB2E728460DF0B2
:100A800031F8D4F88402A0B1238C03F00303012BC6
:100A900014D0022B0ED0002BE2D12046FFF7C2F873
:100AA00001232846D4F8041784F8DD38FAF7C4FC8B
:100AB0000020F8BD2046FFF7E1FDF1E70F4B1B6872
:100AC0009B7E002BCCD02046FFF772FEE8E71F206C
:100AD000EFE700BFE5B90300D9BC0300603A01208D
:100AE000D6BE898E55555500383B012039B40300D8
:100AF000782A0120C9B8030029B90300283A012047
:100B000038B5054604200C461AF0E2FB014650B108
:100B10006B7803800A238370034BC470187BBDE895
:100B200038401AF0EABB38BDA03A0120094B002238
:100B30009A62094B094A9A62094B0A4A1A600A4B9F
:100B40001B681B79082B81BF084A136A43F40053C2
:100B500013627047C81501207C150120B1F903000C
:100B6000343A012099F90300283A0120A03A0120E3
:100B70002DE9F04F00F59676044689B000F5AC7586
:100B80002C220021304632F0ABFEC0220021284644
:100B900032F0A6FE40F20113A4F84031554BC4F8E0
:100BA0004431554BC4F85451C4E9523404F5BC6384
:100BB000C4F8503101F03EFB082384F8583194F812
:100BC0001D3284F8593194F93C3084F81C027F2B93
:100BD00004BF4A4B93F9283084F85A31D4F82431B1
:100BE000C4F85C3101F020FB94F83F3084F86431A4
:100BF00084F86531424BC4F8600193F8793084F889
:100C00006631404BC4F8F431002504F27D33C4F85A
:100C1000BC31C4F8E03129463046A4F8EA550BF05F
:100C200089FDD4F838310593374B94F83F001B68A1
:100C30005A8AA36C9A4238BF1A464FF00109022320
:100C4000CDE9009392B2B4F8E0352946D4E989BAE7
:100C50000BF000FD824544D3DFF8B8802B4FD8F865
:100C60000030A4EB030C4FEAEC0C294B029307FB7A
:100C70000CFC07AB83450CF1040C0193059B00931E
:100C80005A46534638BF024649465FFA8CF00CF08C
:100C9000D7F950B3079BC4F8203221F001FDD8F8F2
:100CA0000010611AC9107943043181460246C9B265
:100CB000D4F820020CF026FA81444B46C4F83431B3
:100CC000002130460CF05CFF013580B9B4F82831C2
:100CD000D4F820220133A4F82831ABB202FB0393ED
:100CE000ECE7452009B0BDE8F08F4320FAE700208B
:100CF000F8E700BF2DBE0300B5BE0300603A012037
:100D0000383B01201DB50300283A0120DF3A82D28A
:100D1000F9F50300742A012010B504461EF020FBEB
:100D2000034B5A7814445C70BDE810401EF01ABBA7
:100D3000E03A0120830770B50F4B1ABF20F003047F
:100D4000043404461C600D4B1B689B7E4FF43C76BC
:100D500006FB0344231A8B42054601D9002070BDCF
:100D6000C91A204600F0BAFD0028F7D0044B04440D
:100D7000601BDE8180B2F2E7082B0120283A0120B7
:100D8000A03A012003884288934210B522D8911FCF
:100D900089B240F67A44A1421CD8063B9BB2A342DA
:100DA00018D88388B3F5FA7F14D201339BB253432A
:100DB000C08840F6C412534342F210724243934239
:100DC00008D20A3880B240F6764398428CBF12208F
:100DD000002010BD1220FCE70E4B15391B68C9B26C
:100DE0004FF43C720E2902FB003311D80A4A525CC0
:100DF000FF2A0DD093F85E1291424FF0010008D007
:100E0000D3F864329040184214BF0120002070478C
:100E100000207047082B0120F88007002DE9F047DB
:100E2000DFF87CA1584FDAF80030987E3B684FF02D
:100E300000084546A3F53C76A84201D800209DE075
:100E400008F53C7203EB0804B15C002940F098807F
:100E50004FF43C72204632F043FDDFF848914B4E90
:100E600001232370D9F814306360D9E90823C4E959
:100E70008623474B1B7B84F8943184F8C43284F872
:100E8000F03184F8043244F2017245F20143A4F8CF
:100E90008E21A4F8FE3145F201127388A4F8BE2217
:100EA000A4F82C3245F20132DAF80030A4F8EA2135
:100EB000DB8BB288A4F82E22FB2B28BFFB23A4F8DF
:100EC00028329B0103F57473A4F82A32314BADB27A
:100ED000C4E98C3340F20113A4F8443004F50C71DA
:100EE000A4F88C51A4F8BC52A4F8E851A4F8FC5121
:100EF000204600F034FD04F50A71A4F83A022046B9
:100F000000F02DFDB37D84F83E3299F8383084F836
:100F1000CA32F37D84F84A32B369C4F84C3240F2E5
:100F20000223A4F84032022384F842321A4BB28AD8
:100F30001B68A4F83802A4F83C221BB11B680BB153
:100F400028469847D4F81C329B070BD5002384F819
:100F5000D132012384F8D232104BC4F8D4320523A5
:100F600084F8D8320BF0C2F999F80030012001332F
:100F700089F800300CF02CFB38684044BDE8F0875D
:100F80000135904658E700BF082B0120E03A0120C8
:100F9000A03A01201B0048010C2B0120E2BF0F00EA
:100FA000283A0120603A01202DE9F341044600F07F
:100FB0002CFFFFF7B1FE204600F094FE264F0646B8
:100FC00004F5B4780DF1070140461AF0A6F905467C
:100FD00080BB224B1D68224B651B2D115D43214BAD
:100FE000ADB25B6831462846984704F5C4701AF0E4
:100FF0008CFA04F52E701AF088FA04F5F2701AF0E3
:1010000084FA04F5FC701AF080FA174B1B681BB1C8
:101010005B680BB128469847002323700BF06EF9EC
:10102000124A13780120013B13700CF0E7FA02B06A
:10103000BDE8F0819DF80730FF2B08D01EF090F935
:101040003B7801333B701EF08DF90136F6B228462D
:101050001AF04AF9B6E700BFE03A0120082B012058
:10106000CF467D67A03A01200C2B0120603A012079
:1010700070B590F81D3190F81C21013113FB01F37C
:1010800013449BB2242B044609D94DF668525A43A7
:10109000520D02EBC20102EB81029A1A93B2D4E91B
:1010A0004826C3F12005A3F12001DA4006FA05F530
:1010B0002A4326FA01F10A43D8B2D20784F81C0168
:1010C0000AD494F81E219A4203D8122A07D9831A07
:1010D000D8B2204490F8280170BD831AD8B2824259
:1010E000FBD9F6E7F0B5D0E9487600221346C3F104
:1010F0002005A3F1200427FA03F106FA05F5294398
:1011000026FA04F42143C90742BF8118013281F84D
:1011100028310133252BEAD180F81E21F0BD0000D3
:1011200037B501460446684603F0AEFB2F4ABDF8CA
:10113000003011688A7E9A4209D820461AF0D4F805
:101140002B4BBDF800005B68012198470AE04FF483
:101150003C725343274A1268D518D35C23B9204602
:101160001AF0C2F803B030BD6B78032BE5D0224AE9
:101170009DF8023012680AB9032BDED0032BBDF8AC
:10118000042000D072B3C98B914207D2002BD4D176
:10119000002AD2D1012385F88431CEE71EF0E0F891
:1011A000164A1378013B13701EF0DCF895F89B315A
:1011B00005F5B47083B91AF033F9284600F0E3FB63
:1011C000234601466A46284600F010FC084B0221DF
:1011D000187B1EF0D1F8C5E79DF8001022461AF0E2
:1011E00086F8BFE7002BD5D0A7E700BF283A01203B
:1011F000A03A0120082B01200C2B0120E03A01200D
:1012000070B50C4B0C4D1B689C7E4FF43C76013C3A
:101210002A6806FB04F3D018D35C2BB9631E0CB903
:10122000204670BD1C46F3E700F0CEFD0028F5D047
:10123000F7E700BF283A0120082B0120FFF76CBD1B
:10124000034B4FF43C721B685043185C704700BF5F
:10125000082B0120024B1B6803B118471846704742
:10126000882A0120034B1B684FF43C7202FB0030BC
:1012700080787047082B0120044B1B684FF43C72A8
:1012800002FB003090F91A01704700BF082B0120C3
:10129000044B1B684FF43C7202FB003090F93A009B
:1012A000704700BF082B0120044B1B684FF43C72B1
:1012B00002FB0030D0E94801704700BF082B012035
:1012C000044B1B684FF43C7202FB0030D0E98601EE
:1012D000704700BF082B0120044B1B684FF43C7281
:1012E00002FB003090F84400704700BF082B01203B
:1012F000044B1B684FF43C7202FB003090F8450031
:10130000704700BF082B0120054B1B684FF43C724F
:1013100002FB0030437A194214BF012000207047BD
:10132000082B012038B5044604200D4619F0D0FFE3
:10133000014678B1084B1B68C570E41A074B2411AD
:101340005C4301238370064B0480187BBDE8384062
:1013500019F0D3BF38BD00BF082B0120CF467D67F1
:10136000A03A01202DE9F743224F234E3B684FF06E
:1013700000089C7ECDF804801DF0F2FF4FF43C7312
:10138000651E5C433368A4F53C74234401AA1978B4
:1013900021B193F88011A95483F88081013D691C23
:1013A000A3F53C73F3D11DF0DDFF3B68DFF84C90F3
:1013B0009C7E01AF013C4FF43C78E15D21B1D9F84E
:1013C00004300BB1A0B29847356808FB045595F876
:1013D0009B3143B105F5B8701AF022F818B12A21F3
:1013E0002846FFF79FFF631E14B903B0BDE8F083E2
:1013F0001C46E2E7283A0120082B0120A03A0120F0
:101400002DE9FF410023454E454FDFF82481ADF81B
:1014100006300DF1060000F0AFFC044620BB414F42
:101420003B689D7E1DF09CFF3368013D4FF43C708E
:1014300003F2811302AE00FB05F2995CA955013D50
:101440009C54F8D21DF08EFF3B68374D9C7E013CCA
:10145000315D19B1AB680BB1A0B29847631E002C87
:1014600059D104B0BDE8F081BDF806304FF43C72AC
:1014700053433268D518D35C2BB900F061FC0120CE
:10148000FFF74AFCC5E7214602A803F00EFA3B68C5
:101490009BB1214605F14C009847B0B195F86530F5
:1014A0005BB1D5F8F41105F5FC701AF02BF8D5F8FE
:1014B000E01105F5F2701AF025F89DF80830022BBE
:1014C0000ED8E3B195F89A31A3B1204600F038FC6C
:1014D0000120FFF721FC48212846FFF723FF98E76A
:1014E000032B0CD1114B1B6813B12146284698479A
:1014F0002046C2E72146284600F04EFC89E7D8F88E
:101500000030002BF4D05B69002BF1D0BDF8060051
:10151000214698477DE71C469AE700BF082B01202B
:10152000DC2A0120283A0120A03A01208C2A01203F
:101530000C2B0120B0F81431B0F8182104335343B8
:1015400003EBA30213F0030318BF012313448B42E0
:1015500005D2012903D0C91A012938BF0121084643
:101560007047F8B54B7D046A0E6A012B07460D469D
:1015700007D18B6A1B78043B012B02D8637813B91F
:101580002F463846F8BD94F899C196F899316345CD
:10159000F6D8D6F89031B6F818214FF47A7040F2A8
:1015A000E24143434A43B3EB420FE9D3BCF1000F9E
:1015B000E7D1D4F89031B4F8182143434A43B3EB50
:1015C000420FDED396F85E32FF2BD9D194F85E320B
:1015D000FF2BD6D106F5B87019F022FF0028CFD026
:1015E00004F5B87019F01CFF0028CAD0B6F81831FD
:1015F000B4F81821B2EB930FC2D3B3EB920FBFD262
:10160000BFE7000008B50CF087F8142813D91E288E
:1016100013D9322813D94B2813D9642813D9962803
:1016200013D9FA288CBF00200120094B93F83830D9
:101630001844C0B208BD0720F7E70620F5E70520EB
:10164000F3E70420F1E70320EFE70220EDE700BF16
:10165000603A012010B50446FFF7D4FF40B220B92C
:10166000012C14BF0020432010BD072801D1002CFD
:10167000F7E70020F8E700004FF43C735843084BAD
:101680001A681318105C48B193F83820042A04D162
:10169000586919B19B690B6070470020704700BF03
:1016A000082B012030B58378B0F81841A3B9B0F801
:1016B00016314069CA1A92B247F6FE75AA4284BF33
:1016C000591A8BB240F2E24595BF6243634305FB72
:1016D000020005FB130030BDB0F8FA30D0F800016D
:1016E0004A1CD21A92B247F6FE75AA4205D8624346
:1016F00040F2E24303FB0200EDE75B1A013B9BB2C1
:10170000634340F2E24202FB1300E4E7054B1B682F
:101710004FF43C7202FB0033D3F8E43203B11847B4
:1017200018467047082B0120104B1A6AD1054CBF90
:1017300003230123120548BF43F004035A0002F0BB
:10174000080230B5134300F5AC7100F5AE74012208
:10175000134214BF7E257F2501F8015B52008C42A5
:10176000D2B2F5D17F2380F8213230BD603A01201A
:10177000020202F00F3200F0F0300243130103F0D6
:10178000333302F0CC321343980000F0553003F0AD
:10179000AA331843C0097047F8B50146B0F84E4166
:1017A000B0F816016040FFF7E3FF00EB00102044A3
:1017B00080B2FFF7DDFF00EB0010204480B2FFF79E
:1017C000D7FF00EB001020444440A4B24DF668530C
:1017D00063435B0D03EBC30203EB8203E31A9EB288
:1017E000D8B2D1E94837C6F12005A6F12002F3406E
:1017F00007FA05F52B4327FA02F21343DB0758BF1C
:1018000091F81E3181F81C015EBF634301EB134167
:1018100091F82801F8BD0000064B074A5A60074BB3
:101820001B681B79082B81BF054A136A43F4804368
:1018300013627047802A012099170400283A01207A
:10184000A03A012008B51DF08BFD044A137801333E
:101850001370BDE808401DF085BD00BFE03A0120CF
:10186000022809D003280AD001F10E00C0008242EC
:10187000A8BF024690B270470F318800F7E7B2F573
:10188000296F4FEA811000F5747038BF4FF4296258
:101890009042A8BF104680B2704738B5837804469E
:1018A000DBB143685B0518D5B0F81431ABB120F05B
:1018B000F7FEB4F81851014640F2E24360695D4317
:1018C0000BF056FF854208D2012384F8093104F158
:1018D0000C00BDE838400CF0FBBA38BD2DE9F047EC
:1018E000174A184FDFF86490002313603A68D48BCE
:1018F000154A1A345443640DC9E90033E4000E4616
:1019000005461034014698463B68DB7E434503D8C4
:10191000481B80B2BDE8F0878B071CBF21F0030392
:10192000191D01EB040AAAEB0503B34206D8484689
:1019300019F002FD08F101085146E5E70020E9E74A
:101940001C2B0120283A0120692F0100102B0120B7
:1019500080F83F127047002380F83F32704738B557
:10196000CA880C460546898890F84400FFF778FF3E
:1019700062882188034695F84500FFF771FF1844F7
:10198000963080B238BD90F83F1290F84420B0F8FD
:10199000363251B1012A06D0022A08D101F00102E3
:1019A000C2F10202D2B2490717D4022A10D0032A88
:1019B00013D06F2B18D9503BDB10043B9BB2B0F80F
:1019C00034021B2B38BF1B23984228BF1846704790
:1019D0003B2B09D92C3B9B10EFE7B3F5747F03D366
:1019E000A3F534739B11E8E70023E8E72DE9F04FF6
:1019F00089B007461C464848938802938846154696
:101A000019F0ACFC064600B300F108030193AB8863
:101A100083819845424628BF1A464FF0000803923A
:101A20008273221D80F80F808260C346029B9B4513
:101A30001BD307F5B870019A297819F058FC38467D
:101A400009B0BDE8F04FFFF728BF204619F04CFC65
:101A5000324B28885B6801219847FFF7F3FE072087
:101A600009B0BDE8F04FFCF709B8029B0399A3EB5E
:101A70000B039BB28B4228BF0B465FFA88F9009399
:101A8000AB8009F101030199DB0003F1020A8A44EA
:101A9000A9780020069069B3012931D0CDE904234B
:101AA00006A9009B8DF81C30504602F0B4FE1C4B7A
:101AB000049A1C6806EBC909022189F8101064B168
:101AC000059B019904330B4407F14C005146A04794
:101AD000041E18BF0124049AA400012389F81140B0
:101AE000AB70009B5B441FFA83FB009B08F101086D
:101AF0001A449BE702208DF8180087F88411CDE77F
:101B00008DF8181097F884110129C7D102218DF89A
:101B100018104FF00001F0E7102B0120A03A01202F
:101B2000E02A01200E4B70B51E6804460A468D1E41
:101B30002EB111F8013C4C300B442946B0472A46DF
:101B400004F5B870FF2119F0D2FB064B0221187B77
:101B50001DF012FC2046BDE87040FFF79EBE00BF9E
:101B6000E02A0120A03A012037B50546063019F0D9
:101B7000AFFB044638B10323694600938DF8045047
:101B800002F049FE0444204603B030BDF7B500F52D
:101B9000B8770E4638460DF10701154619F0C6FB19
:101BA0000446002843D0384619F046FC9DF807202B
:101BB000FF2A034632D0E079A779A18800FB07FC11
:101BC00004EBC00E3A46013067448F424FEAC00032
:101BD0009EF80870378000F1020727447760276875
:101BE0006744C8BFA1EB0C02F7609EF80970C8BF3C
:101BF00092B2328177B10430204470613782032081
:101C000053B162449142D4BF00230123DBB22B7055
:101C100003B0F0BD0220F3E70123F7E762787460B8
:101C2000B0FA80F302325B0932800120EFE703460D
:101C3000EDE7000037B500F5B8740DF10701204657
:101C400019F074FBB8B19DF80720FF2A07D0C179BD
:101C500083794D1C01FB033381888B4209DB074BE1
:101C60001860074B0DF1070120461A7019F055FB5B
:101C700000E0C571012003B030BD00BF1C2B012066
:101C8000182B012070B5134E0546306800B3124B77
:101C90001B78FF2B19D0044654F80809043819F0B2
:101CA00023FB0E48214619F047FBFFF7CBFD95F8C3
:101CB0008031013385F8803100233360084BBDE863
:101CC0007040187B04211DF057BB19F00DFBF3E7A2
:101CD00070BD00BF1C2B0120182B0120102B0120F0
:101CE000A03A0120F7B5114F002500F5B8760DF1A7
:101CF0000701304619F011FB044610B9284603B01D
:101D0000F0BD9DF80730FF2B0DD054F808090438BA
:101D100019F0EAFA01352146384619F00DFBEDB20B
:101D2000FFF790FDE3E719F0DFFAE0E7102B012061
:101D30000C3008B580B219F0CBFA00B1023008BD02
:101D4000023819F0D1BA000008B5134600F8021C99
:101D5000090A00F8011C821ED9B2054819F0C7FA19
:101D6000044B0121187BBDE808401DF005BB00BFF6
:101D7000E83A0120A03A012013B504460DF107010D
:101D8000044819F0CAFA18B19DF8073023800230D0
:101D900002B010BDE83A0120094B0A4A1B68C31A79
:101DA0001B11534310B504468A1E00F5BC70D9B20E
:101DB00019F09DFA94F88131013384F8813110BD16
:101DC000082B0120CF467D671FB500F5BC700DF1D3
:101DD000070119F0A2FA0446A0B183789DF8072004
:101DE000ADF8082003F00303012BC27802D0022BC8
:101DF00018BF032302A92046ADF80C208DF80A3045
:101E000002F0FAFC204604B010BD73B5002400F5C2
:101E1000BC750DF10701284619F07FFAE6B20134CE
:101E200010B9304602B070BD19F05EFAF1E700005B
:101E30002DE9F84F0025DFF87880DFF87890DFF89B
:101E400078A006460F462C46D8F800309B7E1FFA35
:101E500085FB5B4502D82046BDE8F88F5846FFF762
:101E6000EFF900B35846FFF7FDF9E0B9D9F80030B3
:101E70000BB15846984716215846FEF7ADFF01288A
:101E80004FF0100008BF0C2419F022FA014660B18F
:101E9000C0E9026741F20163A0F800B043809AF8FC
:101EA0000C0019F02AFA0135CEE70C24D3E700BF65
:101EB000283A0120383A0120A03A012002884FF444
:101EC0003C714A4307490968034688188A5C42B155
:101ED000054AD978136083780BB903F013B903F07E
:101EE000E1B97047082B0120042B01202DE9F041B6
:101EF0000E4E0F4F00244FF43C7833689B7EA34274
:101F000001D8BDE8F0813A6808FB04F3D518D35C2A
:101F100053B105F5B87019F083FA28B9AB781BB93D
:101F20002921284603F0EEF80134E6E7283A01209B
:101F3000082B012008B5F3F7A1FCF3F789FB0BF0A0
:101F400065F80BF069F900F05FFBBDE808400AF0A6
:101F5000FBBA000010B503780446B3B182780B4891
:101F600002F04AFEA37818B11E2808D00D2100E027
:101F70000C2120462BB9BDE8104003F0C3B80E2158
:101F8000F7E7BDE8104003F08DB910BD902A01209D
:101F90008378FF2B70B5044612D00B4BBDE8704020
:101FA0001860FFF78BBF20463460FFF787FF238858
:101FB00001339BB22A682380927E9A42F3D870BD87
:101FC000024D014E0023F5E7042B0120283A0120A1
:101FD000F8B52C2204460D4600F1380600210C30DD
:101FE00031F07EFCC0220021304631F079FC002324
:101FF00084F81C31A4F81631D5E90623C4E9482336
:1020000095F82A3084F81D312B8CA4F818316B8C8C
:10201000A4F81431AB8C03EB830347F230515B001F
:10202000C4F8F411A4F88631FF272046FFF782FA9E
:1020300084F85E726B69C4F850312B69C4F8E00112
:10204000C4F854312046FFF74DF82B6983EA134258
:10205000A4F84E21042284F83820214A126892F80C
:10206000202084F83A20E3636B69236440F2011571
:10207000022384F846302046A4F84450FFF754FB6E
:10208000012384F8663004F50C7184F85C712046F5
:10209000FFF765FC04F50A71A4F83A022046FFF741
:1020A0005EFCB4F83A32A361B4F81831A4F83802EF
:1020B00040F2E2425343E3610A4B63620A4B2584D8
:1020C000C4E90A34094BC4F89830094BC4F89C3071
:1020D000084BC4F8A030084B6663C4F8A430F8BDC0
:1020E000283A01205DC3030029C7030095C20300FD
:1020F00045C3030047C7030055C7030038B5184D53
:102100002A68138E92F82E10128D013311FA83F380
:10211000062101FB023303EB930113F0030318BF05
:1021200001230446194400F5C47019F0EBF92A683C
:1021300092F83D3084F84D3192F83E2084F84520E5
:1021400084F84420074A204652F82330002198475B
:1021500084F8390004F10C00BDE838400BF004BFEE
:10216000042B0120802A012008B51C4B1C4A5A6010
:102170001C4B1D4A5A601D4B1D4A1A601D4A5A606D
:102180001D4A9A601D4B1E4A9A601E4ADA611E4B18
:102190001E4A1A601E4B1F4A1A601F48FBF7B2FC0A
:1021A00000F032FA1D4B1B681979062906D91C4A22
:1021B0000729136A03D143F00E03136208BD0829EF
:1021C00002D143F02E03F8E7092902D143F480330A
:1021D000F7E7144919431162F0E700BFC815012061
:1021E000351F04007C150120911F040050150120AB
:1021F00001140400ED1E0400651304009038012052
:10220000915D0400095704008C2A0120551F040029
:10221000802A012071100400311E0400283A012098
:10222000A03A01202E00010508B509F0BFFF20F0FB
:102230007F4008BD08B509F0B9FF00F00702C0F300
:10224000012305321344C0F30040184408BD0000C8
:102250004FF43C735843064B1A681318105C30B1A6
:1022600093F83820052A01D158697047002070473B
:10227000082B012002884FF43C714A430549096844
:10228000034688188A5C22B1034AD978136003F0A8
:1022900009B87047082B0120042B012030B589B004
:1022A0000546FEF7BBFD0446E0B11B4B1D60012354
:1022B00083700B2102F0F6FF01200BF09FF995F8D7
:1022C0003F3033B3154B28781A68154BA21A1211F8
:1022D0005A4395F8403092B2002109B0BDE8304031
:1022E00009F0D3BF09230693D5E91623CDE90423CA
:1022F000D5E91423CDE90223D5E912230790CDE9CE
:102300000023012195F83C3005F10802F5F78CFC1B
:10231000D2E709B030BD00BF042B0120082B0120FB
:10232000CF467D6710B50378044683B182780848AC
:1023300002F062FC18B11E2807D00D2100E00C212C
:102340002046BDE8104002F0ADBF0E21F8E710BDF9
:10235000902A01208378FF2B70B5044612D00B4BD6
:10236000BDE870401860FFF785BF20463460FFF776
:1023700081FF238801339BB22A682380927E9A4290
:10238000F3D870BD024D014E0023F5E7042B012068
:10239000283A012010B504460BF0BEF9072C28BFDF
:1023A0000724034B33F81430184480B210BD00BF2B
:1023B000088107002DE9F74F864F00F10C083D68B2
:1023C00000F138092C2200210446404631F088FAF9
:1023D000C0220021484631F083FA95F84130002BA5
:1023E00000F0E18095F83E30032B14BF022603264F
:1023F0002B8E1E4495F83D3084F84D31D5E90823E5
:10240000C4E948234FF0010BA4F8FAB095F8323034
:1024100084F81D312B8DA4F8183195F83300FFF79F
:10242000B9FF6B8DA4F81431AB8DA4F8F80003EB61
:10243000830303FA0BF347F23051A4F88631C4F852
:10244000F4112046FFF776F84FF0FF0A84F85EA2F9
:10245000EB69C4F8E001C4F8503195F82E302A8DAC
:10246000B6B23344062101FB023303EB930113F0B0
:10247000030318BF5B46194404F5C47019F042F811
:102480002046FEF72FFEAB6983EA1342A4F84E21E3
:10249000052284F83820504A126892F8202084F8E7
:1024A0003A20E363EB6923643B6893F83E3084F899
:1024B000453084F844302046FFF736F984F85CA1B3
:1024C00004F50C7184F866B02046FFF748FA04F56D
:1024D0000A71A4F83A022046FFF741FAA4F838023C
:1024E00095F82E50B4F8F810DFF814A140F2E2434A
:1024F0005D435E437019FBF7D1FA3B68B4F83A725A
:102500009B6BC4F834901E4440F201132384334B78
:102510006362334BDFF8EC90C4E90A34314BC4F802
:102520009C30C4E93F56304BC4F8A030361A2F4BCC
:1025300066612F4405EB0B0607EB400706EB4006F0
:10254000C4F8A4302A4BA761C4F89860C4F8A83036
:1025500094F84D31002159F82330204698475146D0
:1025600084F8390040460BF00BFBB4F81811E0B9C1
:10257000B4F816510135ADB240F2E243A4F8165159
:102580004D435D432846B4F8F810FBF787FAD4F8BA
:1025900000311D442D1A3B1806EB40006561A36114
:1025A000C4F89800D4E7012622E7124B1868124BB2
:1025B000201A00115843114B0093B4F83A2240F20C
:1025C000E24401236143C0B20AF02EFE03B0BDE82D
:1025D000F08F00BF042B0120283A012019CA030004
:1025E0005DCF03007DC9030015CA030071CF03004E
:1025F0007DCF0300082B0120CF467D6751220400C8
:1026000063150400802A0120054B1B689B7E4FF454
:102610003C725A43034B0021186831F061B900BF86
:10262000283A0120082B012008B51C4B1C4A5A608F
:102630001C4B1D4A1A605A680AB91C4A5A601C4B46
:102640001C4A1A601C4A9A601C4B1D4A9A601D4A1B
:10265000DA611D4B1A680AB91C4A1A601C4B1D4AE4
:102660001A60FFF7D1FF1C4B1B681979062906D9A0
:102670001A4A0729136A03D143F00E03136208BDF7
:10268000082902D143F02E03F8E7092902D143F4C7
:102690008033F7E7124919431162F0E7C8150120AA
:1026A000E52604007C1501209D220400552304002A
:1026B000501501200114040065130400B0380120F6
:1026C00041610400095704008C2A012025230400DD
:1026D000802A012071100400283A0120A03A01202C
:1026E0002E00010508B5F3F7C9F80AF08FFC0AF0CF
:1026F00093FDFFF789FFBDE8084009F025BF000002
:1027000070B5037804460E4633B38278134802F05E
:1027100073FA054638B9A378B3B10C212046BDE859
:10272000704002F0BFBDA2780C48314602F09CFB1D
:102730000028F0D01E2DA37801D01E280AD10E212A
:102740002046002BEBD101E00C212046BDE8704073
:1027500002F0D8BC0D21F3E770BD00BF902A012024
:1027600008B5FFF701FD0F4B0F4A1A600F4A5A6078
:102770000F4B104A1A60104B104A1A60104B114A46
:102780001A60114B114A1A60114A136A43F0010191
:102790001162104909680979062984BF43F01103C1
:1027A000136208BD90380120C9650400716A0400F5
:1027B0008C2A012001270400D02A0120AD3A06000E
:1027C000E02A0120213B0600DC2A0120C53B06004F
:1027D000A03A0120283A012070B5037804460E463D
:1027E000D3B182780D4802F007FA054628B90C21CA
:1027F0002046BDE8704002F055BDA278074831463A
:1028000002F032FB0028F2D01E2D01D01E2801D18B
:102810000E21EDE70D21EBE770BD00BF902A0120EE
:10282000104B114A1A60114A5A60114B1A680AB9C2
:10283000104A1A60104B114A1A60114B114A1A6063
:10284000114B124A1A60124A136A43F001011162D5
:10285000104909680979062984BF43F011031362FE
:10286000FFF7E2BEB038012019690400716A040064
:102870008C2A0120D9270400D02A0120AD3A060075
:10288000E02A0120213B0600DC2A0120C53B06008E
:10289000A03A0120283A0120044B1B684FF43C72F7
:1028A00002FB0030D0F8F401704700BF082B012074
:1028B00038B5114B1C684FF43C7303FB00442046B1
:1028C0000D46FEF737FE854213D094F86530C4F804
:1028D000F451C4F8E00153B1294604F5FC7018F036
:1028E00011FED4F8E01104F5F27018F00BFE01208F
:1028F00000E0002038BD00BF082B0120C07802F0A6
:102900000FBE00002DE9F047634CDFF8B4A1634D22
:1029100081460E4690460021282204F19C001F4665
:1029200030F0DEFF04F1C803C0220021184630F069
:10293000D7FF5B4BC4F8C4004FF48172C4E92D3358
:102940009AF80800A4F8B020022384F8C830FBF7F6
:102950007DF995F82830534A84F8CA30524B84F8F0
:10296000C900C4E9332340F2011394F84220A4F8CB
:10297000D4300323A4F810310AB1A4F812319AF824
:10298000083084F849312D20484BC4F8383118F00C
:102990009FFC474BC4F84031C4F82801FBF79CF872
:1029A000A065FFF741FC012384F86E30B4F8823053
:1029B000A4F86830B9F80430A4F86A30B9F80630E1
:1029C000A4F86C30D5E90C23E065C4E91823FFF7BF
:1029D00031FC84F87200FEF715FE052384F8883177
:1029E000222384F88C312B6A84F87300C3F380337C
:1029F00084F8893194F84130DB0749BFD5E90623D3
:102A00002C4BC4E94623D4F8143153BFD3E90C232B
:102A100043F00203C4F81431C4E94623D4F8143156
:102A200043F00102C4F8142195F829201AB143F0AB
:102A30005103C4F81431D4F81401C0F3400384F8EE
:102A40008A31D4E94623C4E9122394F8423093B979
:102A500006F00106C4E91487C4E9488784F88B614D
:102A60001EB140F00800C4F81401D4F8143143F04A
:102A70000403C4F814311049A1F5C47000F0DAFF62
:102A80000E49204401F022F82423C4F82C4184F894
:102A90004831BDE8F08700BF202B0120603A0120BB
:102AA000E1D00300D6BE898E5555550051D10300A3
:102AB000B1D20300A03A0120A82C0120682B0120EC
:102AC000FC3A012010B50C4C0AF032FEE38F40F2C4
:102AD0007122534300F2CC40C4F8A800C4F8AC30D3
:102AE00004F19C000023A4F898300AF0FBFFD4F80E
:102AF000A430A36310BD00BF202B012002484FF477
:102B0000CC72002130F0ECBE202B0120034B044A94
:102B1000DA60044B044ADA60FFF7F0BFC815012001
:102B20002D2B04007C150120FD280400FFF7E6BFD3
:102B3000034B93F82400003818BF0120704700BFF2
:102B4000202B01204FF47A735843034B185C003854
:102B500018BF0120704700BFC82C01202DE9F843A1
:102B6000044600F50E778946164600212C2200F512
:102B700003701D4630F0B4FEC0220021384630F00C
:102B8000AFFE40F20313A4F82032614BC4F8347254
:102B9000604FDFF8A081387AC4F82C42C4E9893349
:102BA000022384F83832FBF751F898F928205A4963
:102BB00084F83A22594A5A4B84F83902C4E98F12F0
:102BC00094F86A209C420CBF0323012384F8453209
:102BD000D00784F844324FF08303A4F8803248BF12
:102BE000A4F882323B7A84F8B9324E4BC4F8A8324A
:102BF0004D4BC4F8AC32422018F06AFBC4F898027E
:102C0000002800F08280494BC4F8B032FAF764FF24
:102C1000A063FFF709FB012384F84E30B4F862305B
:102C2000A4F84830B9F80430A4F84A30B9F80630AE
:102C3000A4F84C30D8E90C23E063C4E91023FFF773
:102C4000F9FA84F85200FEF7DDFC052384F8D83148
:102C5000222384F8DC3194F86B3084F85300DB07CE
:102C600049BFD8E90623324BC4E9A223D4F8843201
:102C700053BFD3E90C2343F00203C4F88432C4E900
:102C8000A223D4F8843243F00102C4F8842298F8D5
:102C9000292004F128071AB143F05103C4F8843203
:102CA000D4F88412C1F3400384F8DA31D4E9A223C2
:102CB000C4E90A2394F86A30A3B99DF8200000F013
:102CC0000100C4E90C65C4E9A46584F8DB0118B10E
:102CD00041F00801C4F88412D4F8843243F00403AC
:102CE000C4F8843204F1780504F5EC71284600F04C
:102CF000A1FE3946284400F0E9FE2423C4F89C5282
:102D000084F8B8320020BDE8F8831F20FBE700BF3D
:102D1000BDD30300FC3A0120D6BE898E555555001F
:102D20009834012019D603003DD6030089D403004E
:102D3000A03A0120603A012010B504460AF0F8FCE0
:102D4000638B40F27122534300F2CC40C4F81C3232
:102D50000023C4F818026370A37004F503700AF02E
:102D6000C1FED4F81432636610BD00002DE9FF4D9A
:102D7000C17883784A1E012A04464CD9A3F1FF0783
:102D80007B427B412288344DFF2AA87A45D0002B14
:102D900043D140FA02F3DE0706D5304B4FF47A7088
:102DA00000FB023002F0D8FBE378012B51D12C4B11
:102DB0002A4F1E68B8460024AB7AB1792341DA075E
:102DC000D6E902AB3AD40134032C08F57A78F3D172
:102DD00000246C72D6E90223C5E90023DFF8848061
:102DE000B3792B724FF43C76AB7A2341DB070CD5D9
:102DF000B7F86000D8F8003007F1280106FB003072
:102E0000FFF7E6F83846FFF797FF0134032C07F584
:102E10007A77E9D11DE00123B4E7104F0026AB7AA1
:102E20003341D80704D53846039102F095FB039946
:102E30000136032E07F57A77F1D1B5E7737901935F
:102E40003379009352465B464046F5F745FC00282F
:102E5000B9D004B0BDE8F08DB82C0120C82C0120F9
:102E600010160120082B01202DE9F843002104460B
:102E700000F54A77164600F53E702C221D4630F0CC
:102E80002FFDC0220021384630F02AFD4FF4817317
:102E9000A4F80C33344B3548C4F82073C4E9C43368
:102EA000062384F82833324B94F86B1093F82820CB
:102EB00084F82A232F4AC4F81843C4E9CB0294F8B3
:102EC0006A004FF4C072C70748BFA4F87223A4F881
:102ED0007023012284F8A423274AC4F88C23D4F851
:102EE0007423C90751BF254A42F00202C4F8742373
:102EF000D3E9068958BFD2E90C89D4F8741393F842
:102F0000293041F001024CBFC4E9DE89C4E9DE8901
:102F1000C4F874231BB141F05101C4F8741388B98B
:102F20009DF82030DB0742BFD4F8743343F0080328
:102F3000C4F87433D4F87433C4E9E06543F004038F
:102F4000C4F8743304F17803C4F8883324230020D0
:102F500084F89C330A4BC4F890336070A07084F8F6
:102F60000802BDE8F88300BF25D40300D6BE898ED1
:102F7000603A012055555500D9D60300A03A0120EA
:102F8000B1D8030008B540F6B8320021064830F049
:102F9000A7FC064B10220021184630F0A1FC044982
:102FA00001220A73827208BDC82C0120B82C0120AE
:102FB000603A012008B5084B084ADA60084B094A14
:102FC0005A62094B094A1A60FFF7DCFF084B4FF4BD
:102FD0007A729A8208BD00BFC8150120F52F04003F
:102FE0007C1501206D2D04002C3A0120452B040096
:102FF000A03A0120FFF7C6BF034A012303FA00F0FD
:10300000937A184390727047B82C0120044A012328
:1030100003FA00F0937A23EA00009072704700BF31
:10302000B82C012030B50A4B044629B14FF47A750B
:1030300005FB00350868A8614FF47A7101FB043084
:1030400000F11C035168106803C39068186030BD1C
:10305000C82C012038B5044604200D4618F038F974
:10306000014690B17CB1094BE41A094BE4105C4372
:10307000A4B209238B70074B0C80CD70187BBDE880
:10308000384018F03AB9FF24F3E738BDC82C0120C6
:10309000D578E926A03A0120014B024ADA60704750
:1030A00090380120C16C0400B2F5706FF8B5054688
:1030B0000E46144633D2022A33D84FF430731C4ADA
:1030C0006343D118D35C63B34B78012B29D1194BDF
:1030D0001B689B7E834226D9174A4FF43C731168C4
:1030E0004343CA18CB5CF3B1D2F818329B014FF0BE
:1030F00000071AD592F81432BBB10A2018F0E8F88C
:1031000060B142F2012343800C4B05808780C4806C
:1031100006810146187B18F0F0F83846F8BD1220F9
:10312000FCE74220FAE70220F8E71A20F6E700BFA2
:1031300028200120283A0120082B0120A03A012054
:10314000F8B51D4B1B689B7E834204460E46154610
:1031500001D80220F8BD1046FCF7AEFB30B390F862
:103160002171012F24D1154A4FF43C731168634338
:10317000CA18CB5C002BECD0D2F818329B0119D5C1
:1031800092F81432B3B10A2018F0A2F80028E1D066
:1031900042F2012343800A4B04808780C580068168
:1031A0000146187B18F0A9F80020D3E74220D1E7A8
:1031B0000C20CFE71A20CDE7283A0120082B012068
:1031C000A03A012030B50B4C2468A47E84420FD96C
:1031D0004FF43C746043084C25682C18285C38B1C7
:1031E00084F84A12A4F84C22A4F84E32002030BDD4
:1031F0000220FCE7283A0120082B0120074B084A4F
:103200001A60084B084A1A60084B094A1A60094BB1
:10321000094A1A60094B0A4A1A607047EC2A0120D1
:1032200069890300E82A0120818B0300002B01201B
:10323000A98D0300F02A0120C58D0300E42A012096
:10324000E58D0300034B04481B7B0373034B196894
:1032500018F052B9A03A012080380120083B012023
:103260002DE9F84F164C80460F4616461D46DDE9FF
:103270000AAB1CF075F894F804901CF073F8B9F1DF
:10328000030F1AD8182018F023F80146A8B1C0E996
:1032900002AB40F2062343800A4B06714571C0E938
:1032A0000487187B18F029F81CF05AF823790133A9
:1032B0002371BDE8F84F1CF055B8BDE8F88F00BF8A
:1032C000083B0120A03A012038B5C378012B02D079
:1032D000022B06D038BDF3F727FABDE83840FFF7D8
:1032E000B1BFD0E904450179421D00F10803204631
:1032F00061B12946F3F772F91CF032F8054A1379E7
:10330000013B1371BDE838401CF02CB82946F3F797
:10331000B9F9F1E7083B0120014B1860FFF792BFB4
:10332000083B012008B50D4B0D4A9A61002110227F
:103330000C4830F0D5FA0C4B0C481B681B79072B56
:1033400081BF0B4A136A43F040031362F2F7CCFFCC
:10335000044B4FF48372DA8008BD00BF7C15012056
:10336000C932040080380120283A0120613204006B
:10337000A03A012008B5C9B220F080FB012008BDA9
:1033800010B58AB0044626220021684630F0A8FA1B
:1033900014238DF802300C4B93F82230002B14BF0D
:1033A000002312238DF8043020460DF1050304F1AB
:1033B000200250F8041B43F8041B9042F9D16846E0
:1033C00008F03CFF0AB010BD103B0120024B4FF447
:1033D0000071187B1BF0D0BFA03A012010B500F19E
:1033E0001F0300F10F029A4200D110BD01781C7832
:1033F00000F8014B03F80119F5E701F1200301384A
:103400008B4200D1704713F8012D00F8012FF7E728
:1034100000B589B02021684620F030FB05480CF04B
:1034200005F868460CF008F8FFF7D0FF09B05DF822
:1034300004FB00BF7533040000B589B0014668463F
:10344000FFF7DBFF05480BF0F1FF68460BF0F4FFD8
:10345000FFF7BCFF09B05DF804FB00BF7533040043
:1034600010B50BF0FBFF044618B9FFF7AFFF20467D
:1034700010BD0120FCE738B504460D460CF04AF8B3
:103480002046FFF7ABFF04F12000FFF7A7FF284617
:10349000BDE83840FFF7A2BF70B5A2B0FFF7E0FF6C
:1034A00058B31749684610AEFFF7E5FF46220021E2
:1034B000304630F015FA13238DF842306A460DF18C
:1034C000450508AB144603CC9C422860696022463F
:1034D00005F10805F6D10DF165041A4603CAB2429A
:1034E00020606160134604F10804F6D1304608F00C
:1034F000A5FE034B002283F8202022B070BD00BF40
:10350000103B012030B599B004460D46014608A88D
:10351000FFF773FF04F1200110A8FFF76EFF2946A3
:103520006846FFF76AFF07480BF080FF694608A866
:103530000CF050F8044B4FF48061187B1BF01CFF1B
:1035400019B030BD75330400A03A012010B50CF05D
:103550008DF8044638B9054B4FF48061187B1BF099
:103560000BFF204610BD0120FCE700BFA03A012060
:1035700010B504460CF094F82046BDE81040FFF763
:103580002DBF000010B50E4C94F8223088B04BB916
:103590002022FF21684630F0A3F96846FFF7F0FECD
:1035A00008B010BDFFF7D2FF0028F9D06846FFF73A
:1035B000DFFF6846FFF7E4FE002384F82030EFE7E2
:1035C000103B012030B591B004460D4601466846D7
:1035D000FFF713FF04F1200108A8FFF70EFF68466C
:1035E0000BF0AEFF10F0FF0406D12DB1044B4FF4E9
:1035F0008061187B1BF0C0FE204611B030BD00BFBB
:10360000A03A012038B50A4890F820506DB990F8DA
:103610002140012380F8203024B1FFF70DFF2C4614
:10362000204638BDFFF7F4FEFAE70C24F8E700BFA8
:10363000103B01202DE9F041114D95F82080064600
:103640000F46B8F1000F18D195F82340B4FA84F171
:103650004909FFF7B7FF85F8220028B9002C18BFE9
:1036600012242046BDE8F08101233946304685F812
:1036700020304446FFF746FFF3E70C24F1E700BF94
:10368000103B0120F0B5164B99B06A4603F12005B6
:10369000164618685968144603C40833AB422246DC
:1036A000F7D1104B08AA03F140071546186859686E
:1036B000144603C40833BB422246F7D10A4B93F8A1
:1036C00020405CB901223146284683F8222083F845
:1036D0002020FFF717FF204619B0F0BD0C24FAE7B1
:1036E0001881070039810700103B0120074B084A69
:1036F0005A62084A9A62084A136A43F000631362E6
:10370000064B002283F82320704700BF501501208C
:103710009934040085350400A03A0120103B0120B3
:10372000014B024ADA607047B03801200972040088
:10373000F8B500230B701378164603F03F029B097F
:1037400005460270437092B9741C2B78A21B9342F9
:10375000A5BF01339B1A00222246A6BF54FA83F468
:10376000D9B21146A01B2A622977C0B2F8BD77787A
:103770000F708378F90743EA070306F102048370A8
:1037800006D5204617F036FFC5E9020106F1080408
:10379000BA0705D5204617F02DFFC5E90401063408
:1037A0007B0748BF013438070AD5627814F8023B1A
:1037B00003EB0223C3F30B02C3F303332A83AB7679
:1037C000F90644BF6C620334BA0644BFAC621234DB
:1037D0007B0644BF14F8013BEB76B6E70B7803F0A9
:1037E0003F0303700B78C3F3801343700B78DB093E
:1037F00083708A784B7803EB0223C3F30C02C3F384
:1038000042338280837170474A780B7803EB02233E
:10381000C3F30C020280C3F34032C3F380338270DF
:10382000C370CA788B7803EB022383804B798A7943
:103830001B0212049B180A7910B52CBF0124002426
:103840009B18CA794FEA026244F100049B180A7A75
:1038500042EB040202F01F04C0E902345209027470
:10386000CB7A8A7A1B0403EB02234A7A13440A7B3D
:1038700003EB026343618A7B4B7B03EB0223CA7B2E
:1038800003EB024383614A7C0B7C03EB02238383BB
:1038900010BD4B788A781B0212049B180A7810B569
:1038A0002CBF012400249B18CA784FEA026244F11D
:1038B00000049B180A7942EB0402C0E902328A79BB
:1038C0004B7903EB0223038210BDF0B58B784C7863
:1038D0001B0403EB04230C782344CC78C3F30D05BD
:1038E00003EB0464C3F380338372C4F3CB33E40E7D
:1038F0000581838184738B794C791B0403EB04234A
:103900000C792344CC7903F01F0503EB0464C3F363
:1039100042130374C4F31323240FC5734361047665
:103920008B7A4C7A1B0403EB04230C7A2344CC7A65
:10393000C3F3130503EB0464C3F3035380F820308F
:10394000230EC5614384CB7B8C7B1B0403EB0423D8
:103950004C7B23440C7C03EB04634362CB7C8C7C68
:103960001B0403EB04234C7C23440C7D03EB046415
:10397000C3F313038362230D83858C7D4B7D03EB9F
:103980000423C3850B7E4D7ECE7D2D041B020024B7
:103990005B192CBF012525469B198E7E4FEA0666D2
:1039A00045F100059B19CE7E45F1000535441B19F4
:1039B00005F01F06C0E90C366D0980F838504B7FC2
:1039C0008E7F0F7F36041B029B192CBF01262646D3
:1039D000DB19CF7F4FEA076746F10006DB1991F844
:1039E000207046F100063E441B1906F07F070135A2
:1039F000F609222AC0E9103780F8486080F838506C
:103A000015D9012380F84930D1F82130C0F84A3067
:103A1000D1F82530C0F84E3001F129035230393148
:103A200053F8042B40F8042B8B42F9D1F0BD80F8F9
:103A30004940FBE78A784B78920142EA43120B78BF
:103A40001343CA7843EAC2130A7943EA02231BB23A
:103A50000370C3F3072343700220704770B5049EC0
:103A6000F47F0546063417F0CBFDE4B2F27F314611
:103A7000A81D2FF037FE204670BD10B5044617F084
:103A8000BFFDA01DDDE9022317F0BAFD0C2010BD1B
:103A900038B5D1E900230C46054617F0B1FDA81D45
:103AA000D4E9022317F0ACFD0C2038BDFFF7D6BFD8
:103AB00038B5D1E900230C46054617F0A1FDA81D35
:103AC000D4E9022317F09CFD0C2038BD38B50C4614
:103AD0000546FFF7EDFF2169228C295421692B1837
:103AE000090A5970618A9970E17CD970616919710C
:103AF0006169090A5971E18A997194F82610D9719E
:103B0000218D1972218D9A72090A120A5972DA727C
:103B1000628C1A73628C120A5A73A28C9A73A28CEA
:103B2000120ADA73A2691A74A269120A5A74628BB1
:103B30009A74E27EDA74E2691A7594F82B1094F89C
:103B40002A2042EA41125A75222038BD0B784A7861
:103B500003F00F010170C3F340114170C3F38011F2
:103B6000DB09C3701346054A817012681279082A6E
:103B700098BF03F03F03037102207047283A0120E9
:103B800038B5044608460D4617F034FDC4E9000177
:103B9000A81D17F02FFDC4E902010C2038BD38B56F
:103BA000054608460C4617F025FDC5E90001A01D95
:103BB00017F020FDC5E90201A37B627B1B0403EB28
:103BC0000223227B1344E27B03EB02632B61627CC2
:103BD000237C03EB0223A27C03EB02436B61E37CB7
:103BE00085F82630627D237D03EB02232B85E27D61
:103BF000A37D03EB02232B84627E237E03EB02234F
:103C00006B84E27EA37E03EB0223AB84637FA27FFF
:103C10001B0212049B18227F2CBF012100219B183C
:103C2000E27F4FEA026241F100019B1894F82020E4
:103C300042EB0102C5E9063294F8213003F01F027D
:103C40005B0985F82A20222085F82B3038BD10B575
:103C500090F82630028C082B22D8931F9BB240F696
:103C60007A418B428CBF00230123018D914288BF92
:103C70000023828C0A3A92B240F676418A4288BF8B
:103C80000023D0E9061212F0E0040BD111430BD04F
:103C900090F82A20053A0B2A94BF1846002010BD40
:103CA0000023E2E70023F3E72346F1E708230B7044
:103CB00028234B70836D8B70836D1B0ACB70B0F81B
:103CC0005A300B7190F85B304B71C36D8B71B0F84B
:103CD0006030CB71B0F860301B0A0B72092070475E
:103CE00070B590F8BA200346901C013293F8F0406A
:103CF0000A702C224A70B3F8C0208A70B3F8C02032
:103D0000B3F8C450C2F30D0242EAC53293F8C6506C
:103D100042EAC56293F8C250AD0305F480452A43D8
:103D20001212CA70B3F8C420C2F347020A71B3F882
:103D3000C020B3F8C450C2F30D0242EAC53293F872
:103D4000C65042EAC562C2F307624A7193F8C8508E
:103D500093F8C72042EA45128A7193F8D020D3F82D
:103D6000CC5093F8C860120742EA052293F8C75076
:103D700045EA46152A43120ACA7193F8CD200A7201
:103D800093F8D020D3F8CC50120742EA0522120E45
:103D90004A72D3F8D4208A7293F8D520CA72B3F845
:103DA000DA2093F8D850120642EA0552D3F8D450DC
:103DB0002A43120C0A73B3F8DA2093F8D85012068B
:103DC00042EA0552D3F8D4502A43120E4A73002215
:103DD0008A73D3F8DC20CA73D3F8DC20120A0A7481
:103DE000B3F8DE204A7493F8DF208A74D3F8E02019
:103DF000CA7493F8E1200A75B3F8E450D3F8E020D0
:103E000042EA0552120C4A75B3F8E450D3F8E020A8
:103E100042EA0552120E8A75B3F8E620CA75B3F865
:103E2000E62012120A76D3F8E8204A76D3F8E82082
:103E3000120A8A76B3F8EA20CA7693F8EB200A775A
:103E4000D3F8EC20013CE4B242EA44124A77D3F8BA
:103E5000F8208A77D3F8F820120ACA77B3F8FA2044
:103E600081F8202093F8FB2081F82120D3F8FC2052
:103E700093F8004102F07F0242EAC41281F8222046
:103E800093F80121C0B292B1D3F80221C1F82320E6
:103E9000D3F80621C1F8272003F585722B3103F5ED
:103EA0008D7352F8044B41F8044B9A42F9D170BD1E
:103EB0002DE9F0410D461E468046174609F02CFCC0
:103EC000164B32288CBF002001209D4219D8144B7C
:103ED000A5FB0331C1F34F01002347EA801747EAEE
:103EE000C317377098F83F20022A14D0D31E5A42C5
:103EF0005A415200717041EA42310912B170BDE875
:103F0000F081084BA5FB0334032303FB0541C1F3F8
:103F10008F210123E1E70122ECE700BFE1BF0300AD
:103F2000121111119E36D0692DE9F04F87B09146DC
:103F3000DDF848A09DF84CB0109A0493002313714B
:103F4000BBF1040F0AF1030304460F4602930AF182
:103F5000040507D19DF85030002B14BF4FF0030B20
:103F60004FF0010B238C990600F1B28017F001038A
:103F700007D119F001060CD094F88322D20700F182
:103F8000A9802846D4E9042317F03AFB0AF10A0570
:103F90000126BB0706D419F0020F0CD094F8833227
:103FA000980708D42846D4E9062317F029FB46F0E1
:103FB0000206F6B20635390706D419F0080F16D0F6
:103FC00094F883321A0712D42A46B4F8403002F823
:103FD000023BB4F8403094F84210C3F30B0343EAB9
:103FE000013346F008061B126B70F6B21546A5EBBE
:103FF0000A02C2F5807819F0200308F1010807D001
:1040000094F883329B065ABFC2F1EF0801230023C4
:1040100019F0400203920CD0BBF1030F0CBFB4F8AF
:104020002C22228C12F040021CBF012208F1FF3822
:104030000392119A002A4FD0119912884989521A75
:1040400092B219F0100F019207D0119A127B22B987
:1040500094F84C20904528BF904617F0100705D1E2
:1040600019F010093BD0019A424504D946F01006D8
:104070002F46F6B20335002B00F08B8046F0200669
:10408000D4F83491F6B2D4F8F0170593484609F005
:104090006FFBB0F5967F059B23D9D4F8F0174846FF
:1040A00009F066FBAD4A90421FD9B0F5161FAC4926
:1040B000059B28BFA0F51610A0FB01C14FF0030C13
:1040C0000CFB00112CBF1A460022C1F38F2113E014
:1040D00000265EE71E465CE7119A0192BDE74F4657
:1040E000C9E7D4F820229144CDE79E4BA0FB0331D1
:1040F0000023C1F34F011A46920342EA43320A43B6
:10410000121229706A70D4F82022974BA2FB032167
:10411000D20F42EA4102AA70D4F82022A2FB032364
:10412000C3F3D713EB70D4E98C9000F01F03059311
:10413000FDF768FA059B85F8049043EA40104FEAC2
:1041400019236B714FEA19434FEA1969AB7185F86E
:1041500007902872D4F85C316B72D4F85C311B0A7A
:10416000AB72B4F85E31EB7294F85F312B73D4F814
:1041700060316B73D4F860311B0AAB73B4F86231F1
:10418000EB73B4F828312B74B4F828311B0A6B7424
:104190001235039B002B3DD094F92A0701211FF013
:1041A0001FFA46F04006BBF1030F05F8010BF6B20B
:1041B00034D0019BA5EB0A09002B62D0434528BFF0
:1041C00043469846119AC9F5807301335289984540
:1041D00028BF98465FFA88F352FA88F8119AA2F835
:1041E0000A80029AAD1A6A1C1344109A5046137141
:1041F0001146FFF71FFC049B8AF8036045EA83150C
:104200008AF80250BBF1050F44D8DFE80BF03C48B8
:1042100071814371BBF1030F40F09B8094F85020F3
:10422000012A24D1029B94F85210EB1A0231C3F1F7
:104230004003C9B2DBB2994219D829462046FFF79C
:1042400035FD054494F8B830012B12D1029B94F847
:10425000BA10EB1A0231C3F14003C9B2DBB2994282
:1042600007D829462046FFF73BFD0544A1E7002279
:10427000E8E73243029BD2B2002A04BF00261D4663
:1042800097E7019BADE70023C4F8D83884F8836230
:10429000C4F884725FFA89F007B0BDE8F08F00239C
:1042A000C4F8D838002FF5D0109B94F826181A7946
:1042B00094F82408023208F017FA2C4B1B685A8A2B
:1042C000A36C9A422CBF8018C018B0F5161F28BFE7
:1042D0004FF41610C4F8D80808F00CFA94F8DC284B
:1042E000C4F8D80801463B462046FFF7E1FDD1E778
:1042F0000023C4F8D838002FCCD094F8271894F8AD
:10430000240809B994F8B918109B1A790232D2E737
:104310000023C4F81832002FBCD0109B94F8261844
:104320001A7994F82408023208F0DEF90F4B1B6862
:104330005A8AA36C9A422CBF8118C118B1F5161F76
:1043400028BF4FF4161194F81D22C4F818123B46EA
:10435000CAE7029B002E08BF1D462AE7E1BF030003
:104360009E36D06912111111E3361A00283A012045
:104370002DE9F0438BB00023CDF8213007238DF8D1
:104380002030038C03F007030F460646904600F5E5
:10439000E561062B00F28380DFE803F00479798180
:1043A0004D797900B0F8C03390F83D40002B04F10E
:1043B000FF3C0BBF1A4608221D461025DCF1000405
:1043C00044EB0C041543002B14BF224644F00102B9
:1043D00090F82131012B44EA821404D190F8DE38A0
:1043E000002B08BF1825E8064AD445F001050DF159
:1043F0002009EB063246484648BF04F0BF04079147
:10440000FBF7AAFD079932464846FBF7FFFD338CC0
:10441000CDF800900022CDE90328CDE9012786F8E8
:10442000832203F00303224629463046FFF77CFD32
:104430000BB0BDE8F083B0F8C03390F83D40002BDE
:104440000BBF1A4608221D4610251543621E544212
:104450005441A20142EA4402B3FA83F35B091443D4
:1044600044EA831490F82131012B04D190F8DE380E
:10447000002B08BF1825EB0602D445F00305B6E76C
:10448000084B5B699804B2D504F0FE04AFE790F8DE
:104490003D40621E54425441A4011825A7E7002460
:1044A0002546A4E7603A01202DE9F0478AB09946F5
:1044B0000023CDF8213007238DF82030038C03F042
:1044C000070388460546174600F61801062B4FD805
:1044D000DFE803F00751514E19044C0040240B262D
:1044E00026E090F8834290F8213104F00104C4F1F1
:1044F0005104012BE4B204D190F8DE380BB944F03A
:104500002004082614E090F8834290F8213114F03A
:10451000020F04F001040CBF0A260826C4F151045E
:10452000012BE4B204D190F8DE380BB944F020043A
:104530000DF1200A2A4650460791FBF70DFD079919
:104540002A465046FBF762FD2B8CCDF810900122D5
:10455000CDE90282CDE900A703F0030322463146EC
:104560002846FFF7E1FC0AB0BDE8F0874824B6E72B
:1045700000242646DCE740240926D9E72DE9F0434C
:104580008BB007238DF82030164B5B6908AD13F410
:10459000006F04460E46174600F618014FF000085B
:1045A0000246284614BF4FF009094FF00109079150
:1045B000CDF82180FBF7D0FC079922462846FBF76F
:1045C00025FD0223CDE9026304F59A63CDE900538A
:1045D00004974346502249462046FFF7A5FC0BB0FE
:1045E000BDE8F083603A012030B589B00D46002463
:1045F0000721CDF819408DF8181093B9048C84F078
:104600000204C4F34004E10004930423CDE90253FF
:1046100006AB0192009310220023FFF785FC09B03E
:1046200030BD2146F0E7F0B5082389B000F50E65EE
:10463000044680F8E0380E46174600F61801024698
:1046400028460791FBF788FC079922462846FBF786
:10465000DDFC0523CDE902630023CDE90053049777
:104660001A4603212046FFF75FFC09B0F0BD0000A9
:104670002DE9F04385B00646024600240D468F1C06
:1046800000F5E56102A8019102948DF80C40FBF75A
:1046900063FC0199324602A8FBF7B8FC338C03F0A7
:1046A0000703032B05D0052B4ED0022B14BF022489
:1046B0000624D6E9042338468DF8084016F0A0FFFA
:1046C0009DF80830012B05F108080CD1D6F8743795
:1046D00043F00403C6F874374046D6E9062316F0C3
:1046E0008FFF05F10E089DF80890B9F1060F2DD83F
:1046F000452424FA09F414F001040BD096F8CF43B2
:1047000044B11F2C224606F5747128BF1F22404673
:104710002EF0E8FF0E4B1B6A5B0405D5B9F1010FC3
:104720009CBF01238DF80930A8EB0700044402A9BF
:1047300028468DF80C40FFF77DF99DF80C000230FB
:10474000C0B205B0BDE8F0830124B2E70024E1E780
:10475000603A012037B50423009390F83930022BDA
:1047600004460D4625D003F0FD03012B01D18DF841
:10477000023094F8DF346946063328468DF8043059
:10478000FFF758F90544D4E90423284616F038FF0A
:1047900094F8DF243AB11F2A28BF1F2204F59C6138
:1047A000A81D2EF09FFF9DF804000230C0B203B098
:1047B00030BD43691B0A03F0C003402BD9D101234C
:1047C000D5E730B589B007248DF81840B0F82C42F1
:1047D00004930323CDE90213002506AB04F0400443
:1047E0000192009344F010022B462946CDF819504F
:1047F000FFF79AFB09B030BD8A780B8843EA023391
:104800009BB203701B0A43708B8883708B881B0AD2
:10481000C370042070470A790B7843EA02234A7870
:10482000920002F0040213438A78D20002F00802D8
:104830001343CA78120102F0100213431BB2037033
:10484000C3F30723437002207047002303700B78E3
:1048500043704B8883704B881B0AC3708B8803712D
:104860008B881B0A4371CB888371CB881B0AC37169
:104870000B8903720B891B0A43724B8983724B8924
:104880001B0AC3720C2070474A780B7803EB022393
:10489000C3F30B02C3F3013302808370CA788B78B1
:1048A00003EB02238380042070470B784A7802715F
:1048B00003F003010170C3F380014170C3F3C00131
:1048C000C3F300138170C370022070474B780370EC
:1048D000CA788B7803EB022343804A790B7903EB88
:1048E00002238380CA798B7903EB0223C3804A7A3F
:1048F0000B7A03EB02230381CA7A8B7A03EB022340
:1049000043810C2070478B78CA781B0212049B18D5
:104910004A7810B52CBF012400249B180A794FEA6D
:10492000026244F100049B184A7942EB0402C0E998
:104930000032CA798B7903EB02230381082010BD72
:1049400010B50446481C16F042FEC4E900010920D7
:1049500010BD4B780370CA788B7803EB0223438039
:104960004A790B7903EB02238380062070478A780B
:104970004B7803EB022303800A79CB7803EB022305
:1049800043808A794B7903EB022383800A7ACB79BF
:1049900003EB0223C3800920704710B58A784B7857
:1049A00003EB022303800A79CB7803EB02234380D5
:1049B0008A794B7903EB022383800A7ACB7903EB64
:1049C0000223C3804B7A0372CA7A8B7A03EB0223E9
:1049D000438101F10E030C301A3113F8014C13F826
:1049E000022C023302EB04228B4220F8022BF4D17A
:1049F000182010BD4B7803708A7803F0070303700A
:104A000002F0070343700320704710B54A78027024
:104A10008B7843700C79C97802F0070203F0070322
:104A200001EB0421027043704180052010BD38B5B0
:104A30008B784A7802EB032203460C4623F8022BBC
:104A40000546CA1C153112F8010B03F8010B8A4206
:104A5000F9D1A27D637D03EB0223AB82227EE37D4D
:104A600003EB0223EB82637E03F00F022A76C3F38B
:104A700000125B096A76AB76A37EEB7604F11B002D
:104A800016F0B8FDC5E9080194F8222094F8213009
:104A900003EB02232B85232038BD4B7803708B78E2
:104AA0004370CB7883700B79C3708A794B7903EBB1
:104AB0000223C3F30B03D2090271C3800A7ACB79B4
:104AC00003EB0223C3F30B0303818A7A4B7A03EBD4
:104AD0000223CA7A03EB0243C3F31303C3604A7B86
:104AE0000B7B03EB02238A7B03EB0243C3F3130329
:104AF00003610A7CCB7B03EB022383828A7C4B7CA1
:104B000003EB0223C382CB7C03764A7D0B7D03EB50
:104B100002238A7D03EB0243C361CB7D1A0903F0B4
:104B20000F0380F8212080F820300B7E80F822309F
:104B30004B7E80F82330CA7E8B7E03EB0223838476
:104B40004A7F0B7F03EB02238A7F03EB02438362DE
:104B500091F82020CB7F03EB022391F8212003EB77
:104B60000243C36291F8232091F8223003EB022321
:104B70000386242070478A784B7803EB0223CA7897
:104B800003EB024303604A790B7903EB02238A7932
:104B900003EB024343600A7ACB7903EB02230381E0
:104BA00009207047CB788A781B0403EB02234A78EC
:104BB00013440A7903EB026303608A794B7903EBB0
:104BC0000223CA7903EB024343604A7A0B7A03EB70
:104BD00002238A7A03EB024383600A7BCB7A03EBDE
:104BE00002234A7B03EB0243C360CA7B8B7B03EB4C
:104BF000022303821020704770B50D460446164606
:104C0000FFF753FE29182D5C6571252D00F28C806D
:104C1000DFE815F026006700E1008A008A008A00BC
:104C20008A00E1007E007F008A008A008C009100EB
:104C300084005A00580098008A008A0079007900A0
:104C4000A500A300AF00BB008A008A00D400DD00ED
:104C5000DD00E400ED00F600FF001E0123010D0160
:104C6000002E61D004F10800FFF730FE2379834263
:104C70005AD1A3899A1F92B240F67A418A4201D949
:104C80001E251DE0217A0029FAD0092B94BF03F1DB
:104C9000FF3208229142F3DC62899A42F0D8218ADD
:104CA000A1F10A0292B240F676408242E8D8E28947
:104CB00002FB0333B3EB810FE2DAB2F5FA7FDFD206
:104CC000284670BD012E2FD0664B1B6A9D072BD541
:104CD00004F10800FFF761FE2379834224D1002507
:104CE000EEE70EB304F10800FFF70DFE23798342CF
:104CF0001AD1D4E9020131F01F03C1D107F072FAD1
:104D00000128ECD8BCE704F10800FFF730FEE3E728
:104D100056B104F10800FFF713FEDDE7012E03D0C2
:104D2000504B1B6A1807F4D41925C9E704F1080091
:104D3000FFF70FFED0E7FF2323724B7863722379CE
:104D4000022BCBE7474B1B6A5A07EDD54B782372F2
:104D50008B7863722379032BC0E7012EE4D0414B9B
:104D60001B6A13F4106FDFD004F10800FFF742FE56
:104D7000B2E7002ED8D03B4B1B6A13F4106FD3D090
:104D800004F10800FFF741FEA6E7012ECCD0354B19
:104D90001B6ADB03C8D54B7823728A78217962724B
:104DA00003F0070303292372BED1002B3FF468AF41
:104DB000023A232A8CBF1E25002581E7294B1B6A56
:104DC0009E01B1D504F10800FFF731FE84E7254BC1
:104DD0001B6A5D01A8D54B782372B0E7214B1B6A93
:104DE0009800A1D504F10800FFF757FE74E71D4BAA
:104DF0001B6ADA0098D504F10800FFF7BCFE6BE7E8
:104E0000184B1B6A9B008FD504F10800FFF7CAFE00
:104E100062E7144B1B6A13F0405F85D04B78237216
:104E20008B786372CB78A3722379042B56E70D4BF2
:104E30005B6A13F0040F3FF477AF4B7823728B78E3
:104E40006372CB78A3720B79E3722379052B45E764
:104E5000044B5B6A13F0020FDFE7024B5B6A13F04F
:104E6000020FE8E7603A012070B50E460446154689
:104E7000FFF71BFD325C6271033A3318102A3CD8ED
:104E8000DFE802F0092634363B3B3B39363B3B3BFF
:104E90003B3B3B3D3D0085B3D3F80120A260D3F8F6
:104EA0000520E260997A5A7A02EB01222282D3F835
:104EB0000B20C4F81220D3F80F20C4F81620D3F822
:104EC0001330C4F81A302379172B16D1002070BD87
:104ED000012D12D0D3F80120A260D3F80520E260A2
:104EE000D3F80920237922610D2BEEE7012D04D0A0
:104EF0002379012BE9E7002DFAD11920E7E7024BCE
:104F00001B6ADB06F4D4F8E7603A012038B50B4D94
:104F10000B4A95F8243003EB83030344044652F80C
:104F2000233003B1984795F82430064A03EB8303F6
:104F300013441B5D85F8243038BD00BF18160120CE
:104F40007C810700CC81070038B50378074A01EB64
:104F50008303044652F823300D4603B19847227864
:104F6000034B03EB82035B5D237038BD588207005F
:104F70009882070038B5094D2B78062202FB0303FF
:104F8000074A52F82330044603B198472A78054B64
:104F9000062101FB02331B5D2B7038BD6828012000
:104FA000E08107004082070038B5094D2B780622C2
:104FB00002FB0303074A52F82330044603B1984723
:104FC0002A78054B062101FB02331B5D2B7038BD8F
:104FD000882801200C8307004082070038B54378F9
:104FE000084A03EB83030B44044652F823300D4672
:104FF00003B198476378044A03EB830313445B5D72
:10500000637038BDA8820700F882070038B50B4DE1
:1050100095F82730062202FB0303094A52F8233091
:10502000044603B1984795F82720064B062101FB5B
:1050300002331B5D85F8273038BD00BFE82801200A
:105040006C830700CC8307008378094A70B5062675
:1050500006FB0313044652F823300D4603B198476C
:10506000A278044B06FB02335B5DA37070BD00BFEA
:10507000F88307005884070038B590F82031094AB2
:1050800001EB8303044652F823300D4603B19847E1
:1050900094F82021044B03EB82035B5D84F82031FC
:1050A00038BD00BF70840700B0840700012970B5C7
:1050B000044609D98B1E012B1CD80126032919D8B7
:1050C000DFE801F0041904190026F7E700250B4B6F
:1050D00005EB460253F822300BB12046984768236F
:1050E00003FB0644064B94F8502003EB42035B5D40
:1050F00084F8503070BD0125E9E700BFE483070064
:10510000F4830700F0B54378022B89B004460D46BE
:105110004AD0032B72D0002B4FD12B294DD1FCF755
:10512000EDFF2046F2F76AFF6368D90703D5342103
:10513000204600F0E9FA6368DA0503D535212046F8
:1051400000F0E2FA63685B060CD5B4F82C321B2B36
:1051500004D8B4F82E32B3F5A47F03D93621204603
:1051600000F0D2FA2E492F4B08682F491A68201AEE
:105170000011484394F84D1192F83C3007910021FA
:105180000691D2E91667CDE90467D2E91467CDE943
:105190000267D2E9126780B2CDE900670832F2F700
:1051A00043FD022363701FE02B291DD018D8292945
:1051B00021D02946204600F0C1FE4B2D2CD04C2D8D
:1051C00012D1174B1868184B201A00115843C0B25F
:1051D00007F08AFF204609B0BDE8F040FBF7E4BEC7
:1051E000A1F14703012BE4D82946204609B0BDE8C8
:1051F000F04000F029B8F3F76BFAF5E75129DCD15C
:10520000D0F8603223F00103C0F86032F2F7F9FE03
:10521000002384F85032E7E72046F2F7B5FED0E7E6
:10522000082B0120042B0120CF467D674378032201
:105230004270022B4FF0000280F8502202D10C3055
:1052400008F046BE70470000482910B504461AD041
:1052500003D8F9B1472919D010BD4B29FCD1837867
:10526000012B08D10D4B18680D4B201A0011584323
:10527000C0B207F0E9FF2046F2F786FE2046BDE8FF
:105280001040FBF791BEF2F7C5FE2046BDE8104086
:10529000FFF7CCBFF2F7B8FEF7E700BF082B0120FD
:1052A000CF467D67F0B5437889B004460D46032BA1
:1052B0000FD8DFE813F01500830004001F0129292F
:1052C00007D0A5F14703012B03D92946204601F059
:1052D0005FF82946204609B0BDE8F040FFF7B4BFAB
:1052E0000B29F6D1FDF766F82046F2F787FE6368D2
:1052F00013F4007F03F0010242D02AB1D4F86422F3
:1053000042F00802C4F86422D80542BFD4F86422EF
:1053100042F00402C4F8642259060ED5B4F82C32C7
:105320001B2B04D8B4F82E32B3F5A47F05D9D4F8DA
:10533000643243F01003C4F864320123754963708A
:105340000868754B75491A68201A0011484394F88B
:105350004D1192F83C30079100210691D2E9166771
:10536000CDE90467D2E91467CDE90267D2E9126793
:105370000121CDE90067083280B2F2F755FCA8E7B9
:105380001AB13421204600F0BFF96368DA0503D56D
:105390003521204600F0B8F963685B060CD5B4F8F7
:1053A0002C321B2B04D8B4F82E32B3F5A47F03D9CA
:1053B0003621204600F0A8F90223BFE72C2980D827
:1053C000142982D9A1F11503172B3FF67EAF01A254
:1053D00052F823F041540400CB520400CB52040095
:1053E000CB520400CB520400CB5204005B540400A7
:1053F00071540400CB520400CB52040087540400C3
:10540000B3540400C9540400DF5404009D54040044
:10541000CB520400CB520400CB520400CB52040008
:10542000CB520400D3520400CB520400CB520400F0
:1054300035540400022343703A21FBF773FF48E719
:10544000D0F8643243F40073C0F86432D0F86032AC
:1054500043F40073C4F860323BE7D0F8643243F0A1
:105460000403C0F86432D0F8603243F00403F1E77B
:10547000D0F8643243F00803C0F86432D0F86032E8
:1054800043F00803E6E7D0F8643243F01003C0F8B5
:105490006432D0F8603243F01003DBE7D0F86432B6
:1054A00043F08003C0F86432D0F8603243F08003E8
:1054B000D0E7D0F8643243F40053C0F86432D0F837
:1054C000603243F40053C5E7D0F8643243F0200360
:1054D000C0F86432D0F8603243F02003BAE7D0F865
:1054E000643243F04003C0F86432D0F8603243F0D5
:1054F0004003AFE751297FF4ECAED0F8603223F0DF
:105500000103C0F86032F2F77CFD002384F85032CA
:10551000DFE600BF082B0120042B0120CF467D676A
:1055200038B50A4D0A4A95F8243000EB8303044647
:1055300052F8233003B1984795F82420054B03EB2C
:1055400082031B5D85F8243038BD00BF202B01206D
:10555000C08407000085070038B50378074A01EBCF
:105560008303044652F823300D4603B1984722784E
:10557000034B03EB82035B5D237038BD108507008E
:105580005085070001EB8101034B114453F8213092
:1055900003B11847704700BF80850700013906290D
:1055A00040D8DFE801F01E0F041927323800022A24
:1055B0000CBF90F80C3290F80D32B3FA83F35B090C
:1055C000184670478378012B2CD1002AF8D1D0F8E7
:1055D0001832C3F3C003F3E7D0F81832C3F3401313
:1055E000EEE78378012B03D1131E18BF0123E7E7F1
:1055F000131FFAE78378002BF6D0042A10D08AB95B
:10560000B0F81A3203F00103DAE7002AF0D1064BB2
:1056100093F82330F6E7D0F81832C3F38063CFE76E
:105620000023CDE70123CBE7603A01201FB5104BE3
:10563000104A1B688DF80310C31A1B115343002234
:10564000CDE901229BB203920A22ADF800308DF819
:105650000220ADF80630D0E9862302A88DF80410A8
:1056600015F0B9FF684606F0E9FD05B05DF804FBEA
:10567000082B0120CF467D67D0F8603201228A4096
:105680001A421CD023EA02030D4AC0F86032537953
:105690000D2B05D0112B03D0072B07D01A2300E0C8
:1056A000537A02290BD11946FFF7C0BF0429F5D15F
:1056B000D0F8183223F02003C0F818327047704732
:1056C000902A012010B4D0F8602201248C401442AA
:1056D00016D022EA04020329C0F8602208D0072964
:1056E0000AD002290CD15DF8044B0021FFF79EBFC0
:1056F0005DF8044BF2F70EBC5DF8044BF2F79ABE6E
:105700005DF8044B704700002329F8B504465DD8C6
:105710000B2901D8002051E10C39CA48CAB2012333
:10572000934018407CD113F00103F3D0C64B5B7952
:10573000013BDBB21D2B00F24181C44AD65CFF2E37
:1057400000F03C81C04B5D796A1E1D2AE2D801A1A0
:1057500051F822F0675904008F58040015570400CF
:10576000155704001557040015570400D1580400BC
:10577000D7590400D75904001557040015570400E1
:10578000C159040035590400D759040015570400C5
:105790001557040035590400155704001557040027
:1057A000B7580400B75804001557040015570400F3
:1057B00015570400D159040015570400155704006B
:1057C000CB590400E7590400E75904003439CBB23F
:1057D000062B9FD806299DD801A353F821F000BFBE
:1057E000935804009358040093580400155704007C
:1057F00093580400BF580400FD570400D4F86832E1
:105800006278002B0CBF01260226032A82D013F0F7
:10581000010500F0928023F00103C4F8683236E0FD
:1058200017293FF677AF01A353F821F0CD580400B4
:1058300015570400155704001557040015570400A8
:105840001557040015570400155704001557040098
:1058500015570400DF5904008D5804001557040043
:105860001557040015570400D5590400BF5904000A
:105870001557040015570400B558040015570400C7
:10588000CF590400C9590400E55904000026002539
:1058900069E004293FF63EAF01A353F821F000BFB1
:1058A000C5590400DB590400BB5804001557040017
:1058B000EB5904000026042555E00126FBE794F887
:1058C0005E520626FF2D3FF425AF4CE0002639E757
:1058D0001D7A6B1E142B3FF61DAF01A252F823F068
:1058E000675904008F580400155704001557040029
:1058F000155704001557040015570400D759040024
:10590000D75904001557040015570400C159040065
:1059100015570400D7590400155704001557040003
:10592000155704001557040015570400B758040014
:10593000B758040094F85E52C4E7D4F8642212F019
:1059400001000CD14FF0010C0CFA00F717EA03012B
:10595000C5B213D023EA0703C4F8683203E022F08B
:105960000102C4F8642294F85032002B3FD0012B7E
:1059700000F09280002D00F0D880C3E001300828AC
:10598000E2D1012707FA01F313EA0200CDB212D0E7
:1059900022EA030294F85A32C4F86422012BE2D1BD
:1059A000002284F85A2294F855220AB184F8503221
:1059B00084F85E52D7E701310829E3D1F8BD00260B
:1059C0000325D0E70126FBE700260625CBE70026C6
:1059D0000525C8E700260225C5E70126FBE70026C6
:1059E0000125C0E700260725BDE701264FE7012E68
:1059F0000ED02DD8002EBDD1D4F860320122AA409D
:105A00001343C4F86032324629462046FFF7BAFDF8
:105A1000324629462046FFF7C1FD002800F08C8061
:105A2000012229462046FFF7ADFD2046F2F78CFD06
:105A300084F85E52012384F8553284F85032002DE8
:105A400077D05FE0008CE900902A01206085070094
:105A5000B31E022B8ED8324629462046FFF79EFD04
:105A6000A0B1022E04D0022229462046FFF78AFD6B
:105A70006F4B142202FB0533DB6813B120469847B5
:105A800078E784F85E5284F85732D3E700221A216F
:105A90002046F2F703FD6DE7072E3FF66BAF01A33B
:105AA00053F826F0C55A0400C55A0400755904007D
:105AB000435B0400F15B0400755B0400875B04003A
:105AC000875B0400324629462046FFF767FD98B3FE
:105AD00036B9D4F860320122AA401343C4F86032C8
:105AE00094F85E32AB4206D0D4F864320122AA4068
:105AF0001343C4F8643226B9324629462046FFF7DC
:105B000041FD0DB1012059E7D4F8643223F00103BF
:105B1000C4F86432D4F8683243F00103C4F8683240
:105B2000012229462046FFF72DFD94F85E32002B16
:105B300079D103236370E5E729462046FFF79CFDF2
:105B400018E794F85E32AB4214D00322294620466F
:105B5000FFF724FD00283FF40DAF0222294620461E
:105B6000FFF710FDD4F868320122AA401343C4F8AD
:105B70006832FFE694F85E32AB4219D1042229461E
:105B80002046FFF7FFFC072E294620462DD1FFF7C0
:105B900073FD2046F2F7EAFCFF2384F85E3200230F
:105BA00084F8553284F850322046F2F7E7FCE1E6FB
:105BB000D4F864320122AA401A423FF4DBAE23EA51
:105BC0000203C4F8643294F85A32012B08BF002350
:105BD0002946204608BF84F85A320422FFF7D2FC37
:105BE00029462046FFF76EFDC4E6FFF76BFDD0E7C0
:105BF000022229462046FFF7C5FC94F85E320B2BA3
:105C0000B0D00B4B142202FB0533DE68002EA9D066
:105C1000042229462046FFF7C1FC00283FF436AF96
:105C20002046B047A6E6D4F86832DB0781D469E79E
:105C30008085070090F85E02023802288CBF0020A1
:105C40000120704790F85332094A70B50B2606FBC5
:105C50000313044652F823300D4603B1984794F8D5
:105C60005322044B06FB02335B5D84F8533270BD54
:105C700020860700D08607000C21F2F74FB80122DA
:105C80002321F2F70BBC10B50446F2F76FFC204657
:105C9000BDE81040F2F7D4BC10B50123044680F8EB
:105CA0005632F2F763FC2046F2F7C6F92046BDE80B
:105CB0001040F2F7C5BC10B5012380F85632437A84
:105CC00023F0010304464372F2F750FC2046F2F73A
:105CD00005FA2046BDE81040F2F7B2BC427A42F025
:105CE00001024272F2F712BA10B5437A43F001038F
:105CF00004464372F2F792F92046BDE81040F2F7ED
:105D000005BAD0F8603213F4007310B504460ED112
:105D1000C0F8603294F8563283B1002384F85632CA
:105D200020460122BDE810403B21F2F7B7BB00231B
:105D3000C0F860323B21F1F7F1FFEBE710BD10B581
:105D400004461822002100F521702DF0C9FDD4F879
:105D500018329B0707D52046F2F7C2F92046BDE866
:105D60001040F2F7F1BB20463B21BDE81040FBF7A5
:105D7000D9BA10B5D0F8603243F400730446C0F8C5
:105D80006032F1F7A5FF2046BDE81040FFF7D7BF0E
:105D90003C2970B5044608D8382908D81D2963D095
:105DA0000CD80C290ED0152960D000252FE03A39E7
:105DB000022941D8DFE801F046375C001E29F4D102
:105DC00002211EE05C4B5979CA1F0A2AEDD801A0B6
:105DD00050F822F0135E0400AB5D0400AB5D0400DC
:105DE000AB5D0400AB5D0400AB5D0400275E040006
:105DF000AB5D0400015E0400755E0400335E0400C8
:105E0000032194F85052BDB3012D45D001252846F9
:105E100070BD1B7A0F2BC8D1D4F8183223F00203BF
:105E2000C4F81832EDE794F85E32092BBDD1072192
:105E3000E7E71B7A0F2BF9E790F85E32092BB4D114
:105E40000621DEE7D0F86432B3F5007F4FF000059D
:105E500003D1C0F864520821D3E7B3F5806FD6D1DF
:105E6000C0F864520921CCE70121CAE70021C8E744
:105E70000A21C6E70421C4E72046FFF7E3FE94F8B1
:105E80005332002BC2D00123092284F8503284F807
:105E90005E2284F85752B9E7032915D194F85E328F
:105EA000042B0FD8012B0FD9D4F86422012000FA5B
:105EB00003F31A430923C4F8642284F85E3284F899
:105EC0005A0201E0072BEFD094F85E32092B16D16D
:105ED0002046FFF7B7FE94F85362002E96D1204675
:105EE000F2F744FB637A84F8506223F00103637293
:105EF000FF2384F85E322046F2F740FB87E799B132
:105F0000032983D10B2B09D12046F2F787F8D4F867
:105F1000643243F48063C4F8643278E701222A21B2
:105F20002046F2F7BBFA72E72046F1F7D1FED4F82B
:105F3000643243F40073EEE7902A01201C2970B507
:105F400004460D4606D190F80D321BB1BDE87040F5
:105F5000F1F7E0BF244E3368ABB97368CBB9B368CF
:105F6000EBB9F3680BBB33692BBB73694BBBB369EC
:105F7000002B2CD1F369002B2FD129462046BDE8F8
:105F8000704000F0DBB92946204698470028E4D04D
:105F900070BD2946204698470028E0D0F8E72946FA
:105FA000204698470028DCD0F2E72946204698474B
:105FB0000028D8D0ECE72946204698470028D4D0BE
:105FC000E6E72946204698470028D0D0E0E7294652
:105FD000204698470028CDD0DAE729462046984742
:105FE0000028CAD0D4E700BF9038012038B590F817
:105FF0005332094A01EBC303044652F823300D46DD
:1060000003B1984794F85322044B03EBC2035B5D42
:1060100084F8533238BD00BFFC8607007C87070038
:1060200001222321F2F73ABA10B5437A23F0010393
:106030004372064B1B68044619790122F2F72EFAC7
:106040002046BDE81040F2F791BA00BF042B0120B2
:10605000D0F86022910506D522F40072C0F86022C3
:106060000021F1F75BBE7047014B597AF1F756BE3C
:10607000902A01200C21F1F751BE10B5437A23F08C
:10608000010304464372F2F737F82046BDE810409A
:10609000F2F75ABA10B50446F2F768FA2046BDE89E
:1060A0001040F1F721BE10B50446F1F7B7FF637A4F
:1060B00043F0010363722046BDE81040F2F726B8B2
:1060C000FFF7F1BFD0F86022094922F40072C0F84E
:1060D00060224A790D2A034605D0112A03D0072AE7
:1060E00005D11A2101E0497A1846F1F717BE704729
:1060F000902A0120D0F818329B0710B5044606D527
:10610000F1F7EEFF2046BDE81040F2F71DBA1A2164
:10611000F1F704FE20463921BDE81040FBF702B933
:1061200010B5D0F8603243F400730446C0F8603212
:10613000F1F7CEFD2046BDE81040FFF7DBBF0000C1
:106140001E2970B504465DD007D815295CD01D29DD
:106150005CD00C2909D0002505E039293DD03A2929
:106160004FF000053FD0284670BD734A5379002B8D
:106170004ED0073BD9B20A29EDD80A2BEBD801A1A2
:1061800051F823F0B1610400576104005761040025
:10619000576104005761040057610400C76104009F
:1061A000576104001562040057610400D1610400C6
:1061B000137A0F2BCFD1D0F8183223F00203C0F896
:1061C0001832052617E090F85E32092BC3D1F8E7A4
:1061D000137A0F3B012BBED8F3E790F85E32092B00
:1061E000B9D1062607E0D0F86432B3F5007FBAD102
:1061F000C0F86452072694F850526DB1012D1CD09E
:106200000125B0E70326F6E70026F4E70226F2E7C9
:106210000426F0E70126EEE731462046FFF7E6FECA
:1062200094F85332002BEBD00123092284F850322A
:1062300084F85E2284F85752E2E76FF0120333418C
:10624000DB0717D494F85E32072B03D010D89A1EC0
:10625000022A0FD8D4F86422012101FA03F31A4369
:106260000923C4F8642284F85E3284F85A1201E0EB
:106270000D2B1BD094F85E32092B21D131462046DC
:10628000FFF7B4FE94F85362002EB9D12046F2F71E
:106290006DF9637A84F8506223F001036372FF237F
:1062A00084F85E322046F2F769F95CE7D4F864328C
:1062B00043F40053C4F86432092384F85E32D9E70A
:1062C000052E9DD801A353F826F000BFFF620400FD
:1062D000F16204000162040001620400E56204004E
:1062E0001363040000222A212046F2F7D7F83AE788
:1062F00001222A212046F2F7D1F8354633E720461D
:10630000F1F7E6FCD4F8643243F40073C4F8643265
:1063100029E7D4F8643223F40073C4F8643294F8A3
:10632000533213B1002384F85332034B2046597A79
:10633000F1F7F4FC17E700BF902A0120492910B5B6
:10634000044614D004D80D2907D00E2909D010BD59
:106350005129FCD1F1F755FE0BE0BDE81040F2F7F2
:1063600089B8BDE8104000221E21F2F797B8F1F776
:106370004EFE637803226270022B4FF0000284F815
:106380005022E4D104F10C00BDE8104007F0A0BD9C
:106390001C2970B504460D4606D190F80D321BB18C
:1063A000BDE87040F1F7B6BD244E3368ABB97368F1
:1063B000CBB9B368EBB9F3680BBB33692BBB73691B
:1063C0004BBBB369002B2CD1F369002B2FD129468D
:1063D0002046BDE87040FFF7B1BF294620469847E8
:1063E0000028E4D070BD2946204698470028E0D018
:1063F000F8E72946204698470028DCD0F2E72946EE
:10640000204698470028D8D0ECE7294620469847F0
:106410000028D4D0E6E72946204698470028D0D067
:10642000E0E72946204698470028CDD0DAE72946FC
:10643000204698470028CAD0D4E700BFB0380120D2
:1064400090F85E32092B05D190F85302831E584212
:10645000584170470020704790F85302C31E5842BD
:106460005841704710B50446F2F738FD2046F2F760
:106470004FFD2046F2F7C4F82046F2F709FE204609
:10648000F2F7F0FE2046BDE81040F2F75DB810B517
:106490000446F2F723FD2046F2F73AFD2046F2F7D4
:1064A000E1FE2046BDE81040F2F74EB810B50446B4
:1064B000F2F7DFFD2046BDE81040F2F745B810B511
:1064C0000446F2F75EF82046F2F78CF8012384F8D0
:1064D0000B3210BD10B50446F2F753F82046BDE864
:1064E0001040F2F77FB810B50446F2F73FF82046A7
:1064F000F2F74CF82046F2F787F894F80B12204692
:1065000029B1F2F73BFE002384F80B3210BDF2F7FD
:1065100013FEF8E710B50446F2F728F82046F2F724
:1065200035F82046F2F770F8064B5A79072A14BF5F
:10653000597A1A212046F2F7FFFD002384F80B3226
:1065400010BD00BF902A01200C21F2F7F5BD10B557
:106550000446F2F7ADFC2046F2F7C4FC2046F2F701
:1065600079FD2046BDE81040F1F7EEBF10B50446B6
:10657000F1F7FCFF2046F2F765FE2046F2F708FD32
:106580002046F2F73DF82046BDE81040F1F7DCBFA9
:1065900038B590F851320A4AC3EBC3030B440446A2
:1065A00052F823300D4603B1984794F85132054A0A
:1065B000C3EBC30313445B5D84F8513238BD00BFA5
:1065C0009C8707007C88070070B590F89A41012CE1
:1065D00005460E4616D10C2907D0A1F10D03012B5B
:1065E00010D8F2F709FD204670BD524B5A79112A96
:1065F00003D8514BD340DB0704D42846F2F7FCFC08
:106600000024F0E795F850322BB1012B08D195F812
:106610005E320B2B04D0182E02D12846F2F7EAFD89
:10662000464B1C6A14F00104DDD02A2E47D005D851
:106630000C2E0FD0182EE3D1002130E03A2EDFD1FE
:10664000D5F8643213F40064CDD023F40063C5F8A8
:106650006432F1E7374A5379043B0D2BD0D801A1BE
:1066600051F823F0CF660400CB6604009D66040059
:10667000B9660400016604000166040001660400B6
:10668000D366040001660400AD66040001660400E0
:106690000166040001660400B9660400032195F850
:1066A0005042C4B1012C26D001249CE795F85E32FB
:1066B0000B2BA5D10621F2E7137A032BF9E795F806
:1066C0005E320B2B9CD10521E9E70221E7E701218E
:1066D000E5E70421E3E72846FFF75AFF95F8513232
:1066E000002BE1D0052BDFD00B23012485F85E328F
:1066F00085F8504277E795F85E320B2B06D0D5F837
:10670000643243F40063C5F864326CE72846FFF74F
:106710003FFF95F85132052B01D0002BC4D1FF2348
:1067200085F85E32002385F850322846F1F726FFBF
:1067300059E700BF902A0120F4280200603A0120A6
:1067400038B590F851320A4AC3EBC3030B440446F0
:1067500052F823300D4603B1984794F85132054A58
:10676000C3EBC30313445B5D84F8513238BD00BFF3
:10677000B48807007889070010B50446F2F788FC52
:106780002046BDE81040F1F7DFBE10B50446F2F731
:10679000BFFB2046F1F7F5FE2046F1F731FF20461A
:1067A000F1F720FF012384F80B3210BD10B5044629
:1067B000F1F7E7FE2046F1F723FF2046BDE8104041
:1067C000F1F710BF10B50446F1F7D0FE2046F2F7FE
:1067D0006FFB2046F2F73EFC2046F1F7D7FE20463D
:1067E000F1F712FF94F80B12204629B1F2F7C6FC1C
:1067F000002384F80B3210BDF2F79EFCF8E710B5C9
:10680000437A044623F002034372F1F7AFFE94F893
:106810000B226AB906212046F1F740FE2046F1F727
:10682000B5FE2046F1F7F0FE002384F80B3210BDD0
:106830002046F2F7A9FB38212046FEF765FFEDE779
:1068400010B5437A23F0020304464372F2F78CFB3F
:106850002046F2F79DFB2046F2F744FB2046F2F774
:10686000EAFB2046BDE81040F1F76EBE10B50446C5
:10687000F2F734FB2046F2F74BFB2046F2F74CFBD5
:106880002046F2F7BCFB2046F1F75EFE637A43F048
:10689000020363722046BDE81040F2F727BC0000F7
:1068A00010B590F85232044613B1012B20D010BD20
:1068B0000429FCD801A353F821F000BFD1680400DB
:1068C000FD680400AF680400D1680400E3680400B8
:1068D000F2F7EDFB2046F1F737FE012384F8523240
:1068E000E5E7F2F767FC2046BDE81040F2F77CBC14
:1068F000022908D004290AD00129D8D12046BDE8B0
:106900001040F2F7E3BBF1F731FE0023E6E7BDE804
:106910001040F2F74FBC00BF70B590F89A51012DAE
:10692000044616D10C2907D0A1F10D03012B10D874
:10693000F2F762FB284670BD4A4B5A79112A03D8F8
:10694000494BD340DB0704D42046F2F755FB002522
:10695000F0E7464B1D6A15F00105EBD01A2935D03A
:1069600005D80C290BD01929F1D1042623E02A29B6
:10697000EDD194F85E320B2BE9D106261BE0394BA2
:106980005B79033B082BE2D801A252F823F000BF49
:10699000C96904004F6904004F690400C569040017
:1069A0004F6904004F6904004F690400B569040091
:1069B000D1690400022694F850525DB1012D19D01E
:1069C0000125B7E70126F6E70026F4E70526F2E7FA
:1069D0000326F0E731462046FFF7B2FE94F8513225
:1069E00013F0FB0FECD00B23012584F85E3284F802
:1069F00050529FE756BB2046FFF722FD08B394F89C
:106A00005E3201229A40D4F864321343C4F86432EF
:106A10000B2384F85E3231462046FFF791FE94F84E
:106A2000513213F0FB03CBD1627A84F8503222F05A
:106A300002026272FF2284F85E222046F1F79EFD78
:106A400078E72046FFF7F6F80028D8D194F85E32B0
:106A50000B2BE0D0D4F8643243F40063C4F8643202
:106A600068E700BF902A01204C2C0200603A012008
:106A700038B5304B1B6A03F01004DB06054629D5F8
:106A8000532929D005D80C2907D03A2912D000243F
:106A900020E05429FBD1042116E0274A5379122B18
:106AA0001CD0132B04D0072BF1D1137A122BEED16B
:106AB000022109E0D0F8643213F480540AD023F4A0
:106AC0008053C0F86432002195F8504244B1012C43
:106AD00014D00124204638BD0321F5E70121F3E756
:106AE0002846FFF7DDFE95F85232002BF1D00C233B
:106AF000012485F85E3285F85042EBE795F85E3266
:106B00000C2B06D0D5F8643243F48053C5F86432B8
:106B1000E0E72846FFF7C4FE95F85232002BD8D1A3
:106B2000FF2285F85E2285F850322846F1F726FDCF
:106B3000D0E700BF603A0120902A012038B590F8D4
:106B40005432094A01EBC303044652F823300D4680
:106B500003B1984794F85422044B03EBC2035B5DE6
:106B600084F8543238BD00BFAC8907004C8A070056
:106B700001222321F1F792BC0C21F2F71BBE10B5C4
:106B80000446F2F795FD2046BDE8104000F008BA33
:106B900010B5D0F8603243F400530446C0F86032B8
:106BA000F2F774FD2046BDE8104000F0F9B92DE978
:106BB000F0419DF81880044648EA03001E4601EAA9
:106BC000080502EA030700F05CFA864204D1B045EA
:106BD00002D1B8F1000F02D163681B0601D53D4018
:106BE0002F46284600F04DFA0546384600F049FA8F
:106BF00094F84430022B064603D0032B14BF012324
:106C000004239D4208BF002594F84530022B03D091
:106C1000032B14BF012304239E4208BF00263246E3
:106C200029462046F2F794FD65B91EB93921204660
:106C3000FAF778FB2046FAF78EFE2046BDE8F041D1
:106C4000F1F7A4BC29462046FAF782FEF5E773B5B2
:106C500090F83C3290F83D5290F83E62DA070446D4
:106C600002D500F019FA054694F83C329B0702D58C
:106C700000F012FA064694F8B1320093204694F8D8
:106C8000B03232462946FFF792FF204602B0BDE8F7
:106C90007040F1F76BBC000013B5084B5A7A0092B4
:106CA00090F8B12290F8B0121B7A0446FFF77FFFEC
:106CB000204602B0BDE81040F1F758BC902A0120F0
:106CC0002A2970B5044649D005D80C2911D02029AD
:106CD00059D0002537E0392946D03A29F9D1D0F8E2
:106CE00064329A0446D523F40053C0F86432052177
:106CF00023E0594A5379072B2DD00D3BD9B20A29ED
:106D0000E7D80A2BE5D801A151F823F04B6D040018
:106D1000D36C0400D36C0400D36C0400576D0400E2
:106D2000D36C0400D36C0400D36C0400D36C040057
:106D3000396D04008B6D0400022194F8505235B374
:106D4000012D34D00125284670BD90F85E320D2B00
:106D5000BFD10321F1E7137A162BF9E790F85E32E1
:106D60000D2BB6D10721E8E790F85E320D2BB0D19C
:106D70000421E2E713F48045E5D023F48043C0F812
:106D800064320621D9E70021D7E70121D5E7204663
:106D9000FFF7D4FE94F85432002BD3D001230D22F8
:106DA00084F8503284F85E2284F85752CAE70229E8
:106DB00015D194F85E32042B0FD8012B0FD9D4F8DB
:106DC0006422012000FA03F31A430D23C4F864225D
:106DD00084F85E3284F85A0201E0072BEFD094F871
:106DE0005E320D2B12D12046FFF7A8FE94F85462B4
:106DF000002EA7D12046F1F7B9FBFF2384F850629B
:106E000084F85E322046F1F7B9FB9CE7B1B1022964
:106E100098D1012B02D0093B012B05D801222A2150
:106E20002046F1F73BFB8EE72046F2F741FCD4F811
:106E3000643243F48043C4F8643284E72046F2F7B6
:106E400025FCD4F8603243F40053C4F86032D4F81F
:106E5000643243F40053EEE7902A0120022803D065
:106E6000032814BF012004207047000038B590F8B3
:106E700054320C4AC3EBC3030B44044652F823308C
:106E80000D4603B1984794F85432074AC3EBC30345
:106E900013445B5D84F854325A1F5342534184F8C3
:106EA0005D3238BD748A07001C8B07000C21F2F795
:106EB00081BC000070B50446FAF74DFDD4F860328D
:106EC0009E046AD523F40053C4F8603200212046A2
:106ED000F2F770FC94F84450B4F83032B4F832123F
:106EE000B4F83422B4F83602022D1DD0032D1ED082
:106EF000012D20D10E32D2008242A8BF024692B2AA
:106F000094F84560022E18D0032E19D0012E42D1DC
:106F10000E33DB008B42A8BF0B469BB2B3F5A47FB8
:106F200038BF4FF4A47317E00F329200E4E79201E8
:106F300002F57472E0E70022E2E70F339B00E9E715
:106F40009B0103F574738B42A8BF0B469BB2B3F54C
:106F5000296F38BF4FF42963032DA4F8323214D1BE
:106F6000B2F5296F38BF4FF429620C4DA4F83622D0
:106F70002D6AAD0611D5904201D199420DD020461F
:106F80000021BDE87040F1F73DB9B2F5A47F38BFEC
:106F90004FF4A472E9E70023C0E770BD603A012016
:106FA00010B50446F1F7EDFA2046BDE81040F1F7C0
:106FB00019BB000010B50446F1F7D8FA064B1B893F
:106FC0002BB920463921BDE81040FAF7ABB920466D
:106FD000BDE81040F2F774BB902A012010B50446BA
:106FE000F2F766FB2046BDE81040FFF7D9BFFFF778
:106FF000F5BF10B5D0F8603243F400530446C0F832
:107000006032F2F743FB2046BDE81040FFF7C8BFEF
:1070100010B50446F1F7AAFAD4F860329A0413D5F1
:107020000A4A23F40053C4F8603253790D2B05D07B
:10703000112B03D0072B07D11A2100E0517A2046EB
:10704000BDE81040F2F7B6BB10BD00BF902A01208A
:1070500010B50446FAF77FFCD4F860329A040FD5D5
:1070600023F40053C4F8603294F8983143B1637844
:10707000032B05D020460021BDE81040F2F79ABB53
:1070800010BD830706D410F0010301D100F0040302
:10709000184670470223FBE7054B1B6ADA054CBF15
:1070A000032001201B0548BF40F00400704700BFCB
:1070B000603A01202DE9F8430546C8079DF8209065
:1070C000147893F8008017461E4602D5FFF7E4FFB8
:1070D00004468A0702D5FFF7DFFF80466B681B0670
:1070E0000ED504EA080414F0FF040ED195F844000C
:1070F000FFF7B4FE044695F84500FFF7AFFE804663
:107100003C7086F80080BDE8F88314EA090008BFE7
:107110002046FFF7B6FF04468046F1E710B590F829
:107120003C1201F00303032B86B0044608D1F1F7AB
:107130002DFA3921204606B0BDE81040FAF7F2B822
:1071400090F83D328DF8163090F83E328DF81730B9
:10715000002300930DF116020DF11703FFF7AAFFAC
:1071600094F84400FFF77AFE9DF81610884209D182
:1071700094F84500FFF772FE9DF81730834201D165
:107180002046D4E720460391FAF7E2FB2046F1F7C8
:10719000FDF920469DF817200399F2F7AFFA204633
:1071A00006B0BDE81040F1F7CFB910B586B090F841
:1071B0003D328DF8163090F83E3290F8B1228DF8BD
:1071C000173090F8B0321340009304460DF11703C6
:1071D0000DF1160290F83C12FFF76CFF9DF81610A7
:1071E00003912046FAF7B4FB2046F1F7CFF9204689
:1071F0009DF817200399F2F798FA204606B0BDE8EB
:107200001040F1F7A1B900002A2970B5044644D016
:1072100005D80C290BD0202954D0002505E03929A8
:1072200041D03A294FF0000543D0284670BD644A4A
:107230005379072B2ED00D3BD9B20B29EDD80B2B50
:10724000EBD801A151F823F0897204001B720400ED
:107250001B7204001B720400957204001B72040070
:107260001B7204001B7204001B720400797204007C
:107270001B720400C9720400022194F850522DB30D
:10728000012D33D00125D0E790F85E320D2BC4D10B
:107290000321F2E7137A162BF9E790F85E320D2BF3
:1072A000BBD10621E9E790F85E320D2BB5D1042160
:1072B000E3E7D0F86432B3F5005FB6D1C0F86452AA
:1072C0000521DAE70021D8E70121D6E72046FFF7BC
:1072D000CDFD94F85432002BD4D001230D2284F834
:1072E000503284F85E2284F85752CBE7022917D136
:1072F00094F85E32072B03D010D89A1E022A0FD8BA
:10730000D4F86422012000FA03F31A430D23C4F8D1
:10731000642284F85E3284F85A0201E0092B16D008
:1073200094F85E320D2B1CD12046FFF79FFD94F898
:107330005462002EA6D12046F1F718F9FF2384F8F5
:10734000506284F85E322046F1F718F96DE7D4F800
:10735000643243F40073C4F864320D2384F85E325F
:10736000DEE7022913D0032917D000298AD120464D
:10737000F2F78CF9D4F8603243F40053C4F8603269
:10738000D4F8643243F40053C4F864324DE7012268
:107390002A212046F1F782F847E7D4F8643223F433
:1073A0000053C4F8643294F8543213B1002384F8C3
:1073B0005432034B2046597AF2F7FCF935E700BF07
:1073C000902A012038B505460C460F20042101F013
:1073D000D1F958B12B88837001221B0A04704270C6
:1073E000C370BDE83840023801F0B0B938BD0000C4
:1073F0007FB5064642F21F0334889C42084600F2DD
:107400008580B4F5005F15D840F663439C4200F0D8
:10741000DA805AD840F601439C4200F0CD8040F615
:1074200003439C4200F0E880002C00F09280002092
:1074300004B070BDA4F50054013C1E2CF7D801A384
:1074400053F824F0D3750400337604004975040022
:107450002F7404004D7504002F7404002F74040071
:107460002F7404002F7404002F7404002F74040080
:107470002F7404002F7404002F740400C1740400DE
:107480009F750400A5750400AF7504002F740400F7
:107490002F7404002F7404002F7404002F74040050
:1074A000497504002F7404002F7404002F74040025
:1074B00049750400137604001D7604003B76040031
:1074C0000220002446E04120FBE704F56F43FF3330
:1074D0009BB2082BABD8A4F58054013C082CA6D84D
:1074E00001A353F824F000BF49750400C7740400D9
:1074F000497504002F7404002F7404002F740400D5
:107500002F7404002F7404003776040042F24D03F8
:107510009C4264D00AD842F24B039C4200F08D801A
:1075200042F24C039C4282D10520CAE742F25F033B
:107530009C427AD042F274039C427FF478AF49783F
:10754000007802F065FD03E00920BAE702F08EFC46
:1075500004460120318801F04DF90546002856D037
:10756000338842F21F02934200F2BC80B3F5005F01
:1075700065D841F20902934200F2BD80B3F5805F05
:1075800000F2A48040F60142934206D040F66342E6
:10759000934202D0002B40F0AE802C70ABE002F0A2
:1075A000D7FCD5E711F8010B02F0DEFCD0E711F8AB
:1075B000010B02F003FDCBE714F009F8974BC3E988
:1075C000000101207DE714F002F8944BC3E90201A9
:1075D000F7E713F0FCFF914BC3E90401F1E7CB7827
:1075E000897801EB03214378007800EB032009B28E
:1075F00000B202F023FDABE702F0B6FB874B0020A0
:107600000021C3E90001C3E90201C3E9040101202B
:107610000EE70021007804F0BDF899E78A78007839
:107620004978002304F012F892E7087803F09EFCF2
:107630008EE7042045E7072043E7032041E7A3F551
:107640000053013B1E2B56D801A252F823F000BF75
:107650009B750400A3770400B9770400F776040053
:107660009B750400F7760400F7760400F7760400B3
:10767000F7760400F7760400F7760400F776040046
:10768000F7760400F7760400297704009B75040060
:107690009B7504009B750400F7760400F7760400E0
:1076A000F7760400F7760400F77604001D770400EF
:1076B000F7760400F7760400F7760400C377040039
:1076C0009B7504009B750400FF770400A3F58053AD
:1076D000013B082B0FD8DFE803F02C47580E0E0EA5
:1076E0000E0E5F0042F24C02934276D007D842F26F
:1076F0004B0293426AD0681F01F028F887E742F2F4
:107700005F0293423FF449AF42F2740293423FF466
:1077100044AF42F24D029342EDD13EE700F8014BF7
:1077200008211CF0ABF9E6E7047002F00FFC68706A
:10773000E1E702AA0DF105010DF1060002F0E8FBF8
:107740002C709DF805206A70BDF808309DF808106F
:10775000A9701B0AEB702A71BDF806206A71120A23
:10776000AA71E9712B72C6E7412200212CF0B8F80A
:107770002A462B4B02F8014B03F1400153F8040B4E
:1077800042F8040B8B42F9D1B5E700F8014B002217
:10779000602313F020FFAEE700F8014B02F05EFB20
:1077A000A9E703F09FFB064603F0A2FB6E70360AC2
:1077B0002C70AE70E8709EE700F8014B02F0BEFB43
:1077C00099E700F8014B02F0B1FB94E70146013064
:1077D00001F8024B02F02EFC8DE702A90DF1060024
:1077E00002F02AFC2C70BDF806306B709DF9073052
:1077F000AB70BDF90830EB701B122B717BE70023D7
:1078000002A8CDE9023303F0CBFF2870BDF80A309F
:107810006B70BDF80A301B0AAB706CE7D0380120E2
:10782000D939012073B5068842F20B02964204460C
:107830000B4606D042F20C02964229D0002002B03C
:1078400070BD0A788DF8042089785A7802EB0122FD
:10785000ADF800201979DA7802EB0122ADF80220A8
:1078600068465A799B798DF805208DF8063002F02C
:1078700015FC21880546012000F0BCFF30B12288AC
:10788000B24208BF0570053800F060FF0120D6E75E
:107890004978187802F054FCF8E700002DE9F0412F
:1078A0000388A3F50153013B86B005460C46092B1E
:1078B00000F2C880DFE803F00550C660888B93A013
:1078C000ADB00878A27849788DF80000E31C002458
:1078D0008DF801108DF8022026464FF0060E42FA70
:1078E00006F7FF0718D506AF0EFB047793F800C024
:1078F00093F8028007F810CC93F801C00CEB082C29
:1079000027F814CC93F8048093F803C00CEB082CF0
:1079100027F812CC053301340136082E01D0032C90
:10792000DDD101AB02F038FC04460120298800F0CB
:1079300061FF0646F0B12B8842F2490293426ED8AD
:1079400042F24402934205D803F55F43BF339BB232
:10795000012B68D8347066E04A790B79C9782078B1
:1079600003EB0223A27802EB01229BB2617892B270
:1079700002F092FC012066E04B788DF801308B78A4
:107980008DF80230CB1C0A780193897A637A8DF8DE
:10799000002003EB0123ADF80830217BE37A920746
:1079A00003EB0123ADF80A3004D5284B93F84D3092
:1079B0009B0607D5684602F0BDFC01462846FFF746
:1079C00001FDD7E73E21F9E702F012FDACE74B7865
:1079D000087800EB032080B202F026FDA4E70B46F6
:1079E000684613F8012B0193CB798DF800208DF8B0
:1079F000083002F043FD97E70B46684613F8012B69
:107A00000193CB798DF800208DF8083002F06CFDE1
:107A10008AE702F093FD87E70220002486E742F21E
:107A20004A02934203D0701F00F090FEA2E70023A9
:107A300068468DF8003002F097FD30709DF80030F8
:107A40007370F0E7002006B0BDE8F081B439012082
:107A5000038873B50A4642F22E018B4206460ED8C1
:107A600042F226018B420ED9A3F50053273B072B88
:107A700009D8DFE803F00B272D430808303442F221
:107A80004E018B4233D0002002B070BD114602F18E
:107A9000170311F8010B073204F0DEF90446012048
:107AA000318800F0A7FE0546B0B3338842F22A02BF
:107AB000934238D025D8A3F50053273B022B28D872
:107AC0002C7026E0114611F8010B04F0FBF9E5E7F4
:107AD00004F022FAE2E7107804F086FADEE7537841
:107AE000107800EB032080B204F09EFAD6E711462E
:107AF000D27911F8010B04F0A5FACFE70220002497
:107B0000CEE742F22E02934208D842F22C02934270
:107B1000D6D8681F00F01AFE0120B5E742F24E02E7
:107B20009342CDD0F5E700240DF107008DF8074012
:107B300004F010FA9DF807306B702870AC70E8E71D
:107B4000F0B50388A3F50053063B89B00646042B25
:107B50006CD8DFE803F02256031D510011F8010B29
:107B600002F08EFD04460120318800F043FE0546F8
:107B7000002844D0338842F2070293424BD043D8C6
:107B800042F20602934244D0681F00F0DFFD36E067
:107B900011F8010B02F096FDE4E74B780878D1F874
:107BA00007708C78CDF8177000EB0320CB78B1F814
:107BB0000B700A798D79ADF81B7004EB03244F7BB1
:107BC0004B79897B8DF81E10A4B2CDE902710DF1BD
:107BD0001701CDE9005180B22146ADF81000ADF893
:107BE00012408DF814208DF815308DF816508DF850
:107BF0001D7002F0D7FCB5E7087802F085FD012082
:107C000015E002200024AFE7A3F50053083B012B49
:107C1000BAD82C70B8E7002304A88DF8103002F011
:107C2000AFFC28709DF810306B70ADE7002009B0F4
:107C3000F0BDF0B50388A3F50053353B8DB0064683
:107C40000C460B2B00F2FF80DFE813F01000180049
:107C50006C0078008200D5000C00AA00AE00B100D4
:107C6000C900D000FF270220002546E011F8017B63
:107C7000384602F095FD054601203EE08A784B78B3
:107C80000F7803EB0223ADF80C300A79CB7803EBC5
:107C900002234A7903EB02430493CA798B7903EBFD
:107CA00002230A7A03EB024305934B7A8DF81830CE
:107CB0008B7A8DF81930CB7A8DF81A3001F10C03DC
:107CC00007938B7C8DF82030CB7C8DF821300B7D99
:107CD0008DF822304B7D8DF823308B7D8DF824304C
:107CE000CB7D8DF8253038460B7E8DF8263003A9E4
:107CF00002F058FD054660760220318800F07AFDDA
:107D00000446002838D03388A3F50053353B0B2BAD
:107D100000F28B80DFE803F095729595957B8D9549
:107D2000959595950B4613F8040B0093CB788A78BC
:107D3000497802F09FFD0546FF279DE70B4613F8A3
:107D4000040B0093CB788A78497802F0AAFDF2E719
:107D50000878497803AB06290F4604F102044FF076
:107D600000051A4628BF0627AF4204F1040403F1B8
:107D7000060303D802F0ACFD012065E014F8046CA2
:107D800014F802CC03F8066C14F8036C06EB0C260E
:107D900023F8046C14F8016C03F8026C0135E3E776
:107DA000087802F049FEC6E702F052FEC3E78A787F
:107DB0004B780F7803EB0223ADF80C300A79CB78BF
:107DC00003EB0223ADF80E308A794B79384603EB8A
:107DD000022303A9ADF8103002F044FE4BE78A7885
:107DE0002078CB1C497802F057FEA4E74978207828
:107DF00002F06EFEC0E7FF27032035E703A93846EF
:107E000002F034FD25709DF80C3063700DE01F23E7
:107E100003A8ADF80C3002F0EBFD2070BDF80C307B
:107E20006370BDF80C301B0AA370601F00F08EFC5D
:107E3000A2E7012303A88DF80C3002F0EDFD2070BD
:107E4000E1E70570F1E700200DB0F0BD4A780B784E
:107E500003EB02230380CA788B7803EB0223438071
:107E60004A790B7903EB02238380CA798B7903EB80
:107E70000223C3804A7A0B7A03EB02230381CA7A76
:107E80008B7A03EB022343810C2070472DE9F341E9
:107E900007460E460188BDF820501046984600F06F
:107EA000A9FC0446002800F08C803A8842F22203A4
:107EB0009A4215D842F21F039A422CD841F2054348
:107EC0009A4272D042F215039A4274D040F62D4382
:107ED0009A4258D0601F02B0BDE8F04100F036BCB5
:107EE00042F22F039A422ED007D842F223039A423D
:107EF00016D042F224039A4207E042F25C039A420F
:107F000006D842F259039A4205D8E3D12670E1E738
:107F100042F25D03EFE7267065702D0AA570D9E780
:107F20000DF1060101A802F09DFF2670BDF8043096
:107F30006370BDF804301B0AA370BDF80630E3700F
:107F40001B0A2371C6E70DF1060301AA0DF1020118
:107F5000684602F0B5FF2670BDF800306370BDF8CA
:107F600000301B0AA370BDF80230E3701B0A2371B6
:107F7000BDF8043063711B0AA371BDF80630E371CC
:107F80001B0A2372A6E7002398F800108DF806302C
:107F90000DF10602284602F0CFFD9DF9063065700E
:107FA0002D0A2070A570E37094E70DF106012846B4
:107FB00002F0A4FDF1E7C11C284602F0E5FD2070A7
:107FC000AAE702B0BDE8F08130B5038842F224028E
:107FD000934287B005464CD842F21202934211D820
:107FE00040F62D42934200F0A38037D840F206427B
:107FF00093424FD040F21D42934200F0C3800020D4
:1080000007B030BDA3F50053133B112BF7D801A2E5
:1080100052F823F0AF800400FF7F04007581040054
:1080200065810400FF7F0400FF7F0400FF7F0400E0
:10803000FF7F0400FF7F0400FF7F0400FF7F040038
:10804000FF7F0400FF7F0400CB800400F780040062
:108050000B810400958104004581040041F2054232
:108060009342CCD14B780C7804EB0324A4B20023C8
:1080700065E042F22F02934200F0918042F26D02DD
:108080009342BCD14B78087800EB032080B202F019
:1080900043FF07E04B780878897800EB032080B233
:1080A00002F096FD01462846FFF78CF921E04B7857
:1080B00011F8024B04EB0324A4B203A8FFF7C6FE99
:1080C00003A9204602F0C0FDECE74B7811F8024B03
:1080D00004EB0324A4B203A8FFF7B8FE03A92046CB
:1080E00002F0F4FD00230322014600942846FFF726
:1080F000CDFE012084E74B780C78897804EB0324CB
:10810000A4B2204602F018FEECE74B780C780A790E
:1081100004EB03244B7902EB0322CB788978A4B2D9
:1081200001EB032192B289B2204602F059FED9E751
:108130000B464A7813F8024B04EB0224A4B2042243
:108140000020D1E7CA788B78087803EB02234A78BD
:1081500000EB022099B280B2002402F08BFE23468D
:108160000122C1E74B78087800EB032080B203F0CE
:1081700087F897E74B780C7804EB0324A4B200232C
:108180000822DDE74B78087800EB032080B202F08C
:10819000FDFD87E70024234605222046A4E70024AE
:1081A00023460922F9E700BF2DE9F047174E96F85C
:1081B000283080460F46154693B9012386F82830AB
:1081C000C0F303294FEA112A3DB140F2031013F026
:1081D0007FF8013DEDB2044620B9002386F828302F
:1081E000BDE8F08780F8008080F80190877080F803
:1081F00003A096F829103A464B1C043086F8293023
:108200002BF06EFB204602F079FEDDE7D03801202E
:1082100070B5058842F20E02954286B004460B46C0
:108220002ED042F2140295422DD042F20D02954218
:108230003BD149781A7802EB0122ADF80020D978B9
:108240009A7802EB0122ADF802201A798DF8042009
:108250005A798DF806209A1D03F10D01029203A8A8
:108260001A7B8DF80520FFF7F1FD03A9684602F09F
:10827000BFFE01462046FFF7A5F8012006B070BDFD
:1082800002F010FFF9E7084601F0E0FE21880646FB
:10829000012000F0AFFA0028EFD02388AB4208BFDE
:1082A0000670053800F052FAE7E706B0BDE8704006
:1082B000FFF78ABE2DE9F043028842F243039A4257
:1082C0008DB005460C4649D118220DEB0200002165
:1082D0002BF006FB23788DF80C3063788DF80D3089
:1082E000A3788DF80E30E31C627A049304F10A033C
:1082F00000248DF81420264601AF4FF00C089DF89D
:1083000014203241D20717D558781A7802EB002290
:1083100027F82420D8789A7807EB840102EB002212
:1083200003F1040906AB08FB04304A804946FFF715
:108330008DFD013409EB00030136082E01D0022C1B
:10834000DDD106AA01A903A802F0C8FE014628460D
:10835000FFF738F801200DB0BDE8F0830DB0BDE89F
:10836000F043FFF755BF73B500220092ADF804202B
:10837000028842F22B04A242054607D042F22C04A6
:10838000A2421FD0FFF764FB02B070BD11F8010BD1
:108390006A4603F0E6FD29880446072000F02AFA21
:1083A000064668B12B88A3F500532B3B012B04D85C
:1083B00000F8014B694613F0E9F8701F00F0C6F9A8
:1083C0000120E1E711F8010B6A4603F0EBFDE2E75B
:1083D000028838B542F219039A42054603D0BDE837
:1083E000384000F015B8CB7A8A7A087802EB03227D
:1083F0004B7800EB032092B201F10C0380B2023102
:1084000003F0E4FA01462846FEF7DCFF012038BD00
:108410002DE9F341064642F217023388934208469B
:108420001DD00BD840F67B42934246D040F67C42AA
:1084300093424CD0002002B0BDE8F08142F21A0213
:1084400093422CD042F21B029342F3D14B780C782A
:1084500004EB0324A4B2204603F042FB28E001F120
:1084600010084146002403F0FBFA2746112031880A
:1084700000F0C0F9054680B1338842F217029342FA
:108480003DD032D840F67B42934245D040F67C4204
:1084900093422FD0681F00F059F90120CBE74B78A9
:1084A00011F8024B04EB0324A4B2204603F0DEFAD9
:1084B00007464FF000080320D9E74B780C784FF0BF
:1084C000000804EB0324A4B205204746CFE74B780D
:1084D0000C7804EB0324CB788978A4B201EB032158
:1084E00089B2204603F048FBE2E7A3F500531A3BAC
:1084F000012BCFD86C70240A2F70AC70CAE70346EA
:10850000414603F8017B08F1100251F8040B43F8CF
:10851000040B9142F9D1BDE7002320460DF106017D
:10852000ADF8063003F00AFBBDF80630EB706C7056
:108530001B0A240A2870AC702B71ABE70388A3F5E3
:108540000153193B73B506460C46042B5FD8DFE890
:1085500003F0030E2A394F004B780878897800EB36
:10856000032080B203F026FB0122002512E04B78A5
:108570000D780A7905EB03254B7902EB0322CB78C2
:108580008978ADB201EB032192B289B2284603F09B
:108590002AFB03220146009530460023FFF776FCB4
:1085A000012002B070BD4B780D78227905EB0325D0
:1085B000CB788978ADB201EB032189B2284603F06C
:1085C00024FBE6E74B780D788A7905EB03254B7998
:1085D000097903EB0223E278ADB202EB0122E179E3
:1085E00000919BB2A17892B2284603F020FBD0E71D
:1085F0000B79CA78207802EB03228B78497801EB5B
:10860000032192B2637989B203F038FBACE7002012
:10861000C7E7F0B50388A3F50053303B85B00746A4
:108620000C46042B6BD8DFE803F0031D263C430007
:108630004B780C7804EB0324A4B20520002639887B
:1086400000F0D8F8054650B33B8842F2310293421D
:108650003CD036D842F23002934239D0681F00F045
:1086600075F81CE08A782078497803F085FB064687
:1086700000240120E3E74B7808788A7900EB032097
:108680004B7903EB02239BB200930B79CA7889786C
:1086900080B203F093FB01463846FEF793FE0120BB
:1086A0002EE08A7820784978002302F0D7FFDEE7B1
:1086B00000250095CB788A782078497802F0E2FE90
:1086C000D5E7A3F50053333B012BC7D82E70C5E780
:1086D00000230DF10F0220460DF10E018DF80E3032
:1086E0008DF80F3003F012FB9DF80E209DF80F302F
:1086F0006C70240A2870AC70EA702B71AEE7002011
:1087000005B0F0BD10B5044642F22602238893421C
:1087100008460FD042F25E0293420FD042F2250289
:10872000934211D103F0C0FC01462046FEF74AFEF9
:10873000012010BD203103F0B9FCF5E791F840208D
:10874000203103F0E3FCEFE70020F2E708B5024632
:1087500018B10648002112F0CAFD054B93F8240019
:1087600018B9BDE8084005F0C1B808BDC8390120F6
:10877000B439012038B50546881C0C4612F0A8FD16
:1087800010B105704470023038BD000070B5184E4D
:108790000446002556F8043B7BB90135152DF9D167
:1087A000A578DDB1012D06D101F034F904210E20A8
:1087B000FFF7E0FF38B9002004E020469847002882
:1087C000EBD0012070BD032343700C230570837030
:1087D000E378C3700238FFF7B9FFF2E701211020F8
:1087E000FFF7C8FF0028E6D0237900F8013BF1E746
:1087F0005C39012038B5054605300C4612F068FD9D
:1088000048B10E230370C47003350123240A457058
:1088100083700471053038BDF8B58778022F05469E
:1088200003D0042F68D00020F8BD827C3A4EFF2A86
:10883000336934D0580501D40120F5E773689900F5
:10884000FAD5364B96F834201B685B7B9A42F3D2FC
:1088500012213E20FFF78EFF04460028ECD00B23A8
:10886000037001234370AB7A8370EB7AC37005F118
:108870000C01043012F08AFEAB7CA37205F11301E7
:1088800004F10B0012F082FE6B7A637496F83430B8
:10889000013386F83430A01EFFF758FFCCE79A0763
:1088A000C1D573689B00BED51C4B96F834201B685D
:1088B0005B7B9A42B7D2017A0C31C9B23E20FFF7F6
:1088C00059FF04460028AED0012307704370AB7AED
:1088D0008370EB7AC37005F10C01043012F056FE80
:1088E0002A7AA27204F10B03696818462AF0FAFE8C
:1088F0002A7A697A8154C9E739460E20FFF73AFF90
:10890000044600288FD0012303700C2343702023DA
:108910008370EB78C370BEE7D0380120283A01207D
:108920000238FFF713BF00002DE9F04F83782DEDDB
:10893000028B173B83B004460E2B16D8DFE813F0EA
:108940000F00B000C2001500150015001500D8007A
:10895000A70106011500150015001500BF01DFF87D
:10896000CC83D8F81030DF0401D400268EE0D8F88C
:1089700004309E00F9D5878BDFF8B4A3D0F820909F
:10898000E522B7FBF2F302FB1372002A18BF013392
:1089900098F8342052FA83F3DAF80020527B93429D
:1089A000E3DCDAF8003098F834205B7B9A42DCD2C2
:1089B000E52FBB4628BF4FF0E50B5FFA8BF3E720AE
:1089C00003F11A06009312F083FCF6B20546002864
:1089D000CBD04FF03E030370467098F8341001314D
:1089E000831CC9B2DAF8000088F83410407B884252
:1089F00008EE103AA7EB0B0750D1002F4ED0A188FC
:108A0000002741F04001A1803E46206AB4F81CC016
:108A1000A18809EB0B03181A60451CBF01F01F0168
:108A200041F02001297101930D204FF00103090A43
:108A3000EB70A8706971A179A971E81DE11D12F0B0
:108A4000A5FD617B6973A17BA973E17BE973217C3F
:108A50002974617C6974618AA97494F91310E974AA
:108A6000217D297505F1150004F1150112F08EFD27
:108A7000009BEB765A46494605F11C002AF032FE6F
:108A800018EE100AFFF74CFF019B2FB9304603B0D8
:108A9000BDEC028BBDE8F08F994682E70126B4E772
:108AA00004210E20FFF766FE00283FF45EAF42224D
:108AB00042700126202206708270E278C270FFF7B1
:108AC0002FFFE3E7994B1A69D5037FF54EAF5B683B
:108AD0009C007FF54AAF01213E20FFF74BFE0028A6
:108AE0003FF443AF11220270FFF71AFF0126CDE7D2
:108AF0008E4B1A6990047FF538AF5B6899007FF55B
:108B000034AF10213E20FFF735FE054600283FF424
:108B10002CAF0E23037023794370E3888370E388BE
:108B20001B0AC370237A0371637A437104F10A014B
:108B3000063012F02BFD237C2B73638A6B73638AE0
:108B40001B0AAB73237DEB732846CDE7774D2B696A
:108B50005A047FF50AAF6B689B007FF506AF478923
:108B6000DFF8CCA1C168F722B7FBF2F302FB137266
:108B7000002A18BF013395F8342052FA83F3DAF84B
:108B80000020527B93423FF7F0AEDAF8003095F8C0
:108B900034205B7B01919A42BFF4E7AEF72FB946D0
:108BA00028BF4FF0F7095FFA89F202F10806F920B1
:108BB0000092F6B212F08CFB00283FF4D6AE3E23B2
:108BC0000370467095F834C0DAF800600CF1010CBF
:108BD0005FFA8CFC85F834C0767B831C6645DDE942
:108BE000002107EE903AA7EB09084BD1B8F1000F2E
:108BF00048D002264FF0000866724646E368B4F893
:108C00000AE001EB090BABEB030CF4453CD194F803
:108C100009C0ACF1020EDEF1000C4CEB0E0C4FEA79
:108C20004C0C4FF00F0E80F802E0B4F804E080F82E
:108C300003E0B4F804E04FEA1E2E80F804E094F854
:108C400006E080F805E094F807E080F806E094F884
:108C500008E080F807E080F808C042723FB14A4659
:108C60000A30CDED007A2AF03DFDDDED007A17EEF9
:108C7000900AFFF755FEB8F1000F3FF407AF4746E3
:108C8000594682E70126B9E74FF0010CC9E7274BA7
:108C90001A6910047FF569AE5B6899007FF565AECF
:108CA00003213E20FFF766FD00283FF45EAE102250
:108CB0000270A2884270A288120A827014E71B4BCD
:108CC0001A6912027FF551AE5B689B007FF54DAECD
:108CD00014213E20FFF74EFD054600283FF445AE27
:108CE0001823037023794370E3888370E3881B0A99
:108CF000C3702389037123891B0A437163898371BC
:108D000063891B0AC371237B0372637B437204F183
:108D10000E010A3012F03AFC237D2B74E38A6B7447
:108D2000E38A1B0AAB74237EEB740DE7D038012075
:108D3000283A012038B58378032B054601D000205E
:108D400038BD04210E20FFF715FD0028F7D00A23B7
:108D500043700124202304708370EB78C3700238C1
:108D6000FFF7F4FC2046EBE783781A3B70B5054625
:108D7000032B0AD8DFE803F0022A3A562F4B304E75
:108D80001B68327F9B7D9A4201D3002070BD3369FE
:108D90005803FAD573689900F7D509213E20FFF7EB
:108DA000E9FC04460028F0D0132303702B794370AC
:108DB0006B798370A91D033012F0E8FB337F013318
:108DC0003377A01EFFF7C2FC0120DFE704210E204D
:108DD000FFF7D0FC04460028D7D0012303703923C5
:108DE00063702023A3702B79E370EAE7144B1A69B0
:108DF0009203CAD55B689B00C7D506213E20FFF7CA
:108E0000B9FC04460028C0D0122303702B794370AC
:108E10006B798370EB88C370EB881B0A03712B7A24
:108E20004371CEE704210E20FFF7A4FC044600287E
:108E3000ABD0012303704023D2E700BF283A0120C2
:108E4000D038012008B5C278837803EB0223074AA3
:108E5000116A01311162516A11FA83F3536212F0FF
:108E600043FA012002F056F8012008BDD038012055
:108E7000114B70B55D8D04460E4685B90521132052
:108E8000FFF778FCB8B144700123240A03708470A2
:108E9000C6700571BDE870400238FFF757BCDA6A4A
:108EA0000132DA621A6B2A441A630A462946BDE87F
:108EB0007040FFF779B970BDD038012010B502F0CD
:108EC00027F8044610B90024204610BD044B9B7FB0
:108ED000002BF9D0FFF7B6FF0028F4D1F4E700BF6C
:108EE000D038012010B5094CA37F43B102F010F82F
:108EF00028B1A37F43B1BDE81040FFF7A3BFBDE891
:108F00001040002004F0F2BC10BD00BFD03801209A
:108F100038B58378122B054614D8042B1BD9053B92
:108F20000D2B18D8DFE813F0190057006C0017005C
:108F3000DF00C0001700170017001700170093008C
:108F4000170000012E2B00F01B812F2B00F03D811C
:108F50002D2B00F0F880002038BDAA4B1A69D207EB
:108F6000F9D55B689B00F6D513213E20FFF702FC84
:108F700004460028EFD0012202702B794370EB8861
:108F80008370EB881B0AC3702B7A03716B7A991E6E
:108F9000914288BF637100F106008EBF05F10A019E
:108FA000627105F11D0112F0F1FA2B8A23732B8AED
:108FB0001B0A63736B8AA3736B8A1B0AE373AB8A06
:108FC0002374AB8A1B0A6374AB7DA374A01EFFF7E6
:108FD000BDFB0120C0E78B4B1B68DC06BBD5042121
:108FE0000520FFF7C7FB04460028B4D02B79037097
:108FF000EB884370EB881B0A83702B7AC370E5E71C
:10900000804B1A695007A6D55B689900A3D50A2141
:109010003E20FFF7AFFB044600289CD003230370DB
:109020002B794370EB888370EB881B0AC3702B8904
:1090300003712B891B0A43716B8983716B891B0A2E
:10904000C371AB890372AB891B0A4372BEE76D4BD8
:109050001A6992067FF57FAF5B689C007FF57BAF56
:109060000B213E20FFF786FB044600283FF473AF38
:1090700006232370AB886370AB881B0AA370EB8850
:10908000E370EB881B0A23712B8963712B891B0A00
:10909000A3716B89E3716B891B0A2372AB896372BD
:1090A000AB891B0AA37291E7564B1A6910077FF52B
:1090B00052AF5B6899007FF54EAF0C213E20FFF761
:1090C00059FB044600283FF446AF042303702B7974
:1090D0004370EB888370EB881B0AC370AB684360F6
:1090E000EB68836072E7474B1B681A057FF533AF67
:1090F00008210C20FFF73EFB044600283FF42BAF6D
:109100002B790370EB884370EB881B0A83702B7AF2
:10911000C3706B8903716B891B0A4371AB898371BF
:10912000AB891B0AC37151E7364B1B695B067FF5A0
:1091300012AF0B213E20FFF71DFB044600283FF431
:109140000AAF072395E72F4B1A6954007FF503AF49
:109150005B6898007FF5FFAE05213E20FFF70AFB14
:10916000044600283FF4F7AE1F2303702B794370A9
:10917000EB888370EB881B0AC3702B7A237125E779
:10918000204B5A69D1077FF5E6AE5B689A007FF500
:10919000E2AE09213E20FFF7EDFA044600283FF435
:1091A000DAAE212303702B794370EB888370EB8850
:1091B0001B0AC3702B7A03716B7A4371AB7A83718C
:1091C000EB7AC3712B7B037200E70E4B1A69002AFE
:1091D000BFF6C1AE5B689B007FF5BDAE05213E20AA
:1091E000FFF7C8FA044600283FF4B5AE2023037009
:1091F000AB884370AB881B0A8370AB79C370EB7983
:10920000BCE700BFD03801208378212B10B504467D
:1092100001D0002010BD0D4B1A691203F9D55B680F
:109220009B00F6D504213E20FFF7A4FA0028F0D0D9
:1092300014230370A3884370A3881B0A8370A37947
:10924000C3700238FFF782FA0120E3E7D03801202B
:1092500038B58378082B044611D104210E20FFF77E
:1092600089FA58B10E2343700125202305708370BD
:109270002379C3700238FFF769FA284638BDBDE884
:109280003840FFF745BE000038B58378052B05460A
:1092900001D0002038BD214B1A699205F9D55B68D1
:1092A0009B00F6D51F213E20FFF764FA04460028F4
:1092B000EFD00A2303702B794370EB888370EB881F
:1092C0001B0AC3702B7A03716B7A437105F10A0193
:1092D000063012F05BF905F1170104F10C0012F0F1
:1092E00055F905F11D0104F1120012F04FF92B8A16
:1092F00023762B8A1B0A63766B8AA3766B8A1B0AFA
:10930000E376AB8A2377AB8A1B0A6377AB7DA377BF
:10931000A01EFFF71BFA0120BCE700BFD0380120D8
:1093200000F000B883780B3B10B50446062B09D833
:10933000DFE803F0041E300808085500304B1B68B6
:109340001B0601D4002010BD04210820FFF712FAEB
:109350000028F7D023790370E3884370E3881B0A61
:109360008370237AC3700238FFF7F0F90120EAE72F
:10937000234B5B681804E5D503213020FFF7FAF989
:109380000028DFD023790370E3884370E3881B0A49
:109390008370E8E71A4B1A69D1061CD55B689A00FE
:1093A00019D50D213E20FFF7E5F9A0B10523037083
:1093B000A3884370A3881B0A8370D4F80630C0F8D2
:1093C0000330D4F80A30C0F80730E389C372E38968
:1093D0001B0A0373C7E7A08802F082FBB2E7084BC1
:1093E0009B681B02AED502215720FFF7C3F9002866
:1093F000A8D0A3880370A3881B0A4370B3E700BFFB
:10940000D03801208378162B10B5044601D00020F7
:1094100010BD0F4B1A691205F9D55B689B00F6D594
:1094200006213E20FFF7A6F90028F0D00C23037098
:1094300023794370E3888370E3881B0AC370237A1F
:109440000371637A43710238FFF780F90120DFE787
:10945000D038012038B58378132B04464FF000052F
:1094600003D0142B29D0002038BD214B1A691006D7
:10947000F9D55B689900F6D542213E20FFF77AF9CD
:109480000028F0D0082303704570631D821C04F18E
:10949000250153F8045B42F8045B8B42F9D100F1DB
:1094A0002202453453F8041B42F8041BA342F9D1AD
:1094B0000238FFF74BF90120D6E70D4B1A69D205A8
:1094C000D1D55B689B00CED522213E20FFF752F913
:1094D0000028C8D00923037023794370821C631DC0
:1094E000253453F8041B42F8041BA342F9D1DFE7EB
:1094F000D038012010B50E4B0E4A0F49044600200B
:1095000004F0E0F90D4804F0EBF90D4B6822184621
:1095100000212AF0E5F938220470002109482AF0D8
:10952000DFF9094800F032FCBDE8104000F072BAE3
:109530007199040009990400B1980400FD99040090
:10954000B4390120D03801208D870400034B044A30
:109550001A61044B044A1A61704700BF08390120A0
:10956000257804005C390120198804000449054B62
:109570000548064A48615A6188619A61704700BF90
:10958000083901205C3901209D78040029890400F4
:10959000034A13681BB903491160034A13607047FB
:1095A00008390120517A04005C390120034B044A38
:1095B000DA61044B044ADA61704700BF08390120C0
:1095C000417B04005C390120358D04000449054BC2
:1095D0000548064A08621A6248625A62704700BF2C
:1095E000083901205C390120337C0400698D0400B6
:1095F00008B50849084800F0FBFB084B5A6822B937
:10960000074A5A60074B084A5A60084B084A1A60D2
:1096100008BD00BFE58E0400718E040008390120EA
:10962000C97F04005C390120118F04001C3A01201D
:10963000BD8E0400014B024A9A6070475C390120DC
:109640000992040008B50749074800F0D1FB074B11
:10965000074A5A60074B084A5A60084B084A1A6082
:1096600008BD00BFE58E0400718E0400083901209A
:10967000118204005C390120519204001C3A01203F
:10968000BD8E040008B50749074800F0B1FB074B41
:10969000074A5A60074B084A5A60084B084A1A6042
:1096A00008BD00BFE58E0400718E0400083901205A
:1096B000B58204005C390120519204001C3A01205B
:1096C000BD8E0400034B044A1A60044B044A1A601E
:1096D000704700BF08390120678304005C3901200E
:1096E00089920400034B044ADA60044B044ADA60AE
:1096F000704700BF08390120D18304005C39012084
:1097000021930400044BDA6822B9044ADA60044B5E
:10971000044ADA60704700BF083901201184040050
:109720005C39012025930400054B1B681B79092B2C
:1097300005D9044B044A1A63044B00221A6370478C
:10974000283A0120083901203D8504005C390120B8
:10975000034B044ADA62044B044ADA62704700BFE2
:1097600008390120138604005C39012005940400A7
:10977000034B044A9A62044B044A9A62704700BF42
:1097800008390120058704005C3901205594040044
:109790002DE9F74F8046002018F090FF054610B1E4
:1097A00018F07EFF064618F0010F06D03A4C01A9CA
:1097B000204611F0B2FD002838D118F0020F08D071
:1097C000DFF8E4900DF10301484611F0A6FD0446D0
:1097D00078BB18F0040F09D0304B002083F8240028
:1097E00004F084F82E4B9B6903B1984718F0080FDA
:1097F0000AD001211020FEF7BDFF28B1284A527F70
:1098000000F80229FEF7A2FF6DB1002018F056FF04
:1098100048B118F045FF314603F0AAFF214B1A88E2
:10982000824200D2188003B0BDE8F08F01F066FBE1
:10983000BDE76278237803EB0223ADF8043004F12E
:10984000030AA3788DF80630514601A8FDF7D0FD34
:10985000F0B9DFF858B007465BF8043B9BB9013715
:10986000152FF9D104210F20FEF784FF80B1BDF838
:10987000042082700121120A01704170C270023806
:10988000FEF764FF04E0514601A898470028E6D09F
:10989000204611F029FD95E7B8390120B43901209F
:1098A000D0380120B0390120C03901200839012009
:1098B000012838B50A46044616D0032808D0D8B97E
:1098C000104D014605F10C0011F011FD022111E0CF
:1098D0000C4C002104F11C0011F009FD207810212E
:1098E000BDE8384015F048BD064D0021281D11F097
:1098F000FEFC21462878F3E7BDE83840084611F021
:10990000F3BC00BFB439012010B50446012C084651
:1099100023D0022C1AD10B783E2B15D18B78132B28
:1099200012D801229A404AF604010A4206D1132BAA
:109930000AD10D4A137F013B137705E00A4A92F8DA
:109940003430013B82F8343011F0CEFC074BBDE8D7
:1099500010401878042115F00FBD11F0C5FC204609
:1099600001F0D8FAF2E700BFD0380120B439012065
:109970002DE9F3411E4F97F8248006460D46144604
:10998000B8F1000F30D10DF1070107F1140011F00B
:10999000C4FC68B14378022202334FF0010887F813
:1099A000248032702B802060404602B0BDE8F081F8
:1099B000104B1B684BB1984738B18378C278043399
:1099C00003EB02239BB20322E7E70B4B1B68002B40
:1099D000EAD098470028E7D08378C278043303EBB5
:1099E00002239BB20122D8E74FF00008DCE700BF5A
:1099F000B4390120203A01201C3A0120034B58774A
:109A0000034B0821187815F0B7BC00BFD0380120EF
:109A1000B439012010B5094C3022002104F10800AE
:109A200029F05EFF4FF0FF3241F6FF73C4E90023D7
:109A30001F220023C4E9042310BD00BFD038012039
:109A40008B4BC02230B583F82A20282283F833209C
:109A5000022283F8342083F85120012283F8522017
:109A6000844A042183F83B1050684CF21701D987CF
:109A700047F68301A3F8401018B393F82510B3F804
:109A8000464041F0200183F8251093F8271061F03B
:109A90007F0183F8271093F82F1041F0040183F819
:109AA0002F10222183F83410B72183F8401093F847
:109AB000481044F4F87441F00801A3F8464083F8D4
:109AC0004810116929B1002840F0C480CC2183F8E6
:109AD0003F10D16941B1F72183F83E1093F83F1050
:109AE00041F0030183F83F10D16879B170B193F868
:109AF000401041F0400183F840107F2183F841106D
:109B000093F8451041F0300183F845101168D1B148
:109B100093F8474044F0780183F8471093F84810D1
:109B200041F0060583F8485093F84C5045F0040581
:109B300083F84C5038B164F0070441F0070183F812
:109B4000474083F84810916A29B193F8471041F0D3
:109B5000060183F84710D16A29B1B3F8481041F4DF
:109B6000F871A3F84810116A89B193F8491061F0AF
:109B7000010183F8491093F84A1041F0030183F87A
:109B80004A1093F84C1041F0030183F84C105169CE
:109B900039B193F84A10002866D141F0600183F88A
:109BA0004A10516A29B193F84A1041F01C0183F818
:109BB0004A109169002914BFFF21802183F84B10BE
:109BC000116B59B193F84D1061F01F0183F84D10DE
:109BD00093F84E1041F0030183F84E10516B29B1F8
:109BE000B3F84E1041F4F061A3F84E10916B29B117
:109BF00093F84F1041F0180183F84F10D16B29B141
:109C000093F8501041F0030183F85010116C29B102
:109C100093F84F1061F01F0183F84F10516C81B120
:109C200093F84E1041F0600183F84E1093F85010F5
:109C300061F01F0183F850101F2183F8511083F841
:109C40005210926C2AB193F8512042F00F0283F81F
:109C5000512030BDFC2183F83F1093F8401041F0B3
:109C6000080183F8401034E761F01F0197E700BF57
:109C7000B439012008390120014B1860704700BF3A
:109C8000283A012038B51C4C2073F3F745FE1B4BD6
:109C90001B481A6813881D0A1B061843C4E90C05E3
:109CA000184B002183F838101960197199711972D5
:109CB00092F8311092F83030003918BF0121003B82
:109CC00018BF01231B0243EAC123216A0B4392F808
:109CD000321092F83320003918BF0121003A43EACC
:109CE000412318BF012243EA8223236202F0E2FAF1
:109CF000BDE8384001F054BEA03A0120283A0120C6
:109D000056341200603A01202DE9F0410746002048
:109D10000E4618F0D3FC054610B118F0C1FC804681
:109D200057B1002447FA04F3DB0702D5E0B2F3F79A
:109D30009DFE01340B2CF5D116B13046F3F752FEDF
:109D40006DB1002018F0BAFC48B118F0A9FC4146EA
:109D500003F00EFD034B1A88824238BF1880BDE81D
:109D6000F08100BF243A012008B5042011F0B0FAB8
:109D7000014640B1FF2343800380034B187BBDE8BD
:109D8000084011F0BABA08BDA03A0120014B186092
:109D9000704700BFA03A012008B502F0F1FBBDE812
:109DA0000840F4F749B9F4F7B9BD08B502F0E8FB8B
:109DB000F4F784FDF4F79AFEF4F7BAFEBDE8084024
:109DC000F4F7D2BE08B502F0FFFBBDE80840F5F796
:109DD000DDBBF5F7D9BF08B502F0F6FBF5F798FF44
:109DE000BDE80840F6F7A2BEF7F716BDF6F7A2BF2A
:109DF000014BC3E901017047A03A012008B502F008
:109E0000A3FBBDE80840F8F7ABBC08B502F09CFB2B
:109E1000BDE80840F8F704BDF8F778BEF9F7CAB80E
:109E2000F9F73AB9F9F7EAB908B502F0B7FBBDE8B6
:109E30000840F9F777BA08B502F0BAFBBDE8084068
:109E4000F9F754BCF9F76CBC08B511F0D3FB024B21
:109E5000C3E90C0108BD00BFA03A0120024BD3E9C1
:109E60000C2311F0CDBB00BFA03A0120F8B5244D62
:109E70006B7806462BB1234B5B7CDA0701D50C20AF
:109E8000F8BDEB787BB1F4F777F904460028F6D1FA
:109E90001D4F3B683BB13B68E0B298470028EED1CC
:109EA0000134032CF7D12B797BB1F8F741FE04463E
:109EB0000028E4D1154F3B683BB13B68E0B29847BE
:109EC0000028DCD10134032CF7D1304611F092FB8D
:109ED00001F44043B3F5404F06460C4601D00B0455
:109EE0000CD415F03DFA0123EB7340F20113C5E9E0
:109EF00006642B8215F036FA0020C1E71220BFE776
:109F0000603A0120383B0120303A01202C3A0120F0
:109F1000054B30B51C6825880580207908701B68C2
:109F20005B88138030BD00BF283A0120024BD3E983
:109F30000E2311F050BB00BFA03A0120024BD3E921
:109F4000082311F048BB00BF603A0120ECF76CBC5D
:109F500010B5044B9C791CB9ECF76CFC204610BD85
:109F60000C24FBE7603A012038B5124B1B681B79C3
:109F7000082B0546084603D8012D05D912240AE00E
:109F8000AB1EDBB2FC2BF9D90B4B9C7984B9FF2DAE
:109F900003D1ECF7A3FC204638BD11F02BFB0246A1
:109FA0000B462846ECF750FC002808BF0724F2E7D0
:109FB0000C24F0E7283A0120603A012038B5124B12
:109FC0001B681B79082B0446084603D8012C05D9C9
:109FD00012250AE0A31EDBB2FC2BF9D90B4B9D79AD
:109FE0007DB9FF2C03D1ECF77FFC284638BD11F07A
:109FF00001FB02460B462046ECF746FC0028F4D154
:10A00000E6E70C25F1E700BF283A0120603A01207D
:10A01000202808D1064A107838B9536A23F0010382
:10A02000194351627047112070470C20704700BFE0
:10A03000603A012019F0B6BA19F0BABA08B519F0A9
:10A04000C5FA00280CBF1220002008BD37B54378A0
:10A050008278017912041B029B1802782CBF01251B
:10A0600000259B18C2784FEA026245F100059C1852
:10A0700041EB05012046019102F0B4F8012809D90D
:10A08000019911F4787F05D1204603B0BDE8304036
:10A09000F3F744BD122003B030BD00002DE9F041BC
:10A0A000254D2B6A1A0654BF012603265B0654BFB2
:10A0B00001270327804602F061F9C0B3EC782B79C1
:10A0C0001C4334D1B8F80020B2F5804F31D8B8F82D
:10A0D00002309A422DD3032B2BD998F80430012B50
:10A0E00027D898F80530BB4223D898F80630B342F9
:10A0F0001FD80C2011F0ECF80146A8B140F2024341
:10A100004380B8F800308380B8F80230C38098F8F4
:10A110000430037298F80530437298F80630837261
:10A12000064B187B11F0E9F82046BDE8F0810C24BD
:10A13000FAE71224F8E700BF603A0120A03A0120B4
:10A1400038B504460D4602F019F920B90C20BDE8D7
:10A15000384002F08AB8012C06D10D4B587902F034
:10A16000F5F808B91220F2E7062011F0B1F801461F
:10A1700060B10223002C837018BF0123C370054B0C
:10A180000571187BBDE8384011F0B7B838BD00BF85
:10A19000FC3A0120A03A01202DE9F84FDFF8F490B5
:10A1A0001E46D9F820308846190654BF4FF0010AE0
:10A1B0004FF0030A15465A0654BF4FF0010B4FF0FB
:10A1C000030B074602F0E6F848B399F8034099F804
:10A1D00004301C4323D1BB4517D3C24515D315F01A
:10A1E000FA0F12D115F0040A03D0D9F820301B055C
:10A1F00017D515F0010548D0738832889A4204D3E8
:10A20000032B02D93379012B0DD912243AE0002017
:10A21000F4F7DEFB002522E0F4F7DAFB30E00C2453
:10A2200030E011242EE0BAF1000F0ED001230622F7
:10A230005343F218F35A51888B42E6D30329E4D9E9
:10A240001379012BE1D8002DE1D00020F4F7B6FB03
:10A250003346424639460020F4F7C6FB012502206A
:10A26000BAF1000FD8D0F4F7A9FB062303FB05636E
:10A27000424639460220F4F7B7FB05F1010A55467C
:10A2800089F80C502046BDE8F88FBAF1000FBED017
:10A290002B46CCE7603A01202DE9F041234E0F46D2
:10A2A0000A2101FB02F54FF4A06202FB03F4337BA9
:10A2B000737300238046B37302F06CF830B9012346
:10A2C00073730C20BDE8F04102F08CB8B8F1010FB7
:10A2D00010D1022F03D9012373731220F2E706D1A4
:10A2E000002CF8D0002DF6D0A54203D3F3E70CB133
:10A2F000002DF9D1F4F744FB0028ECD0102010F029
:10A30000E7FF014680B10723B8F1000F8370C0E971
:10A31000025414BF01230223C370054B0771BDE82B
:10A32000F041187B10F0E9BFBDE8F081603A0120F0
:10A33000A03A012070B5044602F02CF810B90C25A3
:10A34000284670BDA378012B49D863780F2B46D8D7
:10A350002389B3F5FA7F42D2237813F0FC0F3ED164
:10A3600063890A3B9BB243F6F672934237D8F4F7FF
:10A3700097FB0028E3D060686578A67811F03AF979
:10A3800002460B4628463146F4F792FB054640BB91
:10A39000F4F75CFE022826D8182010F099FF064634
:10A3A0000028CDD040F20B134380606811F022F9F1
:10A3B000C6E90201A378F3716378B371237803F0DF
:10A3C0000102C3F3400332717371238933826389BD
:10A3D0007382064B3146187B10F08FFFB0E71225D1
:10A3E000AEE70B25ACE70725AAE700BFA03A01209E
:10A3F00008B501F0CFFF08B90C2008BDF3F7E2FE65
:10A400000028F9D0382010F063FF0028F5D040F282
:10A410000B234380034B0146187B10F06EFF002096
:10A42000EBE700BFA03A012038B5054601F0B2FFC6
:10A4300010B90C24204638BDB5F5706F17D22846E8
:10A44000F4F716FEA8B1F3F7BDFE04460028F0D1DC
:10A45000382010F03DFF01460028EBD040F20D23DC
:10A460004380054B0580187B10F047FFE2E712247C
:10A47000E0E74224DEE700BFA03A012030B585B016
:10A48000044601F087FF18B90C25284605B030BDF9
:10A49000144BDB79002BF7D12378012B01D912253E
:10A4A000F3E7237A0F2BFAD8F3F78CFE0028EBD1D1
:10A4B000606811F09FF80B46217A009102462078DF
:10A4C000CDE90232EBF712FE05460028E7D1217AEA
:10A4D00020780091DDE90232EBF736FE002808BF54
:10A4E0000725D2E7603A012037B5054601F052FF53
:10A4F00018B90C24204603B030BD0F4BDB79002B7C
:10A50000F7D12B78012B15D82B7A0F2B12D8F3F714
:10A5100059FE04460028ECD1686811F06BF80B4630
:10A52000297A009102462878EBF72CFE002808BF14
:10A530004224DFE71224DDE7603A012010B501F084
:10A5400029FF10B90C24204610BD064BDB79002BE7
:10A55000F8D1F3F737FE04460028F3D1EBF7EEFD10
:10A56000F1E700BF603A012010B5044601F012FF88
:10A5700020B1EBF7DDFD2070002010BD0C20FCE7C2
:10A5800010B5044601F0FAFE40B1054B002193F9E5
:10A59000280019F025F82070002010BD0C20FCE7E1
:10A5A000603A01202DE9F74F334C9DF838909DF823
:10A5B0003CB098469DF830300193236A5B0654BF47
:10A5C0000125032507468A46164601F0D7FE70B1DD
:10A5D000647864B9012E0CD01F2F06D9574504D8D2
:10A5E000BAF5804F01D8042E06D9122440E00C247D
:10A5F0003EE04545F9D306E04545F6D3042E02D0AA
:10A6000018F0020F05D00D9B002BEED0019B012B03
:10A61000EBD819F0F80FE8D1B9F1000FE5D0012E11
:10A6200004D0042E02D0BBF1030FDED8282010F096
:10A630004FFE0546E0B140F20453438040F27123DF
:10A640005F4303FB0AF3C360019B83748760067456
:10A6500080F8118080F8209080F821B00D9810F0DB
:10A66000C9FF064BC5E90601187B294610F045FED7
:10A67000204603B0BDE8F08F603A0120A03A0120E7
:10A6800038B504460D4601F079FE90B11F2C12D862
:10A6900014F066FE22462946084829F023F8084BA4
:10A6A000012283F8474083F8482014F05BFE002025
:10A6B00038BD0C20FCE71220FAE700BF603B012008
:10A6C000383B012038B504460D4601F057FE90B1E5
:10A6D0001F2C12D814F044FE22462946084829F0BF
:10A6E00001F8084B012283F8684083F8692014F0D0
:10A6F00039FE002038BD0C20FCE71220FAE700BF2D
:10A70000813B0120383B012038B5054601F036FE7B
:10A7100020B90C20BDE8384001F098BD1C4C237CCA
:10A72000012B01D9042B06D11A4B1B4A1B68127846
:10A730009B7E9A42EDD0012D1CD1607C01F006FE7B
:10A74000C0B9237C032B13D1D4E90623A07CECF7FA
:10A7500026F868B1042010F0BBFD014640B14FF46B
:10A76000827343800D4B187BBDE8384010F0C5BDA7
:10A770001220CFE7042010F0ABFD014638B10423CE
:10A78000002D837014BF01230223C370EAE738BD94
:10A79000383B0120283A0120603A0120A03A0120EC
:10A7A000F5F7B2BBF8B506460D4602F0BBFF04460E
:10A7B00001F0F0FD00284ED0EF2E4ED8D5E9017003
:10A7C000B84227D32A881D2A16D01F2F22D91F2826
:10A7D00020D9244963080133A3FB01319B0F43EACD
:10A7E0008103BB4227D3834225D322F07F038BB959
:10A7F00002F01303032B0DD012F0100102D012F05F
:10A80000600F07D1940601D5900703D1AB7D19B134
:10A81000012B09D012201FE003F0FD02012AF9D11B
:10A820002A7E013A022AF5D82A7E022A05D10E4A4A
:10A83000126AD20513D411200EE0032B01D0032A93
:10A8400003D1094B1B6A1B05F5D529463046BDE8E7
:10A85000F840F5F715BC0C20F8BD3020FCE7032BC1
:10A86000EEE700BFE3361A00603A012081230B7047
:10A87000F5F71CBB30B585B0CDE90221089D0193E9
:10A88000044601F087FD48B1DDE9013203990895DE
:10A89000204605B0BDE83040F5F7CEBC0C2005B031
:10A8A00030BD30B585B0CDE90221089D0193044645
:10A8B00001F070FD48B1DDE90132039908952046A9
:10A8C00005B0BDE83040F5F731BE0C2005B030BD15
:10A8D0002DE9F347444EB37A07460C4615461BB1A3
:10A8E0000C21002001F0E6FD0023F37201F052FD7F
:10A8F00038B90123B3720C2102B0BDE8F04701F072
:10A90000D9BD062C33D804B98FBBA9464FF0000A35
:10A91000544531D8002C45D0002FDFF8D0A014BF0B
:10A920004FF001084FF0020800274FF008090C20F3
:10A9300010F0CEFC014690B12B78038080F8029095
:10A9400080F803806B880A22534343602B7903729B
:10A95000B37A9AF80C000133B37210F0CEFC0137D1
:10A96000BC4205F10605E2D802B0BDE8F08701233C
:10A97000B37212210020BFE799F80000C846F5F72E
:10A9800061FA30B949463846F5F744FA09F1060943
:10A9900028B10123B372014698F80000ACE70AF130
:10A9A000010AB5E768460094ADF80440F5F78EFA61
:10A9B000DFF8388005464FF40277A542D4D90C2041
:10A9C00010F086FC014668B11DF8043003800023B6
:10A9D000478043600372B37A98F80C000133B37276
:10A9E00010F08BFC0134E8E7603A0120A03A012026
:10A9F00010B5044601F0CEFC50B1064B1B68DB8954
:10AA000040F27262934228BF13462380002010BD9B
:10AA10000C20FCE7283A012010B5044601F0BAFCEE
:10AA200028B1044B1B681B7B2370002010BD0C2039
:10AA3000FCE700BF283A012010B5044601F0AAFC4B
:10AA400020B12046BDE81040F5F7B4BD0C2010BD84
:10AA500008B501F09FFC18B1BDE80840F5F7C6BD88
:10AA60000C2008BD38B505460C4601F093FC68B1D2
:10AA7000EF2D0DD8238862889A420BD3052B09D974
:10AA800021462846BDE83840F5F714BC0C2038BDF7
:10AA90003020FCE71220FAE737B50446CDE9003252
:10AAA0000D4601F077FC60B1EF2C0DD8032D0DD8C9
:10AAB000DDE900322946204603B0BDE83040F5F715
:10AAC00035BC0C2003B030BD3020FBE71220F9E785
:10AAD00038B505460C4601F05DFC28B90C2120462E
:10AAE000BDE8384001F01DBDEF2C01D93021F6E75B
:10AAF00029462046BDE83840F5F7E8BC38B504469D
:10AB00000D4614F02DFC0B4B1B689B7EA34206D810
:10AB10007F200224287014F025FC204638BD2046F2
:10AB2000F6F78EFB0028F3D02046F6F7A5FB0024AD
:10AB3000F0E700BF283A012070B505460C461646DE
:10AB400014F00EFC0F4B1B689B7EAB4207D86FF0D6
:10AB50001D000224307014F005FC204670BD28460C
:10AB6000F6F76EFB0028F2D0012C04D83CB9284639
:10AB7000F6F78EFBEEE76FF01D001224EAE71420D3
:10AB80000024E7E7283A012038B505460C4614F0C2
:10AB9000E7FB0E4B1B689B7EAB4204D8022414F0EB
:10ABA000E1FB204638BD2846F6F74AFB0028F5D0E1
:10ABB0002846F6F779FB030A20706370030C000E39
:10ABC000A370E07021710024E9E700BF283A01205A
:10ABD00070B51B4E33689A7E93F82930134498421F
:10ABE00004460D4601DB022070BD824218D9F6F7FB
:10ABF00027FB0028F7D033689B7EA34210D906209C
:10AC000010F066FB014608B90020EDE7048041F230
:10AC100001734B800B4B0D71187B10F06EFBF3E74B
:10AC20002046F6F717FB48B1062010F051FB01460D
:10AC30000028E9D0048041F20F73EAE70C20D3E743
:10AC4000283A0120A03A012070B51D4B1B689B7E5D
:10AC5000834206460D4602D80224204670BDF6F710
:10AC6000EFFA0028F8D015213046F6F7B5F801289C
:10AC700001D10C24F1E73046F6F7F4FA012803D1AC
:10AC8000104B1B6A9B07F4D52846F6F77BF8044661
:10AC90000028E2D1102010F01BFB01460028DCD078
:10ACA00041F2015343802B6843606B688360AB685B
:10ACB000C360054B0680187B10F01FFBCDE700BF7B
:10ACC000283A0120603A0120A03A012070B5184BC3
:10ACD0001B689B7E834206460D4602D8022420460E
:10ACE00070BDF6F7ADFA0028F8D001213046F6F72E
:10ACF0000BFBD0B12846F6F745F804460028EED104
:10AD0000102010F0E5FA01460028E8D041F6015382
:10AD100043802B6843606B688360AB68C360054BFE
:10AD20000680187B10F0E9FAD9E70C24D7E700BFBA
:10AD3000283A0120A03A012038B5124B1B689B7EAF
:10AD4000834204460D4601D8022038BDF6F778FA52
:10AD50000028F9D001212046F6F7D6FA80B1062066
:10AD600010F0B6FA0028F0D041F601634380064B9C
:10AD7000048005710146187B10F0BFFA0020E4E75B
:10AD80000C20E2E7283A0120A03A012010B5124B2E
:10AD90001B689B7E8342044601D8022010BDF6F753
:10ADA0004FFA0028F9D01C212046F6F715F80128A3
:10ADB0000FD0042010F08CFA01460028EED041F6A6
:10ADC00001434380054B0480187B10F096FA002065
:10ADD000E4E70C20E2E700BF283A0120A03A012076
:10ADE000F8B51E4F3B689B7E834205460E461446CF
:10ADF00001D80220F8BDF6F723FA0028F9D01F2168
:10AE00002846F5F7E9FF012823D0A6F11B03E02B24
:10AE100021D8B4F5A47F1ED33B681B79082B14D826
:10AE2000B4F5056F17D8082010F052FA0028E1D0C9
:10AE300041F6017343800A4B05808680C480014639
:10AE4000187B10F05AFA0020D4E744F290239C4279
:10AE5000E8E70C20CEE71220CCE700BF283A01201B
:10AE6000A03A0120024B5A8802809B880B807047D1
:10AE7000E03A0120A0F11B03E02B19D8B1F5A47F23
:10AE800016D30D4B1B681A79082A0DD8B1F5056F3A
:10AE90000ED8DB8BFB2B28BFFB2383420AD3074B47
:10AEA000588099800020704744F290229142EFE749
:10AEB0003020704711207047283A0120E03A0120E5
:10AEC00010B5074C2468E48BFB2C28BFFB240480BE
:10AED0000E34E4000C80008810800A881A8010BDAF
:10AEE000283A0120014B1B68D88B7047283A012073
:10AEF000014B1B68D87E7047283A0120034B1B7812
:10AF00000BB910F0F1B9F6F70BB900BFE03A012028
:10AF1000F6F776B9F6F792B910B5124B1B689B7E1F
:10AF20008342044601D8022010BDF6F789F90028B3
:10AF3000F9D02046F6F7C4F9430111D5062010F0E8
:10AF4000C7F901460028EFD042F2013343800223C3
:10AF50000371054B0480187B10F0CFF90020E3E764
:10AF60001A20E1E7283A0120A03A012001282DE922
:10AF7000F843054634D8F6F76DFB044638B9194A4C
:10AF8000012D92F8383010D0013382F83830DFF8D4
:10AF90005880DFF858900027D8F800309B7EBEB26A
:10AFA000B34204D82046BDE8F883013BEDE73046C4
:10AFB000F6F746F990B13046F6F782F943010DD520
:10AFC000062010F085F9014640B142F201330680B7
:10AFD0004380057199F80C0010F08FF90137DBE719
:10AFE0001224DFE7603A0120283A0120A03A01202C
:10AFF000F8B52A4B1B6A5B0654BF0125032504469E
:10B000000F4601F0BBF9002845D02288B2F5804FE9
:10B0100002D912263046F8BD63889A42F9D3032B31
:10B02000F7D92379012BF4D813B9A379AB42F0D81F
:10B030006379AB42EDD83846F5F7A4FE0646002802
:10B04000E7D1607901F082F90028E2D0282010F0E1
:10B050003FF905460028DDD040F2031343807968AC
:10B06000031D386803C3B868186023882B8263887F
:10B070006B8263796B752379AB75A37985F8203082
:10B08000A06810F0B7FA064BC5E90601187B2946FF
:10B0900010F033F9BEE70C26BCE700BF603A012090
:10B0A000A03A012008B5042010F012F9014678B149
:10B0B000084B93F82B30002B14BF09230323837014
:10B0C0000223C370044B187BBDE8084010F015B98B
:10B0D00008BD00BF603A0120A03A01202DE9F74FDA
:10B0E00004468946007ADFF894810021164601F073
:10B0F00079F8D8F820A0054601F04CF9002800F0B6
:10B10000B78098F80470002F40F0B280227A12F0D5
:10B11000F80F04D01227384603B0BDE8F08F002A9C
:10B12000F8D04FEADA134FEA5A2A03F002030AF082
:10B13000040A43EA0A0343F001039A4340F09A8069
:10B14000D8F8203060785B0654BF0123032398426F
:10B15000E0D8A2789A42DDD82378012BDAD801F022
:10B16000F5F80028D6D009F1020B4FF0000A55453A
:10B170004FF00C0251D84FF0000A88F80CA0257A45
:10B1800015F001055FD05046F7F736FF98F80C3000
:10B19000324601334946504688F80C30F7F742FFF3
:10B1A0000125217A11F0020156D00C2202FB056222
:10B1B00000210120F7F736FF0135217A11F0040153
:10B1C0004FD00220F7F718FF98F80C300C2201330B
:10B1D00088F80C3002FB056209EB85010220F7F7C5
:10B1E00021FF182010F074F80546002893D040F293
:10B1F000091343802378037163784371A3788371C3
:10B20000606810F0F7F9C5E90201237A2B741A4B34
:10B210002946187B10F071F87DE702FB0A60F5F70C
:10B22000B1FD00287FF476AFBBF800303BF8021C7C
:10B230009942FFF46FAF032B0BF1040B7FF66AAF5B
:10B240000AF1010A93E72846F7F7E0FE324629465D
:10B250002846F7F7E7FEA4E732460120F7F7E2FEBB
:10B26000ABE702200191F7F7D1FE01993246B5E72D
:10B270000C2750E711274EE7A03A0120603A012041
:10B2800010B51B210446F5F7A7FD01281BD00F4B75
:10B290001B689B7EA34201D8022010BD2046F5F713
:10B2A000CFFF0028F8D0042010F012F80146002843
:10B2B000F3D041F601334380054B0480187B10F036
:10B2C0001CF80020E9E70C20E7E700BF283A01203E
:10B2D000A03A0120022916D0032917D10530012AEE
:10B2E0000BBF0001800100F5BF7000F5C870094B6D
:10B2F00000F26930A0FB0303800F40EA830040F2B4
:10B300007123584370470B308000F0E70A30C000CB
:10B31000EDE700BFE3361A00194B806A9A8870B5D2
:10B3200001325C8892B29A800CB1A24225D221BB34
:10B330001C78012C1FD19D7B427895421BD1426E17
:10B340005E7B1578AE4216D11D7B5278954212D1A4
:10B35000DD7B027B95420ED1DA69996904FA02F528
:10B36000013202F01F02DA61064A074B0D4218BF94
:10B37000134683602146084670BD0021FBE700BFED
:10B380003C3A012055555500AAAAAA000F4B29B1F5
:10B39000042914D05A8901325A8102E0DA88013234
:10B3A000DA80598831B11889DA8802445889024410
:10B3B000914208D91878831E5842584170471A891B
:10B3C00001321A81EDE70020704700BF3C3A0120AE
:10B3D0000346104610B400F8021B5370072923D807
:10B3E000DFE801F02D040A220D1013161A460F2172
:10B3F0005DF8044B28F074BA1A465521F8E71A464E
:10B40000FF21F5E71A460021F2E71A46F021EFE79F
:10B410001A46AA21ECE700F8012B0924013C06D1C9
:10B42000013BDBB2FF2BF6D15DF8044B704782EA9B
:10B430001211090201F4807141EA5202EEE740F272
:10B44000FF12EDE708B5054B20220021184628F031
:10B4500047FA4FF0FF32826108BD00BF3C3A01203D
:10B4600050B10B2802D80138C0B270470C2805D063
:10B47000262805D80238F7E7252070472620704790
:10B48000272070472DE9F74F694C01911746227824
:10B49000012A82461D460FD8DFF8AC81D8F800306B
:10B4A00053B998F804603EB9012A09D1032F637B90
:10B4B00004D1032B00F0B9800C2627E0032BFBD02E
:10B4C000BAF1270F00F2AF80072F00F2AC806B1E9D
:10B4D000032B00F2A880022D1CD0EB1E012B05D8F7
:10B4E000D8F8203013F4006F00F09B8012B9514B54
:10B4F00062605A60032F12D10125384625706773A8
:10B5000002F066F888F8085000F0F0FE304603B00C
:10B51000BDE8F08FD8F8203013F4807FE4E713F013
:10B520001FFF5046FFF79CFF032D05D0042D24D0AC
:10B53000022D25D1002300E00223019A23824FF03F
:10B54000000A4FF0FF33C4E9063A22736773A07311
:10B55000E57313F007FF2378012BD7D02C200FF0D1
:10B5600067FE814638B1C0200FF062FE054648B93B
:10B5700048460FF07FFE1F26C8E703250123DCE7BE
:10B580000125D7E751462C22484628F0A9F9514613
:10B59000C022284628F0A4F9BDF8302062804FF080
:10B5A000020B254AC9F81820C9F8285089F815B0A7
:10B5B00085F800A0A27B6A70204B214A21482866AA
:10B5C000C5E9013298F82820AA70E17B6973227CD2
:10B5D000297340F2011AAA73207BA5F868A0FFF72F
:10B5E00079FEA5F86A0050460FF022FE0246686612
:10B5F00018B928460FF03EFEBAE701983946FFF722
:10B60000E7FEB5F86A2062610122227088F80820FE
:10B6100000F06CFE584601F0DBFF484602F062FA8B
:10B6200074E7112672E7302670E727284DE700BF40
:10B630003C3A0120403A0120F9B7040029417671D3
:10B640005555550019B30400603A012007B5009321
:10B650000123FFF717FF03B05DF804FB2DE9F84F56
:10B66000DFF828819B46D8F8003082460E46002B32
:10B670007CD1DFF81C9198F8043099F800501D43F4
:10B6800074D1272874D84B1E022B71D8012A6FD889
:10B69000022910D0032915D02C200FF0C9FD074630
:10B6A00038B1C0200FF0C4FD044680B938460FF011
:10B6B000E1FD1F2557E0D8F8203013F4807FEBD14F
:10B6C000112550E0D8F8203013F4006FF7E72C2252
:10B6D0000021384628F004F9C0220021204628F035
:10B6E000FFF85046FFF7BCFE022E02D0032E18BF13
:10B6F0000126204BBB61204A204BBC624FF0020A5E
:10B7000087F815A0A9F802B0C4E901234FF0010B96
:10B710001B4B607084F800B01B6866732673DB8D6A
:10B720004FF47A725343236640F20110154BA4F88C
:10B730006C0063660FF07CFDA06618B920460FF020
:10B7400099FDB3E789F800A088F808B000F0CEFDB5
:10B750000D4A0023C9F804305046536001F038FF09
:10B76000384602F0BFF92846BDE8F88F0C25FAE705
:10B770003025F8E7D9B804002941767155555500B0
:10B78000283A01208DB30400403A0120603A01209C
:10B790003C3A01200B4600220121FFF75FBF000069
:10B7A00038B5124D2B78012B04460CD1687B032849
:10B7B0000DD101F023FF0E4B00242C701C7200F001
:10B7C0009DFD204638BD022B0DD101F069FF0323FA
:10B7D000084A2B701CB1134603CB20606160002027
:10B7E00068605060EEE70C20ECE700BF3C3A0120B7
:10B7F000603A0120403A01202DE9F843334D846A34
:10B80000AB886A8801339BB20646AB8022B1934273
:10B8100002D30020FFF7C4FF2B78676E012B2FD1D6
:10B82000AB7B607895F80D9095F80C80E97B2A8ABF
:10B8300098420BD13878484508D17878404505D1F1
:10B84000207B884202D1A07B904214D063700023F9
:10B85000D2B2E37308F1020361732173A273A4F8F7
:10B8600068304046FFF736FD3A46A4F86A0049467C
:10B870004046FFF7ADFD3046BDE8F84302F032B96F
:10B8800038460FF0F7FC20460FF0F4FC30460FF07E
:10B89000F1FC022001F0B2FE287804280CD10FF050
:10B8A00017FD014680B140F205134380084B187B19
:10B8B000BDE8F8430FF021BD064A002313722B7038
:10B8C000BDE8F84300F01ABDBDE8F8833C3A01201A
:10B8D000A03A0120603A012070B51E4C866A628849
:10B8E00005464AB12189E3880B4461890B449A4299
:10B8F00002D80020FFF754FF2378022B04D12846FA
:10B90000BDE8704002F0EEB8B06E0FF0B3FC304608
:10B910000FF0B0FC28460FF0ADFC022001F06EFEE7
:10B92000207804280CD10FF0D3FC014680B140F2FE
:10B9300005134380084BBDE87040187B0FF0DDBC59
:10B94000064A002313722370BDE8704000F0D6BC95
:10B9500070BD00BF3C3A0120A03A0120603A0120AE
:10B9600008B5C07810B101280DD008BD0A4B1B7A6C
:10B97000002BFAD0FFF714FF084B1A78032AF4D1F2
:10B9800004221A70F1E7054A00231370024A137269
:10B99000BDE8084000F0B2BC603A01203C3A01200A
:10B9A00008B5FFF74FFD054B054A5A61054B064A9E
:10B9B0005A61BDE80840EAF769B800BFC815012020
:10B9C00045B404007C15012061B904002DE9F04163
:10B9D0000F461821044690461D46F5F7FDF901284B
:10B9E00003D10C263046BDE8F0812046F5F78EFEE7
:10B9F0000128F6D0184B1B689B7EA34201D8022673
:10BA0000F0E72046F5F71CFC0028F8D02046F5F7B3
:10BA100029FC06460028E4D11E200FF059FC0146FF
:10BA20000028DFD041F60103048043803B68436077
:10BA30007B688360A0F80C8000F10E022B4605F1B4
:10BA4000100053F8044B42F8044B8342F9D1034BE6
:10BA5000187B0FF052FCC5E7283A0120A03A0120DC
:10BA600008B50A4617F0B0FF002008BD38B51A4BDC
:10BA70001B689B7E834205460C4601D8022038BDD8
:10BA8000F5F7DEFB0028F9D02846F5F7EBFB012897
:10BA900001D00C20F3E702212846F5F735FC0028F9
:10BAA000F7D014200FF014FC0028E8D041F6011361
:10BAB000438005802146031D04F1100251F8044B18
:10BAC00043F8044B9142F9D1044B0146187B0FF027
:10BAD00014FC0020D3E700BF283A0120A03A01203F
:10BAE00010B5144B1B689B7E8342044601D802208C
:10BAF00010BDF5F7A5FB0028F9D02046F5F7B2FBFD
:10BB0000012801D00C20F3E702212046F5F7FCFBC9
:10BB10000028F7D004200FF0DBFB01460028E7D017
:10BB200041F601234380044B0480187B0FF0E5FBB2
:10BB30000020DDE7283A0120A03A012038B50C4B5F
:10BB40001B689B7E834204460D4601D8022038BD07
:10BB5000F5F776FB0028F9D02046F6F79DFE054A5A
:10BB6000A0FB0202830D43EA82232B800020EEE734
:10BB7000283A01206766060038B50D4B1B689B7E8E
:10BB8000834204460D4601D8022038BDF5F758FB24
:10BB90000028F9D04DB10A2169432046F6F788FE06
:10BBA000002814BF00201E20EFE71220EDE700BFA1
:10BBB000283A012038B504460D4600F0EBFB60B191
:10BBC000B4F5706F0BD22046F3F752FA48B1204615
:10BBD0002946F3F7DBFA002038BD0C20FCE71220E1
:10BBE000FAE74220F8E713B50446CDE9002100F05A
:10BBF000D1FB38B1DDE90021204602B0BDE810409C
:10BC0000F7F752BA0C2002B010BD13B50446CDE9C7
:10BC1000002100F0BFFB38B1DDE90021204602B071
:10BC2000BDE81040F7F78CBA0C2002B010BD2DE92A
:10BC3000F04107469DF818800C4615461E4600F058
:10BC4000A9FBA8B1022C16D8B5F5FA7F13D2A6F13C
:10BC50000A039BB243F6F67293420CD8CDF81880D3
:10BC600033462A4621463846BDE8F041F7F7AABADE
:10BC70000C20BDE8F0811220FBE7000070B50646FD
:10BC80000D46144600F086FB88B1022E11D8B5F59A
:10BC9000FA7F0ED2A4F10A039BB243F6F6729342E6
:10BCA00007D8054B0020DE751D835C8370BD0C201A
:10BCB000FCE71220FAE700BFE03A012030B541EA84
:10BCC000020424F0070420F003052C4308D1022BC2
:10BCD00006D80D4B5B691C0604D518B991420ED0ED
:10BCE000112009E000F001030B430AD0830704D4BC
:10BCF000002A14BF0020122030BD0020FCE70029DC
:10BD0000F6D11220F8E700BF603A012070B50C4B65
:10BD10001B689B7E834204460E46154601D80220CE
:10BD200070BDF5F78DFA0028F9D02046F5F7D4FA62
:10BD300030702046F5F7DCFA28700020F0E700BFED
:10BD4000283A01200B4B1A6A10B5D40502F480730F
:10BD500003D440EA0104A40707D4130507D4014320
:10BD600081F00401C1F3800010BD1846FCE70120FA
:10BD7000FAE700BF603A012070B50D46064611464D
:10BD800028461446FFF7DEFF98B1002322462946D5
:10BD90003046FFF793FF58B916F0010F064B18BF56
:10BDA000002516F0020F18BF00241E755D759C75E6
:10BDB00070BD1120FCE700BFE03A01202DE9F843F7
:10BDC0001D46234BBDF820901B689B7E8342804616
:10BDD0000F46164603D802242046BDE8F883F5F73F
:10BDE0002FFA0028F7D020214046F4F7F5FF01286C
:10BDF0002AD029463046FFF7A5FF38B34B462A46DE
:10BE000031463846FFF75AFF04460028E4D117F0C0
:10BE1000010F18BF00260A2017F0020F18BF0025D7
:10BE20000FF056FA01460028D6D042F201034380B3
:10BE3000084BA0F80080077146718571A0F8089042
:10BE4000187B0FF05AFAC7E70C24C5E71124C3E7A3
:10BE5000283A0120A03A012001282DE9F3410446A7
:10BE60000D4616461F4627D8DFF85480D8F8003014
:10BE700033F0FF0304D098F8293043B10C2014E0CC
:10BE800098F80430002BF6D10C4B1B6883B9284678
:10BE90000FF0B0FBCDE9006702460B462046EAF7FB
:10BEA00035FA002814BF0020072002B0BDE8F08159
:10BEB00098470028DFD1EAE71220F6E75C3A012034
:10BEC000603A0120012870B504460D4618D8104E7E
:10BED000336833F0FF0304D096F829303BB10C20CF
:10BEE0000FE03379002BF7D10A4B1B6853B9284672
:10BEF0000FF080FB02460B462046EAF773FA28B99A
:10BF0000122070BD98470028E6D1F0E70020F8E73E
:10BF1000603A01205C3A012010B50C4C236833F0E4
:10BF2000FF0304D094F829303BB10C2008E02379BA
:10BF3000002BF7D1064B1B681BB9EAF7E1F900208B
:10BF400010BD98470028EDD1F7E700BF603A012007
:10BF50005C3A012010B50446EAF7CCF920700020C5
:10BF600010BD30B50446012C85B00846154615D8DD
:10BF70000FF040FB02460B4600200021CDE90201F4
:10BF800002A900912046EAF75BFA48B12846DDE9AC
:10BF900002230FF035FB002005B030BD1220FBE777
:10BFA0000220F9E730B50446012C85B00846154655
:10BFB00015D80FF01FFB02460B4600200021CDE9EB
:10BFC000020102A900912046EAF749FA48B1284641
:10BFD000DDE902230FF014FB002005B030BD122074
:10BFE000FBE70220F9E70000012870B5054614D8E8
:10BFF0000B4E336833F0FF0302D00C24204670BD93
:10C000003479002CF9D1074B1B6813B986F82950F5
:10C01000F4E798470028F9D0EFE71224EEE700BFD5
:10C02000603A01205C3A012008B5431E9BB24AF2F7
:10C03000B712934203D8F7F76FF9002008BD12201A
:10C04000FCE7000040EA0203012BF7B504460E4668
:10C05000154622D8124F3B6833F0FF0304D097F8FF
:10C0600029303BB10C2012E03B79002BF7D10D4B6E
:10C070001B6873B930460FF0BDFA009502460B46B7
:10C080002046EAF7C9F9B0FA80F04009400003B051
:10C09000F0BD98470028E2D1ECE71220F7E700BF97
:10C0A000603A01205C3A0120F7F7ACBA70B598B05D
:10C0B0000B46024608AD00F12006106851682C4678
:10C0C00003C40832B2422546F7D110AC03F1200573
:10C0D00018685968224603C20833AB421446F7D1A8
:10C0E000094B6A4603F1200615461868596814463C
:10C0F00003C40833B3422246F7D1294608A8F7F70C
:10C1000099FA18B070BD00BF103B012070B5012A2C
:10C1100098B00B4604D118B0BDE87040F7F7B2BA3A
:10C12000024608AD00F12006106851682C4603C491
:10C130000832B2422546F7D110AC03F12005186849
:10C140005968224603C20833AB421446F7D1094B63
:10C150006A4603F12006154618685968144603C458
:10C160000833B3422246F7D1294608A8F7F762FA06
:10C1700018B070BD103B0120084903680A685A4096
:10C180000A6007490A685A400A6006490A685A4024
:10C190000A6005490A685A400A60704754630020E3
:10C1A000586300205C63002060630020094B0A494B
:10C1B00018680A68086009480168196008490B682E
:10C1C000036082EAC22283EAD340504080EA122010
:10C1D000086070475C6300205863002060630020A3
:10C1E0005463002043084A0803F05533C01A02F094
:10C1F000553261EB020100F03333800801F0333235
:10C2000000F033308908181801F0333142EB010295
:10C21000030943EA02731B1842EB12124FF001317B
:10C2200003F00F3302F00F321A44A3FB013002FB7C
:10C230000100000E7047B0FBF1F07047024B1B6825
:10C2400003B1184718467047A03A012007B50023EC
:10C25000ADF804308DF80700032301A88DF80630EF
:10C26000FFF7ECFF03B05DF804FB07B50023ADF862
:10C27000043004238DF807000DEB03008DF8063021
:10C28000FFF7DCFF03B05DF804FB1FB51C24ADF81D
:10C2900004008DF8090001A88DF806408DF80710FC
:10C2A0008DF80810ADF80A208DF80C30FFF7C6FFA6
:10C2B00004B010BD08B50A4B40220021184627F0F3
:10C2C0000FFB084A0346D2E90801074A5A61C3E94D
:10C2D00008014FF0FF301F21C3E90C0108BD00BF6A
:10C2E000603A0120A03A0120405C1F00024A537AC4
:10C2F00001335372704700BF603A0120024A537AFB
:10C30000013B5372704700BF603A0120024A9379A3
:10C3100001339371704700BF603A0120024A93795C
:10C32000013B9371704700BF603A0120024AD37904
:10C330000133D371704700BF603A0120024AD379BC
:10C34000013BD371704700BF603A0120032806D833
:10C35000013802280ED8DFE800F0070D0700A0F131
:10C36000FF03584258417047034B587C003818BFB0
:10C370000120704701207047603A0120044B93F878
:10C380002B201AB9012083F82A007047002070473B
:10C39000603A0120044B93F82A201AB9012083F84F
:10C3A0002B00704700207047603A0120F0B5D0E9BB
:10C3B000007600221346C3F12005A3F1200427FADA
:10C3C00003F106FA05F5294326FA04F42143C907C7
:10C3D00042BF811801320B720133252BEBD180F85B
:10C3E0002D20F0BD07B50E4A937B0BB900B19073B9
:10C3F000537B8BB1013BDBB253736BB90093ADF848
:10C40000043018238DF802306846937B8DF8033092
:10C410008DF80430FFF712FF03B05DF804FB00BF96
:10C42000603A012007B54FF4C81301A80193FFF744
:10C4300005FF03B05DF804FB4FF4B8130360FFF78A
:10C44000FDBE4FF400130360FFF7F8BE70B586B071
:10C450001446064616220D466846002127F040FA8B
:10C460001E238DF802302388ADF80830237A8DF82A
:10C4700010306389ADF81230A11C237B8DF8143085
:10C480000DF10A008DF80460ADF806500FF07EF84B
:10C490006846FFF7D3FE06B070BD07B54FF4F8133A
:10C4A000ADF8040068460093FFF7C8FE03B05DF8DE
:10C4B00004FB000007B50E4AD37A0BB901B1D17263
:10C4C000937A013BDBB2937273B91B23ADF8000082
:10C4D0008DF802308DF80500D37A8DF80330684668
:10C4E0008DF80430FFF7AAFE03B05DF804FB00BF2F
:10C4F000603A01201FB50024CDE901440394ADF852
:10C5000004008DF808001A240DF10A008DF80910B6
:10C510008DF806400FF074F801A8FFF78FFE04B005
:10C5200010BD07B51D23ADF800008DF80500684665
:10C530008DF802308DF803108DF80410FFF77EFEA1
:10C5400003B05DF804FB000008B50B4B1C22002172
:10C55000184627F0C5F9094A1268D17E127F427049
:10C560001B2242804FF4A472828003220275017064
:10C570000A22428308BD00BFE03A0120283A012088
:10C580000449054B0A681A604A685A6007221A81F2
:10C59000704700BF468B0700FC3A0120034B4FF465
:10C5A00061721A6000221A71704700BF083B0120B7
:10C5B000044B002283F8202083F8212083F82220D6
:10C5C000704700BF103B012010B50B4C80220021AA
:10C5D000204627F085F902231822002104F11000DB
:10C5E00084F8793027F07CF9044BC4E9023307233F
:10C5F00084F8203010BD00BF383B012000881300B4
:10C60000022807D0032808D001280AD1C80000F565
:10C61000837070478800D2307047880100F266400E
:10C62000704796207047022805D0032807D002F1F2
:10C630000800C000704702F109008000704701291E
:10C640004FEAC2000CBF022308231B30584300F5F9
:10C65000BC7070472DE9F84316469DF82020012A4A
:10C66000074608BF4FF04208084608BFC4469DF879
:10C6700024101CBF4FF005084FF00A0C80B940F29F
:10C680000114A4EB0802A4EB0C0492B2A4B29A42E7
:10C6900009D343449AB23846BDE8F843FFF7C3BF15
:10C6A00082B21446F3E7B3FBF4F904FB1933644494
:10C6B0009DB2A2B23846FFF7B6FF002D08BFA9F120
:10C6C00001091FFA89F906F5967609FB06F600FBC3
:10C6D000096635B105EB080292B23846FFF7A3FFB1
:10C6E00006443046BDE8F88308B5FFF79CFF00F527
:10C6F000967008BD0C4B984202460AD80B4BA0FB23
:10C7000003135B081E2101FB03F0824288BF40181F
:10C710007047074BA0FB0313032101FB0033C3F356
:10C720008F234FF49671EEE7E1BF03001211111150
:10C730009E36D0692DE9F74F876A3B78023B054664
:10C740008846072B00F21681DFE813F00800250069
:10C75000140114015B00AB00F70009017E7B7B6EC6
:10C76000032E14BF4FF4BC744FF441647BB197F8AF
:10C770008020387B0021FFF756FFBB6E96340444BF
:10C780002BB1032E14BF04F20E2404F6A644EC6071
:10C7900003B0BDE8F08F97F87820B97B387BFFF7BE
:10C7A00042FF97F87B3003F00102C3F34006C3F366
:10C7B00080031E440446164400F0BAFF2044FFF7ED
:10C7C00099FF731E00FB03447B6E002BDFD07A7B46
:10C7D0009623032A06FB03F314BF4FF4BC724FF4F5
:10C7E00041621C4402FB0644BA6E002ACFD097F87F
:10C7F0008020387B00211C44FFF715FF06FB004416
:10C80000C5E797F87C207E7B3B6E4ABB022E1AD090
:10C81000032E1BD144F2902202614FF46D64002B71
:10C82000B5D0F97B97F87420387B002908BF022126
:10C83000FFF7F9FE9634022E04440AD0032E0BD0E3
:10C8400004F6DE04A3E74FF48564E8E740F6480405
:10C85000E5E704F2BE449AE704F58644263496E7F9
:10C86000022E1BD044F2902440F64802032E18BF3B
:10C870001446002B8BD0F97B387B00294FF0240223
:10C8800008BF0221FFF7CFFE04F59674044410227E
:10C8900002213046FFF7C7FE044478E74FF4856471
:10C8A000E7E729BB4FF0F4094FF0F1083C6F3E7BFE
:10C8B000B97B5CB10D223046FFF7B5FE7B7B022BC6
:10C8C00018D0032B19D000F6DE0496346A6AC2B180
:10C8D000B2F800A01FFA89F9D14514D3B7F8603037
:10C8E0000D2B2CBF9A440AF10D0A1FFA8AF2D0E7E9
:10C8F0008946DBE700F2BE44E7E700F586442634CC
:10C90000E3E79246EAE708F110023046FFF78BFEB4
:10C91000BAFBF8F71FFA88F91FFA87FB4FF49673F2
:10C9200009FB17A203FB0B4492B200FB0B44002A45
:10C930003FF42DAF0D3292B2ABE7436A6BB11B8867
:10C94000402B38BF4023BA7B387B019200220092F3
:10C950001146FFF77FFE044619E74023F3E77B7B90
:10C96000022B09D0032B0AD144F2902303614FF428
:10C970006D640CE700240AE74FF4856407E740F68E
:10C98000480404E7F7B50023DFF888C01F4F009381
:10C99000ADF804301E46984216BF0CEB83020A46DF
:10C9A000D26892B1013AA2FB0724A208052A28BF47
:10C9B000052202F108046C44964214F8085C05F163
:10C9C000010504F8085C38BF164601330E2BE2D18E
:10C9D00000230F4F6D4618461946741C15F8012B9D
:10C9E0002AB901339C42F9D8012003B0F0BD58B9EF
:10C9F00037F81360314489B2013A632992B2EFD912
:10CA0000002AF2D10120ECE70020EEE7E3361A001D
:10CA10004E8B0700B83B01202DE9F04F2DED028B26
:10CA2000444C08EE102A83B0A278D4F804B00190E8
:10CA30001E46A3680F4623FA02F80125464516D282
:10CA4000012D81BF012393400BFA03F34BEA030B43
:10CA50000123BB4000934FF0000AA2780123D21BB0
:10CA60005FFA8AF9934099451FDB00205DE00135AC
:10CA7000EDB2A6EB0806E1E703EB000E2BFA0EFE83
:10CA80001EF0010F1CBF0131C9B201305FFA80FEF8
:10CA9000AE45F1D30CF1010C00985FFA8CF38342A0
:10CAA00007DA93404B440020F0E74FF0000C61465A
:10CAB000F2E701BB607804EB00131B6D7BB9A6782D
:10CAC00060680021F61B4FF0010C0F46009ACBB2B4
:10CAD0009A421FDDB34003EB0902002314E098479C
:10CAE0005FFA8AF318EE101A324608FB030000F0D2
:10CAF000B3FB0028E3D00AF1010AAEE7D7180CFA1D
:10CB000007F73843013301275FFA83FE7545F5D8EF
:10CB10000131DBE70FB1074B5860019B043304EB95
:10CB20000313012083F80690587103B0BDEC028B0B
:10CB3000BDE8F08FB83B0120002340F6C4129042BC
:10CB400006D9400801338842DBB202D0042BF6D16B
:10CB500000231846704700002DE9F74F2D4CA678AA
:10CB6000D4F80890064429FA06FA40F6C3139A4509
:10CB700007464FF000054AD9F6B26560A670A84690
:10CB80004FF0010B94F84530B3B3D4E91213894543
:10CB900023D048460093FFF7CFFF009B012203E01C
:10CBA0000132D2B2A3EB0A035345F9D294F84630CE
:10CBB000BB4084F84630311ADBB20BFA00FE4FF06E
:10CBC000000C009101935FFA8CF3734514DA00991D
:10CBD0008B4001990B44002108E00020DEE7C818D3
:10CBE0000BFA00F048EA000801310125C8B2824280
:10CBF000F5D80CF1010CE6E7074B10349C42C1D18B
:10CC00000DB143F8DC8C012003B0BDE8F08F28465D
:10CC1000FAE700BFB83B0120983C01202DE9F74F0F
:10CC20005A4CA76805460E469046A7B9031D04EB6B
:10CC300003130122A160678062609F715A71607066
:10CC40002B1D04EB031304EB05141D719E60C4F847
:10CC50004C80012711E08F421AD14FF0040943465E
:10CC6000324600212846FFF7D7FE0028E8D109F117
:10CC7000FF3919F0FF0904D10027384603B0BDE899
:10CC8000F08F0120FFF768FF01280746E7D0F4E79F
:10CC900052D239463046FFF74FFF002848D063682C
:10CCA0000093A3784FF0010E00210EFA03F28740A3
:10CCB0000192A76061600EFA00FB8A460A46019F56
:10CCC0005FFA81FCBC451CDBBAF1000F01D02F4993
:10CCD0004A601844A0704FF00409434632460021D0
:10CCE0002846FFF799FE0028AAD109F1FF3919F06B
:10CCF000FF09C1D00120FFF72FFF01280746ECD024
:10CD0000BBE7009F27FA0CF7FF070FD54FF000098C
:10CD100006E09F4067440EFA07F73A434FF0010AD6
:10CD20005FFA89F75F4509F10109F2DB0131C6E7D6
:10CD3000E3780133E37083E782D93846FFF7FCFEDE
:10CD400081460028F4D0A07848451DD2A9EB000008
:10CD5000C0B2FFF701FF07464FF0040A012F8CD144
:10CD60004346324649462846FFF756FE00287FF4E0
:10CD700067AF0AF1FF3A1AF0FF0A3FF47DAF384679
:10CD8000FFF7EAFE0746E9E70127E5E7B83B0120A0
:10CD90002DE9F74F644C00F1040804EB0813A26876
:10CDA0005B79A5784FF00009002B00F0B68004EB0A
:10CDB000001322FA05F1DB6C01278B420AD204EB47
:10CDC000081A6668DAF808108A422BD100231A463E
:10CDD00001200CE00137FFB25B1AEEE79AF806205B
:10CDE0001A4400FA02F226EA020601330122D9B2FD
:10CDF0008F42F3D842BB04EB08180023012D616871
:10CE000088F8053073D9013DEDB20120A8401E46D7
:10CE1000DAB2824232DA520021FA02F2D2072AD47E
:10CE20000133F5E71046FFF787FE0028E3D04FF007
:10CE3000010C00222B1A0CFA00FE11460193D3B20A
:10CE4000734513DB0029D6D06660D4E79AF8061044
:10CE5000014419440CFA01F126EA010601330121CB
:10CE60005FFA83FB5F45F1D80132E8E70198834020
:10CE700018460023F4E70136F6B2D1E7002E3DD084
:10CE800000263246F3B298420ADD5B00013321FAF4
:10CE900003F3DB0701D40136F4E70132D2B2FAE73B
:10CEA0002ABB0023A57063609C461E464FF0010E0E
:10CEB000DDB2854224DBBCF1000F00D066600023A8
:10CEC000194A184692F84510DDB241B192F8461061
:10CED0004908002982F8461004BFA9460120013301
:10CEE0000E2B02F11002EDD108B184F801906368B5
:10CEF0000BB9A360A37003B0BDE8F08F0122D0E7A7
:10CF000002EB450721FA07F7FF0742BF0EFA05F5C6
:10CF10002E434FF0010C0133CAE7E378002BEAD02F
:10CF2000013BE370E7E700BFB83B0120012970B582
:10CF300011D90346012200241D6853F8046FB5423D
:10CF400038BF144602F1010238BF43E9016591423E
:10CF5000F2D1012C00D870BD2146EAE7F0B58FB0C0
:10CF6000012B0E46274B9DF8501042F2107530D120
:10CF7000AA42A6FB03744FEA940482BFA2FB0335C6
:10CF8000AB08B4FBF3F45443A04288BF34460023FB
:10CF90001D481D4699420BD000EB8302D2683AB17E
:10CFA0000DF1380C6F1C0CEB850545F8382CFDB2E3
:10CFB00001330E2BEED129466846FFF7B7FF00225A
:10CFC000954216D8B442234628BF334618460FB0C0
:10CFD000F0BDAA42A0FB03744FEA940482BFA2FBF7
:10CFE0000335AB08B4FBF3F45443A04288BFA41844
:10CFF000CDE750F8043BA34201D3B342E6D9013256
:10D00000DEE700BFE3361A00B83B012002484FF4C8
:10D010009272002126F064BCB83B0120074BA0FBB4
:10D020000332920842F210735A43824204D19A4268
:10D0300038BF1A461046704718467047E3361A0044
:10D0400073B50D460446194610462B4649F6404234
:10D0500042F21075012B18BF2A460094079EFFF775
:10D060007DFF054601462046FFF78CFC98B1069AE5
:10D0700029462046FFF7D2FD01280CD1074B08991D
:10D0800003EB041203EB840411651A78E5600132A6
:10D090001A7006B1356002B070BD00BFB83B012008
:10D0A00037B504460094084611461A460023FFF798
:10D0B00055FF054601462046FFF764FC70B1084B5A
:10D0C00003EB84032046DD60079B1D60FFF760FED5
:10D0D000069A29462046FFF7A1FD012003B030BD86
:10D0E000B83B012070470000054A831C02EB830314
:10D0F000002159601378013B1370FFF749BE00BF50
:10D10000B83B01202DE9F74F424C1746A378A2689F
:10D1100022FA03F92378012B88460BD804EB01137C
:10D120001C46DB6CA26C0146384603B0BDE8F04FEC
:10D1300000F0ECB8607804EB00131B6D63B30021C2
:10D1400098470646A3684BB308F1040204EB0212A9
:10D150005379012B22D19379494659430B4608BF95
:10D160009368F51808F1040804EB081639462846B8
:10D1700000F0FEFA002848D004EB0814394628468F
:10D1800000F0F6FAA368984242D83946284603B020
:10D19000BDE8F04F00F0ECBA3E46D3E7E578A27860
:10D1A00040F6A6630193013D0123EDB293404FF099
:10D1B000000AFDB9DFF85CB09BF8463053450FD14B
:10D1C0009BF84530012B0BD1DBF8503043B101A95E
:10D1D000E8B2984700F0ACFA019B32300344019367
:10D1E00001350E2D0BF1100BE6D1019BF51809FB53
:10D1F0000A55B7E70AF1010A5FFA8AFA013DEDB272
:10D200009A45A8BF4FF0000AD3E7B3681D44ADE7C5
:10D21000ED1AB3E7B83B012002489022002126F026
:10D220005FBB00BFDC3C012070B5064C050104EB80
:10D23000001001264370049B6655C0E90112C360CB
:10D2400070BD00BFDC3C0120024B000100221A54DB
:10D25000704700BFDC3C01202DE9F84F00EB020BCA
:10D2600080460E4600F064FA274C83444FF00009D4
:10D2700094F800A0BAF1010F5FFA89F50BD009F11B
:10D280000109B9F1090F04F11004F1D14FF0000ABE
:10D290005046BDE8F88FE368002BF0D06168B142DA
:10D2A00022D36068B04225D82846E36898470546EF
:10D2B0004146284600F05CFA10BBA368EF1800F066
:10D2C00037FA59460744284600F052FA0028D6D1CA
:10D2D0003946404600F04CFA0028D9D063689E4297
:10D2E00094BFAD19ED18E8E73046FFF725FC00289C
:10D2F000D7D1C4E73146FFF71FFC0028BFD0D3E7E2
:10D300006368ED1AD4E700BFDC3C01202DE9F04F43
:10D310002DED028BA1B0974D07930023CDE9093382
:10D3200006900391164601938DF82C300DF1240BD5
:10D33000174698461C464FF001092A78012A5FFAE1
:10D3400088FA40F09580EA68002A00F091806968C8
:10D35000B142C0F087806868B04205D93146FFF716
:10D36000EBFB002800F084806A68974228BF1746CC
:10D3700064B9EA6850469047AA68029002440C904B
:10D380000D928BF80090CDF804A0012408F101085B
:10D39000B8F1090F05F110050BF1010BCDD1002CEF
:10D3A00000F0BC80029B3B4408EE103A631E20AAAA
:10D3B000039302EBC3034FF0000953F84C8C6D4B01
:10D3C0000593CB464FF0FF0A5FFA89F3049309AB4C
:10D3D00013F80910E9B9059B0498D96888470546F0
:10D3E0000298294600F0C4F9002844D118EE101A1A
:10D3F000284600F0BDF900283FD1BAF1FF0F3ED01A
:10D400005846294600F0B4F9049B00281CBFAB46DF
:10D410009A46059B09F101091033B9F1090F0593EB
:10D42000D2D1BAF1FF0F3ED00AF180030DEB030118
:10D430004FF0010301F85C3C4E4B03EB0A154146EB
:10D440005846D5F8089000F093F9E0B120AB03EB13
:10D45000C401AB6841F850BC5B44013441F84C3C1A
:10D46000E4B2A3E73046FFF767FB00287FF473AF11
:10D470008BF800908AE73D44B2E7ED1BB6E7DDF894
:10D4800010A0AB46C5E709EB0B052846414600F066
:10D490006FF9039B20AA02EBC303002808BF45468F
:10D4A00043F84C5C82E7CCB10C9B019A07EB030973
:10D4B000304B03EB021A41464846DAF8085000F0B8
:10D4C00057F988B320AB03EBC402DAF8083042F80E
:10D4D000509C4B44013442F84C3CE4B200231D46BE
:10D4E0001A46013CD9B2A1422DDB079B5C0820AB58
:10D4F00003EBC202C4EB550452F84C3C1C440698A2
:10D50000214600F035F988BB069B1E443146204673
:10D5100000F02EF960BB069BE31A0393039821B039
:10D52000BDEC028BBDE8F08F4D442846414600F02B
:10D530001FF9039B20AA02EBC303002808BF45463E
:10D5400043F84C5CCAE720A80DF1800C00EBC10049
:10D550000CEBC10C50F8480C5CF84CCCA0EB0C0068
:10D5600085423CBF05460A460133BBE73C44C6E75B
:10D57000E41BCBE7DC3C012038B5084D182303FB46
:10D58000005304461B699847012385F8813085F8CC
:10D5900080402046BDE8384015F0ACB86C3D012015
:10D5A000014B1860704700BFF03D012008B515F031
:10D5B00049F8BDE8084002488422002126F090B9CD
:10D5C0006C3D0120014B5860704700BF6C3D01204D
:10D5D00038B5094C94F88130054623B915F050F858
:10D5E0002846FFF7C9FF182305FB03302044436892
:10D5F0000133436038BD00BF6C3D012010B50D4BB9
:10D60000182400FB044119444A68013A4A6093F81F
:10D61000811071B193F8801081420AD14AB904FB9C
:10D62000013183F8812049698847BDE8104015F031
:10D630002FB810BD6C3D012038B5184C002384F87C
:10D64000823094F881302060054683B194F88030B0
:10D650006A7D9A4214D0182202FB034300225B69C0
:10D6600084F88120984794F881304BB905E015F093
:10D6700007F894F88130002BE8D1687DFFF77CFF34
:10D680006B7D182202FB03439B680BB12846984729
:10D6900094F882300BB10023236038BD6C3D01202B
:10D6A00010B5064C206840B1437D182202FB0343AD
:10D6B000DB6803B198470023236010BD6C3D012057
:10D6C000014B1868704700BF6C3D0120034B1A687E
:10D6D00012B1012283F88220704700BF6C3D012007
:10D6E000014B93F8820070476C3D012010B5094C46
:10D6F000236833B15A7D182302FB0333E35803B187
:10D70000984700232360012384F882306368BDE8D2
:10D71000104018476C3D0120014B1B68188870476A
:10D72000F03D0120014B1B6898687047F03D0120D7
:10D73000014B1B68D8887047F03D01200B4B1B68DC
:10D740009B68834210B508D26FEA530484424FEAC3
:10D75000530203F1010101D8084410BD0A4482427A
:10D7600024BFC01A00F1FF30F7E700BFF03D0120F1
:10D7700038B50D46FFF7E2FF04462846FFF7DEFF07
:10D780000A4B1B689B6884424FEA530202F1010274
:10D7900004D9201A904228BF002038BD011B9142B5
:10D7A00023BF01331B19181A0020F6E7F03D0120B2
:10D7B00030B5054C182505FB0040C0E90212036195
:10D7C000039B436130BD00BF6C3D01201823024A1A
:10D7D00000FB0333D15070476C3D012020B9064A4D
:10D7E0001369013313617047022801BF024A53696C
:10D7F00001335361704700BFF43D012010B5084C60
:10D80000637A6168207A0C2202FB03430022626083
:10D810001B6A984720780121BDE8104011F0ACBD8B
:10D82000F43D0120094B70B50C4615460646002113
:10D830006822184626F054F806708481C58129466E
:10D840002046BDE8704001F057BF00BFF43D012005
:10D850002DE9F3411A4D6F6857BB6C7A04264FF0DF
:10D860000C08022C9ABF0134E4B2002408FB0453D4
:10D870008DF801705B6A0197ADF80270DBB101AA07
:10D880000DF102010DF101009847A0B101999DF839
:10D890000100696028726C72FFF7A0FF0B46BDF8AB
:10D8A00002209DF80110204601F014FFFFF7A6FFAB
:10D8B00002B0BDE8F081013E16F0FF06D1D1F7E7D6
:10D8C000F43D0120032830B506D8044C0C2505FB97
:10D8D0000040C0E90712436230BD00BFF43D0120A3
:10D8E000014B9861704700BFF43D0120034B59681C
:10D8F00011B90120FFF7ACBF704700BFF43D012014
:10D9000010B5044608461146FFF768FF032C08D8F7
:10D91000064B0C2202FB0433DB6913B1BDE8104057
:10D920001847BDE8104008460DF0DEBCF43D01206C
:10D930000B6803604160086003680BB15860704772
:10D94000004BFBE75C3E01204B6843600160486090
:10D9500043680BB118607047014B9860704700BF77
:10D960005C3E0120074A03689168814206D19360BA
:10D9700013B100225A6070475360704742685A6082
:10D98000136070475C3E012010B5044614F088FE19
:10D990000146A068FFF7ECFE0446FFF7C9FEA0426F
:10D9A0008CBF0020012010BD10B5044614F078FE95
:10D9B0000146A068FFF7DCFEB0F5967F2CBFA0F50E
:10D9C0009670002010BD10B5044614F069FE0146A3
:10D9D000A068FFF7CDFE003818BF012010BD000081
:10D9E00038B50546FFF7E0FF0D4B04465868A842DE
:10D9F0000CD1C72C06D916F0ABF92046BDE838404B
:10DA000016F08CB9BDE8384000F00ABB4268AA4263
:10DA100005D11B78012B02D1FFF7C6FFE9E738BD1E
:10DA20005C3E012038B5057D0B7D9D42044606D342
:10DA300007D142B19047231A5842584138BD0120BE
:10DA4000FCE70020FAE71046F8E70000034B1A78DD
:10DA500012B95868FFF798BF002070475C3E01205C
:10DA6000044A53685B68536013B100221A60704720
:10DA7000936070475C3E012070B5194D6C68034699
:10DA800094B1844212D12B7843BBFFF77DFF01286C
:10DA9000044609D116F05CF9FFF7E2FF6868D8B1D7
:10DAA000FFF782FF16F03AF9204670BD666886429D
:10DAB0000FD12A78012A0CD1FFF766FF012804460E
:10DAC000F2D116F045F93046FFF74CFF6B68586805
:10DAD000E5E71846FFF746FF0124E5E70024E3E702
:10DAE0005C3E0120F8B5044614F0DAFD234D0646ED
:10DAF000FFF71EFE6B680644A66043B9C5E9014402
:10DB0000C4E900332046BDE8F840FFF769BFE76885
:10DB1000FFF70EFE6B683E4499683044FFF728FE1D
:10DB200090B9FFF793FF78B169682046FFF700FFCF
:10DB3000E8E7D4E90267FFF7FBFD6B683E449968AC
:10DB40003044FFF715FEA0B16D68D5E90267FFF715
:10DB5000EFFD3E44A1683044FFF70AFE30B1D5E93D
:10DB60000267FFF7E5FD3E440644A6606B68002BA4
:10DB7000DFD129462046FFF7E7FEC3E75C3E0120E0
:10DB80002DE9F04788B004460F46FFF71CFF20B987
:10DB90000026304608B0BDE8F087DFF83891D9F8A4
:10DBA000045035B9C9E90144C4E90055012679E0BA
:10DBB0001D46D4E90268FFF7BBFD4644A96830441E
:10DBC000FFF7D6FD50B9D9F80430AB4201D1FFF7C9
:10DBD0003DFF29462046FFF7ABFEE7E7D5E902689F
:10DBE000FFF7A6FD4644A1683044FFF7C1FD0028B9
:10DBF00067D02E467368BBB931463A462046FFF7D8
:10DC000011FF012806460CD12F464FF000087B6813
:10DC10004DF82870EBB93846FFF72EFF012806466D
:10DC20002FD0002E3ED1B3E7D4E9028AFFF780FD62
:10DC30007368D04499684044FFF79AFD0028DBD010
:10DC40003A4631462046FFF7EDFE0028A0D0766820
:10DC5000D0E7D4E9026AFFF76BFD7B685644996808
:10DC60003044FFF785FD0028D5D03846FFF704FF84
:10DC700000288DD008F10108B8F1080F7F68C6D1DF
:10DC800086E7796891B12046FFF752FE6D4608F1AC
:10DC90000108002755F8040BC36903B19847013701
:10DCA0004745F7D12046FFF79BFE72E7296819B177
:10DCB0002046FFF749FEE9E7C9E90144C4E900113C
:10DCC000E4E76B68002B7FF473AF29462046FFF72B
:10DCD0003BFE6BE75C3E01202DE9F0478668731838
:10DCE000836004460F469046FFF76DFE054670B907
:10DCF000FFF718FD40080130404501D0A66011E053
:10DD000014F0CEFC0546FFF713FD2844A060314D0A
:10DD10006B6853B9C5E90144C4E900332046FFF7F5
:10DD20005FFE01252846BDE8F087A1689868FFF7E7
:10DD30001FFD90B1D4E9029AFFF7FAFC6B68D14459
:10DD400099684844FFF714FD38B9FFF77FFE20B10A
:10DD500069682046FFF7ECFDE0E7AB68D3E9029A7B
:10DD6000FFF7E6FCD144A1684844FFF701FD80B904
:10DD7000A9682046FFF7E8FDD0E7D4F80CA0FFF72C
:10DD8000D7FC6B68D14499684844FFF7F1FC002840
:10DD9000DED06D68002DB1D0D5E9029AFFF7C8FC3E
:10DDA000D144A1684844FFF7E3FC30B1D5E9029AB9
:10DDB000FFF7BEFCD1444844A060D4F808906A68DC
:10DDC000A9EB06039F42E4D89845E2D3002AD4D1B8
:10DDD0002946CEE75C3E01202DE9F0473B4D8668A1
:10DDE000D5F80880B3180446894617468360B8F111
:10DDF000000F0CD1FFF7E7FDF0B1C5E90144C4E91C
:10DE000000882046FFF7ECFD0120BDE8F087D8E947
:10DE100002A8FFF78DFCC244A1685044FFF7A8FC9C
:10DE200040B92046FFF7CFFD30B1A9682046FFF783
:10DE30008BFDE6E7AD6815B9A6600020E5E72B6825
:10DE40001BBBD5F80880D4F80CA0FFF771FCA8EB39
:10DE50000A083146A8EB0000FFF78AFCB84228BF49
:10DE6000384631188145A1602ED8A868FFF780FC9C
:10DE700050B32046FFF7A7FD30B3FFF7E7FD18B317
:10DE800029462046FFF754FDBBE7D3E9028AFFF796
:10DE90004FFCD0444044A0602046FFF794FD00288A
:10DEA000CAD0A0683146FFF763FC48450CD38742CF
:10DEB0000AD3D4E9028AFFF73BFCD044A968404466
:10DEC000FFF756FC0028DBD02D68B4E75C3E01204C
:10DED00070B5244E72680546134613B900242046D7
:10DEE00070BD9D4221D05B68F7E7FFF7EFFBF5E7D8
:10DEF000FFF7ECFB002CF1D02DE05368AB42284635
:10DF00000FD13378012B0CD1FFF73EFD01280446D9
:10DF1000F0D115F01DFF2846FFF724FD73685868FF
:10DF200013E0FFF71FFD012415E09542E5D133789A
:10DF3000002BDAD12846FFF727FD01280446D7D168
:10DF400015F006FFFFF78CFD70680028EBD0FFF797
:10DF50002BFD15F0E3FEEB69002BC0D02846984757
:10DF6000BDE700BF5C3E0120074B10B55C688442F2
:10DF700009D1FFF76BFD30B115F0EAFE2046BDE890
:10DF80001040FFF72DBD10BD5C3E012010B50446CA
:10DF900014F086FB0146A068FFF7EAFB0446FFF792
:10DFA000C7FB0F30A0428CBF0020012010BD000035
:10DFB00010B5044C0221A07811F0DEF9637801332A
:10DFC000637010BD5C3E012010B5044C0121A078A7
:10DFD00011F0D2F963780133637010BD5C3E01200B
:10DFE00038B5054614F05CFB0146A868FFF7C0FB96
:10DFF000044670B1094C2846FFF71EFB002323821C
:10E00000FFF76EFB38B16478003C18BF0124FFF7BE
:10E0100047FB204638BD0124FBE700BF5C3E0120E2
:10E02000024B0821987811F0A7B900BF5C3E01208F
:10E03000034B0022C3E901221A70DA605A6170476B
:10E040005C3E012008B518220548002125F048FC57
:10E05000FFF7EEFF0348BDE8084015F031BE00BFF2
:10E060005C3E0120E1E0040010B50446FFF7EAFF42
:10E07000034B04489C70BDE81040FFF7A3BA00BFF3
:10E080005C3E0120C9DF040010B50C4C63685B687E
:10E090000BB9012010BDFFF703FBA078042111F09C
:10E0A0006BF96378013363700123237063685868E8
:10E0B000FFF796FF0028ECD12070EBE75C3E0120D3
:10E0C00010B5064C606808B9012010BD012323700B
:10E0D000FFF786FF0028F7D12070F6E75C3E0120AD
:10E0E00073B5224C6378656883B1A078082111F07C
:10E0F00043F96269238A013201336261E2899BB28A
:10E100009A42238200D2E38102B070BD2378E3B942
:10E11000FFF7D6FF08B9FFF74BFF6C68002CF3D070
:10E1200014F0BEFA0146A068FFF722FBB0F5967F17
:10E1300017D3B0F59670019013D015F009FE019831
:10E1400002B0BDE8704015F0E9BD6E682B7D327DF0
:10E150009A42CAD2FFF798FF08B9FFF729FF7468FF
:10E16000DCE702B0BDE87040FFF75ABF5C3E01201B
:10E170002DE9F041044614F093FA244D07464FF080
:10E1800000084CB914F08CFA3946FFF7F1FAAB8964
:10E19000834238BFA88102E06E6816B92E80BDE8C0
:10E1A000F081E0070ED585F80080FFF759FCB369D0
:10E1B0000BB1304698476B78013B6B7024F001043B
:10E1C000A4B2DEE7A1070BD5FFF74AFCF3690BB158
:10E1D000304698476B78013B6B7024F00204EFE700
:10E1E00062070BD5FFF73CFCB3690BB1304698478B
:10E1F0006B78013B6B7024F00404E1E72307C0D582
:10E20000FFF76EFF24F00804DAE700BF5C3E012050
:10E210000020704730B5002310C920CA641910C00F
:10E2200010C920CA6C4110C010C920CA6C4110C06E
:10E2300010C920CA6C4110C010C920CA6C4110C05E
:10E2400010C920CA6C4110C010C920CA6C4110C04E
:10E2500010C920CA6C4110C05B41184630BD30B5B2
:10E26000002310C920CA641B10C010C920CAAC41C9
:10E2700010C010C920CAAC4110C010C920CAAC419E
:10E2800010C010C920CAAC4110C010C920CAAC418E
:10E2900010C010C920CAAC4110C010C920CAAC417E
:10E2A00010C05B41B3FA83F0400930BD2022002149
:10E2B00025F016BB031F1C3053F8042F1AB98342F4
:10E2C000FAD10120704700207047002351F8232025
:10E2D00040F823200133082BF8D1704710B500F126
:10E2E0002003203153F8044D51F8042D944204D8F2
:10E2F00005D38342F6D1002010BD0120FCE74FF08A
:10E30000FF30F9E700F120030022834200D170477B
:10E3100053F8041D42EA51021A60CA07F5E70000EB
:10E32000F0B589B0FFF7D1FFCB6A03930B6B049371
:10E330004B6B05938B6B06930C4606460027CB6B05
:10E3400007936A4669466846CDE901770097FFF76B
:10E3500061FF6A46054631463046FFF75BFF236B97
:10E360000393636B0493A36B0593E36B05446A46C5
:10E3700069466846CDE90637FFF74CFF6A46054413
:10E3800031463046FFF746FF236A0093636A0193E4
:10E39000A36A0293A36B06930544E36B07936A4653
:10E3A00031463046CDE904770397FFF733FF636AC0
:10E3B0000093A36AA26B0193E36A02930492636BD6
:10E3C000E26B0393CDE905230544236A07936A466C
:10E3D00031463046FFF71EFFE36A0093236B01933B
:10E3E000636B0293236A06930544A36A07936A4604
:10E3F00031463046CDE904770397FFF730FF236BB2
:10E400000093636B0193A36B0293E36B0393636AC3
:10E4100006932D1AE36A07936A4631463046CDE9E2
:10E420000477FFF71CFF636B0093A36B0193E36B0F
:10E430000293236A0393636A0493A36A2D1ACDE9B6
:10E4400005376A46236B079331463046FFF707FFCF
:10E45000A36B0093E36BCDE90137636A0393A36A6F
:10E460000493E36A2D1ACDE905376A46636B079377
:10E4700031463046FFF7F3FE2D1A0C4C0DD42DB962
:10E4800031462046FFF72AFF01280DD022463146AB
:10E490003046FFF7E4FE2D1AF1E7224631463046BA
:10E4A000FFF7B8FE2D18F8D409B0F0BDDC8B0700DB
:10E4B0002DE9F04F91B007EE900A684600F1180080
:10E4C00002F1180218C9C0CAA3FB06BC40F804BB7D
:10E4D0004FF0000AA3FB07B91CEB0B0C49F1000934
:10E4E000A4FB06BE1CEB0B0C59EB0E094AF1000A0B
:10E4F00040F804CBA4FB07CE19EB0C094AEB0E0A3B
:10E50000A0E80006A0F11C00A2F11402B2E8C001CC
:10E5100020C9A3FB06BC40F804BB4FF0000AA3FBD4
:10E5200007B91CEB0B0C49F10009A4FB06BE1CEB60
:10E530000B0C59EB0E094AF1000A40F804CB4FF0DE
:10E54000000BA3FB08CE19EB0C095AEB0E0A4BF19A
:10E55000000BA4FB07CE19EB0C095AEB0E0A4BF18A
:10E56000000BA5FB06CE19EB0C095AEB0E0A4BF17A
:10E57000000B40F8049B08C94FF0000CA4FB08E90D
:10E580001AEB0E0A5BEB090B4CF1000CA5FB07E93B
:10E590001AEB0E0A5BEB090B4CF1000CA3FB06E92E
:10E5A0001AEB0E0A5BEB090B4CF1000CD0F800E003
:10E5B0001AEB0E0A5BF1000B4CF1000C40F804ABB7
:10E5C00010C94FF0000EA5FB089A1BEB090B5CEB82
:10E5D0000A0C4EF1000EA3FB079A1BEB090B5CEB38
:10E5E0000A0C4EF1000EA4FB069A1BEB090B5CEB28
:10E5F0000A0C4EF1000ED0F800901BEB090B5CF1F9
:10E60000000C4EF1000E40F804BB40CA4FF0000968
:10E61000A5FB06AB1CEB0A0C5EEB0B0E49F10009E7
:10E62000A3FB08AB1CEB0A0C5EEB0B0E49F10009D7
:10E63000A4FB07AB1CEB0A0C5EEB0B0E49F10009C7
:10E64000D0F800A01CEB0A0C5EF1000E49F10009A5
:10E6500040F804CB80CA4FF0000AA5FB07BC1EEBB4
:10E660000B0E59EB0C094AF1000AA3FB06BC1EEB8A
:10E670000B0E59EB0C094AF1000AA4FB08BC1EEB77
:10E680000B0E59EB0C094AF1000AD0F800B01EEB52
:10E690000B0E59F100094AF1000A40F804EB4FF063
:10E6A000000BA3FB07CE19EB0C095AEB0E0A4BF13A
:10E6B000000BA4FB06CE19EB0C095AEB0E0A4BF12A
:10E6C000000B40F8049BA4FB07E91AEB0E0A4BEB86
:10E6D000090BA0E8000CA0F13400A1F11401A2F193
:10E6E000200238C9B2E8C001A3FB06BC40F804BB55
:10E6F0004FF0000AA3FB07B91CEB0B0C49F1000912
:10E70000A4FB06BE1CEB0B0C59EB0E094AF1000AE8
:10E7100040F804CB4FF0000BA3FB08CE19EB0C091B
:10E720005AEB0E0A4BF1000BA4FB07CE19EB0C09B8
:10E730005AEB0E0A4BF1000BA5FB06CE19EB0C09A8
:10E740005AEB0E0A4BF1000B40F8049B08C94FF03E
:10E75000000CA4FB08E91AEB0E0A5BEB090B4CF169
:10E76000000CA5FB07E91AEB0E0A5BEB090B4CF159
:10E77000000CA3FB06E91AEB0E0A5BEB090B4CF14C
:10E78000000CD0F800E01AEB0E0A5BF1000B4CF124
:10E79000000C40F804AB10C94FF0000EA5FB089A1E
:10E7A0001BEB090B5CEB0A0C4EF1000EA3FB079A66
:10E7B0001BEB090B5CEB0A0C4EF1000EA4FB069A56
:10E7C0001BEB090B5CEB0A0C4EF1000ED0F800902D
:10E7D0001BEB090B5CF1000C4EF1000E40F804BB82
:10E7E00020C94FF00009A3FB08AB1CEB0A0C5EEB41
:10E7F0000B0E49F10009A4FB07AB1CEB0A0C5EEB06
:10E800000B0E49F10009A5FB06AB1CEB0A0C5EEBF5
:10E810000B0E49F10009D0F800A01CEB0A0C5EF1C8
:10E82000000E49F1000940F804CB08C94FF0000A76
:10E83000A4FB08BC1EEB0B0E59EB0C094AF1000AB5
:10E84000A5FB07BC1EEB0B0E59EB0C094AF1000AA5
:10E85000A3FB06BC1EEB0B0E59EB0C094AF1000A98
:10E86000D0F800B01EEB0B0E59F100094AF1000A76
:10E8700040F804EB10C94FF0000BA5FB08CE19EBD4
:10E880000C095AEB0E0A4BF1000BA3FB07CE19EB58
:10E890000C095AEB0E0A4BF1000BA4FB06CE19EB48
:10E8A0000C095AEB0E0A4BF1000BD0F800C019EB23
:10E8B0000C095AF1000A4BF1000B40F8049B40CAC6
:10E8C0004FF0000CA5FB06E91AEB0E0A5BEB090BF7
:10E8D0004CF1000CA3FB08E91AEB0E0A5BEB090BE9
:10E8E0004CF1000CA4FB07E91AEB0E0A5BEB090BD9
:10E8F0004CF1000CD0F800E01AEB0E0A5BF1000BB3
:10E900004CF1000C40F804AB80CA4FF0000EA5FBA0
:10E91000079A1BEB090B5CEB0A0C4EF1000EA3FBF4
:10E92000069A1BEB090B5CEB0A0C4EF1000EA4FBE4
:10E93000089A1BEB090B5CEB0A0C4EF1000ED0F8A9
:10E9400000901BEB090B5CF1000C4EF1000E40F83F
:10E9500004BB52F8048B4FF00009A5FB08AB1CEB7D
:10E960000A0C5EEB0B0E49F10009A3FB07AB1CEB95
:10E970000A0C5EEB0B0E49F10009A4FB06AB1CEB85
:10E980000A0C5EEB0B0E49F10009D0F800A01CEB5D
:10E990000A0C5EF1000E49F1000940F804CB40CAB0
:10E9A0004FF0000AA5FB06BC1EEB0B0E59EB0C0941
:10E9B0004AF1000AA3FB08BC1EEB0B0E59EB0C0935
:10E9C0004AF1000AA4FB07BC1EEB0B0E59EB0C0925
:10E9D0004AF1000AD0F800B01EEB0B0E59F1000905
:10E9E0004AF1000A40F804EB80CA4FF0000BA5FB87
:10E9F00007CE19EB0C095AEB0E0A4BF1000BA3FBE7
:10EA000006CE19EB0C095AEB0E0A4BF1000BA4FBD6
:10EA100008CE19EB0C095AEB0E0A4BF1000BD0F89B
:10EA200000C019EB0C095AF1000A4BF1000B40F839
:10EA3000049B4FF0000CA3FB07E91AEB0E0A5BEBFB
:10EA4000090B4CF1000CA4FB06E91AEB0E0A5BEB78
:10EA5000090B4CF1000C40F804ABA4FB079A1BEB2C
:10EA6000090B4CEB0A0CA0E8001817EE900A694657
:10EA7000FFF756FC11B0BDE8F08F2DE9F04F91B0D3
:10EA800007EE900A68460CC901F1100160C900F157
:10EA90001800A2FB058940F8048BA2FB06CA19EBFB
:10EAA0000C094AF1000A40F8049BA3FB06891AEB03
:10EAB000080A49F1000BA0E8000CA0F12800A1F120
:10EAC0002001FCC9A2FB02BC40F804BB4FF00009C6
:10EAD000A2FB03AB1CEB0A0C5BF1000849F1000937
:10EAE0001CEB0A0C58EB0B0849F1000940F804CB69
:10EAF0004FF0000AA2FB04BC1BEB0B0B5CEB0C0CF5
:10EB00004AF1000A18EB0B0859EB0C094AF1000A0C
:10EB1000A3FB03BC18EB0B0859EB0C094AF1000AE4
:10EB200040F8048B4FF0000CA2FB058BDE46E3FBA4
:10EB3000048BDE4588BF4CF1000C18EB08085BEB3A
:10EB40000B0B4CEB0C0C18EB09085BEB0A0B4CF1B4
:10EB5000000C40F8048B4FF0000AA2FB0689CE4659
:10EB6000E3FB0589CE4588BF4AF1000A18EB080887
:10EB700059EB09094AEB0A0ACE46E4FB0489CE4563
:10EB800088BF4AF1000A18EB0B0859EB0C094AF14F
:10EB9000000A40F8048B4FF0000CA2FB078BDE4606
:10EBA000E3FB068BDE4588BF4CF1000CDE46E4FB40
:10EBB000058BDE4588BF4CF1000C18EB08085BEBB9
:10EBC0000B0B4CEB0C0C18EB09085BEB0A0B4CF134
:10EBD000000C40F8048B04C94FF0000AA3FB07891E
:10EBE000CE46E4FB0689CE4588BF4AF1000AD0F83C
:10EBF00000E018EB0E0859F100094AF1000A18EB81
:10EC0000080859EB09094AEB0A0ACE46E5FB0589D3
:10EC1000CE4588BF4AF1000A18EB0B0859EB0C09E6
:10EC20004AF1000A40F8048B4FF0000CA3FB028B62
:10EC3000DE46E4FB078BDE4588BF4CF1000CDE4668
:10EC4000E5FB068BDE4588BF4CF1000CD0F800E0F8
:10EC500018EB0E085BF1000B4CF1000C18EB0808E8
:10EC60005BEB0B0B4CEB0C0C18EB09085BEB0A0B8A
:10EC70004CF1000C40F8048B08C94FF0000AA4FBCB
:10EC80000289CE46E5FB0789CE4588BF4AF1000AD6
:10EC9000D0F800E018EB0E0859F100094AF1000A1B
:10ECA00018EB080859EB09094AEB0A0ACE46E6FBBD
:10ECB0000689CE4588BF4AF1000A18EB0B0859EBCC
:10ECC0000C094AF1000A40F8048B4FF0000CA4FB39
:10ECD000038BDE46E5FB028BDE4588BF4CF1000C62
:10ECE000DE46E6FB078BDE4588BF4CF1000CD0F812
:10ECF00000E018EB0E085BF1000B4CF1000C18EB78
:10ED000008085BEB0B0B4CEB0C0C18EB09085BEBEE
:10ED10000A0B4CF1000C40F8048B4FF0000AA5FBE5
:10ED20000389CE46E6FB0289CE4588BF4AF1000A38
:10ED300018EB080859EB09094AEB0A0ACE46E7FB2B
:10ED40000789CE4588BF4AF1000A18EB0B0859EB3A
:10ED50000C094AF1000A40F8048B4FF0000CA6FBA6
:10ED6000038BDE46E7FB028BDE4588BF4CF1000CCF
:10ED700018EB08085BEB0B0B4CEB0C0C18EB0908C1
:10ED80005BEB0A0B4CF1000C40F8048B4FF00008D1
:10ED9000A7FB031A49185AEB0A0A48F100081BEBB3
:10EDA000010B5CEB0A0C48F10008A2FB021A1BEBFA
:10EDB000010B5CEB0A0C48F1000840F804BB4FF073
:10EDC000000BA2FB031A49185AEB0A0A4BF1000B7D
:10EDD0001CEB010C58EB0A084BF1000B40F804CB7C
:10EDE000A3FB031A18EB01085BEB0A0BA0E8000970
:10EDF00017EE900A6946FFF793FA11B0BDE8F08F5D
:10EE000070B588B006460D46684611461446FFF7B1
:10EE100034FE6A4631463046FFF74AFB22466946D1
:10EE20006846FFF745FB6A4629462846FFF740FB40
:10EE300008B070BD0B1F1C3153F8042F120E02775F
:10EE40005A8842771A68120A82771A68C2778B4208
:10EE5000A0F10400F0D1704701F11C0304381A68D6
:10EE60008B4212BA40F8042FA3F10403F7D1704784
:10EE700008B50146FFF71EFA30B101F12000FFF797
:10EE800019FA003818BF012008BD000010B504466B
:10EE9000FFF7E5F930B121462046034ABDE81040AE
:10EEA000FFF7B8B910BD00BFDC8B0700F0B5144602
:10EEB00089B006460F460246214668461D46FFF7C2
:10EEC000E5FF69466846FFF7D8FD6A463146304699
:10EED000FFF7EEFA6A4621462046FFF7E9FA3A467E
:10EEE00029462846FFF7D2FF29466846FFF7C5FDA9
:10EEF000324669466846FFF7C9FF224669466846BA
:10EF0000FFF7C4FF324621462046FFF7BFFF2246E7
:10EF100039463846FFF7CCFA6A4631462046FFF7B5
:10EF2000B5FF224629462846FFF7C2FA3A46294647
:10EF30002846FFF7ABFF69462046FFF7C6F909B040
:10EF4000F0BD000010B50446FFF764F928B9074981
:10EF50002046FFF7C3F9002806DB21462046034A76
:10EF6000BDE81040FFF77BB910BD00BFDC8B070088
:10EF7000F0B5144699B005460F460246214668464C
:10EF80001E46FFF783FF69466846FFF776FD6A462F
:10EF900029462846FFF78CFA6A4621462046FFF7A5
:10EFA00087FA3A4631466846FFF7CCFF3A46314683
:10EFB0003046FFF76BFF2A46214608A8FFF766FF99
:10EFC00008AA39463846FFF773FA2246294608A8A8
:10EFD000FFF7B8FF31462046FFF74FFD08AA21464C
:10EFE0002046FFF753FF2246294610A8FFF74EFFA1
:10EFF00010AA31463046FFF75BFA3A4631463046B2
:10F00000FFF744FF694610A8FFF737FD10A908AACB
:10F010000846FFF73BFF2A4610A908A8FFF736FF6E
:10F0200008A96A460846FFF743FA3A4608A938464F
:10F03000FFF72CFF10A92846FFF747F919B0F0BDDC
:10F040002DE9F04F9246ABB00278DDF8D08004464F
:10F050000F46042A00F25E81DFE812F00500B300DB
:10F06000D200F9000F0100F124055146284604F1B1
:10F070006406FFF72AF90AF120013046FFF725F967
:10F08000271D04F14409B8F1000F00F090804146BB
:10F0900012A8FFF71AF929463846FFF716F9314644
:10F0A0004846FFF712F9284612AAFFF7A9FE12A850
:10F0B000FFF700F900286CD131461AA8FFF7DDFCF4
:10F0C0001AAA294622A8FFF7F3F91AA90846FFF75A
:10F0D000D4FC12AA31463046FFF7EAF912A90846D5
:10F0E000FFF7CBFC12AA29462846FFF72BFF12AAEE
:10F0F00011461046FFF726FF12AA10462946FFF7D1
:10F10000C5FE12AA29462846FFF7D2F92A46294603
:10F1100012A8FFF717FF294612AA2846FFF712FF89
:10F12000636AD90749D5C04A29462846FFF772F8CD
:10F1300080462846FFF7E6F8236C43EAC873236449
:10F14000294612A8FFF799FC12A9084622AAFFF740
:10F150009DFE12A9084622AAFFF798FE22A908469A
:10F1600012AAFFF793FE22AA29462846FFF7A0F924
:10F170001AAA10462946FFF789FE12A92846FFF76A
:10F18000A4F8314612A8FFF7A0F81AA93046FFF7F5
:10F190009CF812AA49463846FFF732FEFF23C4F80E
:10F1A00084300123237000202BB0BDE8F08F12A81B
:10F1B000FFF77CF8012312936DE72846FFF7A2F8CA
:10F1C000BEE7D0F884205011012153F8203002F01E
:10F1D0001F0201FA02F21A420CBF0A460022881AE4
:10F1E0004001520102F1440300F1440104320430B1
:10F1F0002344224421442044FFF7BAFE0223D1E7EE
:10F20000D0F884205011012153F8203002F01F0261
:10F2100001FA02F21A420CBF0A46002250018A1A71
:10F22000520102F1440300F144010432043023444A
:10F23000224421442044FFF739FED4F88430013BB6
:10F24000002BC4F88430CCBF01230323AAE71A683B
:10F2500002F00100D24302F001024001520102F12A
:10F26000440300F144010432043023442244214485
:10F270002044FFF77DFE042394E71D68EE4305F06C
:10F280000105023500F104096D0100F124014A462F
:10F2900002A805F10408FFF7F9FDA04402A90846F9
:10F2A0004246FFF705F902A908465246FFF700F962
:10F2B00002A806F00106FEF7FDFF68B302A8FEF7FC
:10F2C000F5FF02A908460AF12002FFF7F1F83C3DDC
:10F2D00002A96219084676010192FFF7E9F806F1E2
:10F2E000440104364346019A2144A01904F144051F
:10F2F000FFF7DCFD02AA29464846FFF781FD494693
:10F300003846FEF7E2FF294607F12000FEF7DDFF51
:10F3100005232370012047E702A90AA8FEF7D5FFBD
:10F320004149DFF804B112A8FEF7CFFF1AA8FEF793
:10F33000BDFF012322A81A93FEF7B8FF12A90AA85D
:10F34000FEF7CCFF20B91AA902A8FEF7BEFFB8E766
:10F350000A9BDA0718D40AA8FEF7D4FF1A9810F00F
:10F36000010305D01AA95A460846FEF753FF034683
:10F370001AA80193FEF7C6FF019B002BDED0219B4C
:10F3800043F000432193D9E7129BDB0718D412A85E
:10F39000FEF7B8FF229810F0010305D022A95A46C3
:10F3A0000846FEF737FF034622A80193FEF7AAFF9F
:10F3B000019B002BC2D0299B43F000432993BDE75A
:10F3C000002818DD0AA912AA0846FEF748FF0AA875
:10F3D000FEF798FF22A91AA8FEF780FF002804DA9A
:10F3E0001AA95A460846FEF715FF1AA922AA084686
:10F3F000FEF735FFB2E712A90AAA0846FEF72FFF6B
:10F4000012A8FEF77FFF1AA922A8FEF767FF0028BF
:10F4100004DA22A95A460846FEF7FCFE22A91AAAD7
:10F420000846FEF71CFFB5E7DC8B0700014B1860B0
:10F43000704700BF64630020074B10B500210446ED
:10F440004FF4BC72184624F04BFA21460430BDE854
:10F450001040FFF701BD00BF743E01202DE9F341CC
:10F46000294D2B78012B2BD0022B40D0002B48D1DB
:10F47000281DFEF71FFF044618B1002002B0BDE8AA
:10F48000F0812248291DFEF729FF01280646F4D104
:10F4900005F164071D4AC5F8A47005F18408291D0B
:10F4A0003846C5F8A880FEF7B5FE184AC5F8AC0086
:10F4B00039464046FEF7AEFE85F8B0402E70DCE7D8
:10F4C000D5F8AC30124AB3FA83F35B0905EB83033A
:10F4D00000240094D3F8A43005F1240105F1B00014
:10F4E000FFF7AEFD0028C8D002232B70C5E705F159
:10F4F0002400FFF7BDFC10B100202870BEE70323F5
:10F500002B700120BAE700BF743E0120BC8B0700BE
:10F510005C8B070038B5094D04460846291DFFF7E6
:10F5200089FC05F124012046FFF784FC05F1440124
:10F5300004F12000BDE83840FFF77CBC743E012098
:10F5400010B5A8B0014618A8FFF786FC203120A806
:10F55000FFF782FC18A8FFF78BFC0446002833D184
:10F560001A4818A9FEF7BAFE01282AD1174820A97F
:10F57000FEF7B4FE012824D120A96846FFF77DFAE2
:10F580001C22214611A824F0ABF9032318A908A8CE
:10F590001093FFF772FA08A9084610AAFFF776FC45
:10F5A00008A9084618AAFEF783FF08A90846084AD2
:10F5B000FFF7C8FC08A96846FEF790FEB0FA80F491
:10F5C0006409204628B010BD0024FAE7DC8B070050
:10F5D0009C8B07002DE9F0414FF4BC7206460F46A4
:10F5E0001E481E4DDFF88080002124F079F9402468
:10F5F000D8F8003019482021984758B32846FEF71C
:10F6000059FE38BB2D62164C39462046FFF724FCC4
:10F610003146A4F18000FFF71FFC06F12001A4F1A0
:10F620006000FFF719FC04F120060E4AC5F8E4401B
:10F6300021462046C5F8E860FEF7ECFD094AC5F80A
:10F64000EC0021463046FEF7E5FD002385F8F0305A
:10F65000BDE8F081013CCBD1D5E700BF743E01206D
:10F66000183F0120BC8B07006463002007B50B48DE
:10F67000D0F8EC30026A0092B3FA83F35B0900EB36
:10F68000830300F1240200F16401D3F8E430F03088
:10F69000FFF7D6FC03B05DF804FB00BF743E012009
:10F6A0000149FFF7C7BB00BFD83E0120022910B5B2
:10F6B00014461A4608D0052908D0012908D100218E
:10F6C000FEF71EF9204610BD0121F9E70321F7E7F7
:10F6D0000020F8E70139C9B2022910B405D8054C59
:10F6E000615C5DF8044B12F09BBF00205DF8044B99
:10F6F000704700BFFC8B070070470000064A0523D7
:10F70000118A814206D0013B13F0FF0302F11C0273
:10F71000F6D11A4610467047F03F012010B5094B4C
:10F7200005224FF6FF711C8A8C4204D100221882F8
:10F73000DA751A8310BD013A12F0FF0203F11C03BF
:10F74000F1D1F7E7F03F0120427E013208B5427661
:10F750000FF03FFD034A92F8BA3013B1013B82F833
:10F76000BA3008BDF03F012038B5044600282FD13B
:10F770001C4C05234FF6FF72218A914201D0A17DD6
:10F7800031BB013B13F0FF0304F11C04F4D1002052
:10F7900038BD658A002DFAD0638A228A5B1B63829A
:10F7A00063681A70238A62681B0A43F0100353705F
:10F7B00063689D7063682A0ADA7061682046FFF703
:10F7C000C3FF638A13B163682B4463600120DFE7E2
:10F7D000658A01F075F98542DBD301F071F90546C0
:10F7E000D8E700BFF03F012070B50E46044615462D
:10F7F00001F066F9B04217D22B18C4E90053361A4B
:10F8000001236682A375A870000AE8702946204685
:10F81000FFF79AFF074D95F8BA3023B12046FFF75E
:10F82000A3FF0028F7D170BD29462046BDE87040EF
:10F83000FFF78ABFF03F01202DE9F3411B4D95F8FA
:10F84000BA3040B1184495F8BB30C0B2984228BFD6
:10F85000184685F8BA00164F95F8BA3013B902B0B9
:10F86000BDE8F0810020FFF77FFF0028F4D10DF103
:10F87000070138460BF051FD04460028EFD04378CD
:10F88000867890F80380007800EB032080B2FFF7C1
:10F8900035FF30B106EB0821224689B2FFF7A4FFFD
:10F8A000DAE720460BF020FDD6E700BFF03F01204D
:10F8B0009840012038B5104C0523228A824214D189
:10F8C000206818B10BF010FD00232360A06800250C
:10F8D000A57510B10BF008FDA5604FF6FF73607EB3
:10F8E0002382BDE83840FFF7A7BF013B13F0FF03B9
:10F8F00004F11C04E1D138BDF03F01202DE9F041B5
:10F90000437890F80080867808EB032808F4405785
:10F91000C378C8F30B080546404606EB0326FFF7FD
:10F92000EDFEB6B2044638B9002628460BF0DCFCE2
:10F9300035462846BDE8F081B7F5005F3DD18068C7
:10F9400018B10BF0D1FC0023A360032EECD96B7926
:10F950002F79274A07EB0327B2F8B420BFB2FB1C6C
:10F960009342E1DAB342E4DB07F10800002180B200
:10F970000BF0B6FCA0600028D6D0431CE36080F8F2
:10F980000080E3684FEA18285A1CE26083F8008080
:10F99000E36804375A1CE2601F70E3685A1CE26097
:10F9A0003A121A70E0683246291D23F09BFEE36884
:10F9B000BF1B3344E360A782B6E7B7F5805FB3D1DE
:10F9C0008368002BB0D0838AB342ADD3C06832467F
:10F9D000291D23F087FEE3683344E360A38A9B1B61
:10F9E0009BB2A382002B9FD1A668A3609DE700BFB6
:10F9F000F03F01200F4B4FF6FF721A829A85A3F851
:10FA00004820A3F86420A3F880204FF0FF32C3E918
:10FA10002322C3F894201B22A3F8B42040F205123D
:10FA20000021A3F8B820C3E92A11C3F8D81000F0C8
:10FA3000B3BF00BFF03F0120024B012283F8212019
:10FA40000FF06EBC14490120014BA3F8B4007047BD
:10FA5000F03F012030B5074DD5E9004322B12043E6
:10FA60001943C5E9000130BD24EA000023EA010181
:10FA7000F7E700BF686300202DE9F041437806787E
:10FA80008478C77806EB0326B6B280463046FFF787
:10FA900035FE054668B304EB0724194F07F1A800AB
:10FAA0000BF0BEFCA4B24246F0B197F8BA30DBB11D
:10FAB00021462846FFF798FE01F002F82A7E013C15
:10FAC00094FBF0F301331344DBB22B7697F8B820A4
:10FAD0009A4213D8EB7D8BB90A4B0121E975304668
:10FAE0005B69BDE8F0411847074800210BF0FFFBB8
:10FAF000E2E74046BDE8F0410BF0F6BBBDE8F0811F
:10FB0000F03F0120144901209840012038B50446F7
:10FB1000C81C80B20D460BF0DBFB18B10470240A40
:10FB20004470857038BD000037B5024618B11048E2
:10FB300000210BF0DCFB0F4DAB7EB3B10DF10701E3
:10FB400005F110000BF0E9FB044670B1AB7E013B00
:10FB5000AB7642780378022103EB022328462B83FD
:10FB60000BF0CAFC20460FF03EFB03B030BD00BFD7
:10FB7000E0400120D0400120054B0022C3E90422CF
:10FB800001229A769A71034A92F820201A737047DC
:10FB9000D0400120144901207047000010B5054CE9
:10FBA00020460BF0B2FC0123A3760020BDE81040F4
:10FBB000FFF7BABFD040012038B504460D4640F2E9
:10FBC00006400321FFF7A2FF38B1C470240A047174
:10FBD0004571BDE83840FFF7A7BF38BD70B5064690
:10FBE0000D4642F211000721FFF790FF044648B18D
:10FBF000C670294604300BF0C9FC2046BDE87040B1
:10FC0000FFF792BF70BD08B5002142F21000FFF768
:10FC10007DFF18B1BDE80840FFF786BF08BD38B5C5
:10FC200005460C4642F213000E21FFF76FFF20B38A
:10FC3000C5702D0A0571228842712288120A8271CC
:10FC40006288C2716288120A0272A2884272A28815
:10FC5000120A8272E288C272E288120A0273228950
:10FC600042732289120A82736289C2736289120AFC
:10FC70000274BDE83840FFF757BF38BD2DE9F84F93
:10FC800007460E4642F20D001921DDF828B09DF816
:10FC90002C900C9D92469846FFF738FF044690B38F
:10FCA000C77046713F0A360A0771867180F807A04F
:10FCB00080F80880594609300BF068FC84F80F90F2
:10FCC0002B8823742B881B0A63746B88A3746B883E
:10FCD0001B0AE374AB882375AB881B0A6375EB883A
:10FCE000A375EB881B0AE3752B8923762B891B0AE6
:10FCF00063766B89A3766B891B0AE3762046BDE8A1
:10FD0000F84FFFF711BFBDE8F88F08B5002142F2A8
:10FD10000E00FFF7FBFE18B1BDE80840FFF704BF77
:10FD200008BD2DE9F84F0646884642F220000E2114
:10FD3000BDF828B0BDF82CA0BDF8309017461D4680
:10FD4000FFF7E4FE08B3C67080F80580360A4FEA74
:10FD50001828C77145723F0A2D0A4FEA1B214FEA46
:10FD60001A224FEA1923067180F8068007728572FD
:10FD700080F80BB0017380F80DA0827380F80F90AB
:10FD80000374BDE8F84FFFF7CFBEBDE8F88F38B574
:10FD900004460D4642F221000321FFF7B7FE38B1B9
:10FDA000C470240A04714571BDE83840FFF7BCBE39
:10FDB00038BD70B506460D4642F2220006211446B3
:10FDC000FFF7A4FE60B1C6704571360A2D0AC471F2
:10FDD000240A067185710472BDE87040FFF7A4BE65
:10FDE00070BD38B505460C4642F224000421FFF7E9
:10FDF0008DFE48B1C57044712D0A240A05718471C5
:10FE0000BDE83840FFF790BE38BD38B505460C4612
:10FE100042F226004021FFF779FEC0B12B46C21CFA
:10FE200005F1200153F8045B42F8045B8B42F9D1E1
:10FE3000214600F1230304F1200251F8044B43F85A
:10FE4000044B9142F9D1BDE83840FFF76DBE38BD93
:10FE500008B5002142F22F00FFF758FE18B1BDE8A7
:10FE60000840FFF761BE08BD38B505460C4642F2B2
:10FE700017002021FFF74AFEC0B12B46C21C05F136
:10FE8000100153F8045B42F8045B8B42F9D1214620
:10FE900000F1130304F1100251F8044B43F8044B32
:10FEA0009142F9D1BDE83840FFF73EBE38BD10B5EC
:10FEB0000221044642F21B00FFF728FE30B1C47055
:10FEC000240A0471BDE81040FFF72EBE10BD38B5FE
:10FED00005460C4642F21A001221FFF717FE80B1C8
:10FEE000C5702D0A05712146431D04F1100251F819
:10FEF000044B43F8044B9142F9D1BDE83840FFF779
:10FF000013BE38BD08B5002142F21800FFF7FEFD10
:10FF100018B1BDE80840FFF707BE08BD08B50021CD
:10FF200042F20200FFF7F2FD18B1BDE80840FFF70A
:10FF3000FBBD08BD08B5002142F20300FFF7E6FD56
:10FF400018B1BDE80840FFF7EFBD08BD08B50021B6
:10FF500042F21C00FFF7DAFD18B1BDE80840FFF7D8
:10FF6000E3BD08BD08B5002142F20F00FFF7CEFD4A
:10FF700018B1BDE80840FFF7D7BD08BD70B506460B
:10FF80000D4642F212000721FFF7C0FD044648B1BA
:10FF9000C670294604300BF0F9FA2046BDE87040DF
:10FFA000FFF7C2BD70BD10B50121044642F20A0040
:10FFB000FFF7ACFD20B1C470BDE81040FFF7B4BD41
:10FFC00010BD70B505460E4642F208002021FFF72D
:10FFD0009DFD044688B1031DC5702A46314618466A
:10FFE00023F080FBC5F11F022844002123F078FC98
:10FFF0002046BDE87040FFF797BD70BD2DE9F74F73
:020000025000AC
:1000000006460D4699460F219DF83030DDF834B094
:100010009DF838809DF83C70019342F206009246AC
:10002000FFF774FD044600B3C6704571019B80F86C
:1000300007A0360A2D0A0671857180F808900A30EB
:100040006372BBF1000F0DD059460BF09FFA04F11B
:10005000100080F800804770204603B0BDE8F04FE4
:10006000FFF762BD0BF09FFAF3E703B0BDE8F08F36
:1000700010B50821044642F20100FFF747FD48B1E0
:100080002268C0F803206268C0F80720BDE810406D
:10009000FFF74ABD10BD38B50621054642F20500FE
:1000A000FFF734FD044640B1294603300BF06EFAE9
:1000B0002046BDE83840FFF737BD38BD38B50546A6
:1000C0000C4642F20C000221FFF720FD28B1C5705A
:1000D0000471BDE83840FFF727BD38BD2DE9F8436E
:1000E00080460E4642F20B0007219DF820901546EF
:1000F0001F46FFF70BFD70B106718571360A2D0A98
:1001000080F803804671C571077280F80990BDE8D8
:10011000F843FFF709BDBDE8F88370B505460E4604
:1001200042F209002021FFF7F1FC044688B1031DCB
:10013000C5702A463146184623F0D4FAC5F11F028D
:100140002844002123F0CCFB2046BDE87040FFF797
:10015000EBBC70BDF8B506460F4642F219001C21F3
:1001600015461C46FFF7D2FCD0B1C670360A0671A0
:100170003B68C0F805307B6845732D0AC0F809302C
:100180008573234600F10F0204F1100153F8044B6C
:1001900042F8044B8B42F9D1BDE8F840FFF7C4BCEC
:1001A000F8BD08B5002141F20900FFF7AFFC18B116
:1001B000BDE80840FFF7B8BC08BD08B5002141F212
:1001C0000100FFF7A3FC18B1BDE80840FFF7ACBC85
:1001D00008BD10B50221044641F20540FFF796FC28
:1001E00030B1C470240A0471BDE81040FFF79CBC14
:1001F00010BD000008B5074B0122002140F6034066
:100200009A76FFF783FC18B1BDE80840FFF78CBC75
:1002100008BD00BFD040012010B50821044640F6BB
:100220000140FFF773FC48B12268C0F80320626800
:10023000C0F80720BDE81040FFF776BC10BD10B530
:100240000821044640F66340FFF760FC48B122688D
:10025000C0F803206268C0F80720BDE81040FFF72F
:1002600063BC10BD38B505460C4640F67C40042101
:10027000FFF74CFC48B1C57044712D0A240A057182
:100280008471BDE83840FFF74FBC38BD2DE9F0411F
:1002900080460F4642F22700272115461E46FFF7EB
:1002A00035FC044600B380F80380394604300BF077
:1002B0006DF92A4604F10A0305F1100152F8040B06
:1002C00043F8040B8A42F9D1334604F11A0206F1CD
:1002D000100153F8040B42F8040B8B42F9D120466D
:1002E000BDE8F041FFF720BCBDE8F08170B50646DF
:1002F0000D4642F228000721FFF708FC044648B1EA
:10030000C670294604300BF041F92046BDE8704024
:10031000FFF70ABC70BD08B5002142F22900FFF7C3
:10032000F5FB18B1BDE80840FFF7FEBB08BD08B5F6
:10033000002142F22A00FFF7E9FB18B1BDE80840AE
:10034000FFF7F2BB08BD10B50121044642F22D00B3
:10035000FFF7DCFB20B1C470BDE81040FFF7E4BB41
:1003600010BD10B50221044642F22E00FFF7CEFB6D
:1003700030B1C470240A0471BDE81040FFF7D4BB4B
:1003800010BDF8B507460E4642F24E00082115464C
:10039000FFF7BCFB044650B1C770314604300BF088
:1003A000F5F8A5722046BDE8F840FFF7BDBBF8BDE3
:1003B00010B50221044642F26D00FFF7A7FB30B1F1
:1003C000C470240A0471BDE81040FFF7ADBB10BD36
:1003D00070B506460D4642F235000721FFF796FB41
:1003E000044648B1C670294604300BF0CFF82046C9
:1003F000BDE87040FFF798BB70BD70B506460D466E
:1004000042F236001921FFF781FB0446002830D064
:10041000C6702B8803712B881B0A43716B6883712C
:100420006B681B0AC371EB880372AB684372AB68DD
:100430001B0A83726B89C3722B7B03736B7B4373C1
:10044000AB7B837329690F300BF0A0F82B7D6375AC
:100450006B7DA375AB7DE375EB7D23762B7E637699
:100460006B7EA376AB7EE3762046BDE87040FFF757
:100470005BBB70BDFB2B2DE9F84328BFFB230F4668
:10048000191D8046C9B242F23700DDF820901646A9
:100490001D46FFF73BFB044670B180F803800771EF
:1004A000467185712A464946073023F01BF92046DC
:1004B000BDE8F843FFF738BBBDE8F883FB2B2DE917
:1004C000F84328BFFB230F46191D8046C9B242F2EC
:1004D0003800DDF8209016461D46FFF717FB04464E
:1004E00070B180F803800771467185712A464946CC
:1004F000073023F0F7F82046BDE8F843FFF714BBB8
:10050000BDE8F88370B50D4689000646023142F217
:1005100039001446FFF7FAFAE0B10571C6702246B9
:10052000034600EB8505AB4202F1060203D1BDE8AC
:100530007040FFF7F9BA12F8061C597132F8041C22
:10054000997132F8041C090AD97112F8021C197247
:100550000433E8E770BD08B5002142F23A00FFF726
:10056000D5FA18B1BDE80840FFF7DEBA08BD08B5F6
:10057000002142F23B00FFF7C9FA18B1BDE808407C
:10058000FFF7D2BA08BD10B50121044642F23C0083
:10059000FFF7BCFA20B1C470BDE81040FFF7C4BA41
:1005A00010BD08B5002142F23D00FFF7AFFA18B1C7
:1005B000BDE80840FFF7B8BA08BD2DE9F041804614
:1005C0000F4642F23E00072116461D46FFF79EFAEF
:1005D00070B1077186713F0A360A05722D0A80F8DC
:1005E00003804771C6714572BDE8F041FFF79CBAC0
:1005F000BDE8F081FC2A28BFFC222DE9F0410F461E
:10060000D11C8046C9B242F23F001E461546FFF794
:100610007DFA044668B180F80380077145712A4667
:100620003146063023F05EF82046BDE8F041FFF782
:100630007BBABDE8F08138B505460C464FF4015051
:100640000221FFF763FA28B1C5700471BDE8384094
:10065000FFF76ABA38BD2DE9F0411C4600238046F9
:100660000F4616461D4646FA03F2D20744BF01352F
:10067000EDB2072B03D0042D03F10103F3D105EBF9
:100680008501033142F24100FFF740FA18B380F8C8
:10069000038007714671234602460021CCB2A54271
:1006A00003F1060303D8BDE8F041FFF73DBA13F8A4
:1006B000024C947133F8064CD47133F8064C240A7A
:1006C000147233F8044C547233F8044C240A9472B4
:1006D00001310532E2E7BDE8F0812DE9F0418046C5
:1006E0000F4642F24200062116461D46FFF70EFA5B
:1006F00060B14671C571360A2D0A80F80380077112
:1007000086710572BDE8F041FFF70EBABDE8F081D1
:100710002DE9F04100231746027A054688461E4619
:1007200042FA03F1C90744BF0136F6B2072B03D0E2
:10073000042E03F10103F3D131010A3142F24300E7
:10074000FFF7E4F90446002855D02B78C3706B7886
:100750000371AB784371696806300AF017FF2B7A92
:100760002373414623463A4604EB0616B34201F191
:10077000040102F10C0204D12046BDE8F041FFF76C
:10078000D3B931F8040C587331F8040C000A98738B
:1007900031F8020CD87331F8020C000A187432F8E0
:1007A0000C0C587432F80C0C000A987432F80A0CCD
:1007B000D87432F80A0C000A187532F8080C58750B
:1007C00032F8080C000A987532F8060CD87532F821
:1007D000060C000A187632F8040C587632F8040C2D
:1007E000000A987632F8020CD87632F8020C000A29
:1007F00018771033BAE7BDE8F0812DE9F84F82464B
:10080000894642F244000E21BDF82860BDF82C5004
:100810009DF8308093461F46FFF778F90446B0B143
:1008200080F803A080F8049080F805B039460630BF
:100830000AF0ACFE2673A573360A2D0A6673E573BB
:1008400084F810802046BDE8F84FFFF76DB9BDE889
:10085000F88F08B5002142F24500FFF757F918B1AB
:10086000BDE80840FFF760B908BD10B50221044695
:1008700042F24600FFF74AF930B1C470240A04710D
:10088000BDE81040FFF750B910BDF8B507460E4659
:1008900042F2470008211546FFF738F9044650B1E7
:1008A000C770314604300AF071FEA5722046BDE8DB
:1008B000F840FFF739B9F8BDF8B507460E4642F2E1
:1008C000480008211546FFF721F9044650B1C770CA
:1008D000314604300AF05AFEA5722046BDE8F840C1
:1008E000FFF722B9F8BD08B5002142F24900FFF731
:1008F0000DF918B1BDE80840FFF716B908BD08B5F5
:10090000002142F24A00FFF701F918B1BDE80840A2
:10091000FFF70AB908BD10B50221044642F23000C3
:10092000FFF7F4F830B1C470240A0471BDE8104038
:10093000FFF7FAB810BD70B506460D4642F2310019
:1009400003211446FFF7E2F830B1C6700571447117
:10095000BDE87040FFF7E8B870BD2DE9F8430546E3
:10096000884642F232000721BDF8206091461F46BA
:10097000FFF7CCF870B1C57006722D0A360A057102
:1009800080F8058080F80690C7714672BDE8F8438C
:10099000FFF7CAB8BDE8F883FFF7EEB82DE9F84FC6
:1009A00004464FF0000A14F8059B1B4EDFF86C80DC
:1009B0005746B9F1000F04D15046BDE8F84FFEF795
:1009C0003BBF14F8033C14F8045C14F802BC05EBBC
:1009D0000325ADB22846FEF791FEB0B1427E5B46DC
:1009E000D21A4276027ED21A53445FFA83FAC37D4A
:1009F000D2B202764BB196F8B930934205D3C7759F
:100A0000D8F8142000212846904709F1FF395FFAF1
:100A100089F90434CDE700BFF03F012014490120DB
:100A200010B5064C0A46014620460AF060FC94F8D0
:100A300020000121BDE810400EF09EBC14490120A9
:100A400037B541B18B78012B0FD1084603B0BDE813
:100A50003040FFF7A1B8C30707D5134D12480DF179
:100A600007010AF05AFC044608B903B030BD9DF8EE
:100A70000730042B0BD100F087FC95F8213013B11F
:100A800020460EF04FFC20460AF02EFCE6E7022B33
:100A900006D1FEF733FF0028E0D02B699847DDE749
:100AA000AB69002BFAD1EFE71449012000487047E9
:100AB00090400120014B93F8BC007047F03F0120AB
:100AC000014BB3F8B6007047F03F0120014BD3E96A
:100AD00030017047F03F0120014BB3F8B40070477C
:100AE000F03F0120014B93F8C9007047F03F01200F
:100AF000034B93F8C900003818BF0120704700BFAE
:100B0000F03F0120014BB3F8CA007047F03F0120CD
:100B1000014B93F8CC007047F03F0120014B93F854
:100B2000CD007047F03F012010B50A7802718C7833
:100B30004B7803EB04239BB2C380C9780172038016
:100B4000C27010BD30B50C7804718A784B7803EB15
:100B500002239BB2C3800D79CA7802EB0522028181
:100B60008D794A7902EB052242810D7ACA79038098
:100B700002EB05228281C47030BD0B780371C37013
:100B8000704710B50A7802718C784B7803EB042318
:100B90009BB2C380C97801720380C27010BD0B780C
:100BA00003714A784271C97881710280C3707047BD
:100BB00030B50C7804718A784B7803EB02239BB232
:100BC000C380CA7802724D790A7902EB052242810C
:100BD000CD798A79038002EB05228281C47030BD11
:100BE0000A78027110B54B788C78C27003EB04233D
:100BF0009BB2C380038010BDFFF7F2BFFFF7F0BFC9
:100C0000FFF792BF4A780B7803EB0223838070478B
:100C100011F8012C11F8023C03EB022383800B78BE
:100C2000C3704B78837170470B78037170470A78F3
:100C3000027110B54B788C78C27003EB04239BB221
:100C4000C380038010BDFFF7F2BF0A7802714B78B2
:100C500010B58C7803EB0423C3800C79CB78C27079
:100C600003EB0423038110BDFFF7E1BF0A78027193
:100C70004B7810B58C7803EB0423C3800C79CB78C8
:100C800003EB042303818C794B7903EB0423438129
:100C90000C7ACB79C27003EB0423838110BD4A78B0
:100CA0000B7803EB02239BB283808A7810B5CC7853
:100CB00002EB0422C2804C790A7902EB0422028101
:100CC000CC798A7902EB042242814C7A0A7A038039
:100CD00002EB0422828110BDFFF7E1BFFFF7A7BF3F
:100CE0004A780B7803EB02239BB283800380704722
:100CF00010B50A7802718C784B7803EB04239BB211
:100D0000C380CC78047209794172C270038010BD2F
:100D1000FFF7EEBF704730B50C7804714A78427126
:100D2000CD788B7803EB0523C3800B790372C470F5
:100D3000028030BD0B78C37070474A780B7803EBA4
:100D400002239BB283808A78827103807047FFF709
:100D500047BFFFF745BFFFF743BFFFF768BFFFF788
:100D600066BFFFF764BFFFF762BF0B7803714A7875
:100D700042718A788271CA78C2710A790272C3702C
:100D8000704730B50B46441D13F8012B0271213119
:100D900053F8045B44F8045B8B42F9D1C27030BD58
:100DA00030B50B46441D13F8012B0271413153F845
:100DB000045B44F8045B8B42F9D1C27030BD10B5BE
:100DC0000A4612F8014B0471D1F80130C0F8053021
:100DD0005368C0F80930C47010BD30B50B46441DCF
:100DE00013F8012B0271113153F8045B44F8045BD2
:100DF0008B42F9D1C27030BD043022F073BC10B503
:100E00000C464A7814F8023B03EB02239BB2838022
:100E1000D1F80220C0F806206268C0F80A20CC7A17
:100E20008A7A038002EB0422C28110BD10B50C78CF
:100E300004718A784B7803EB02239BB2C380D1F80C
:100E400003208260D1F80720C2600380C47010BD07
:100E500010B50A7802718C784B7803EB04239BB2AF
:100E6000C380D1F803408460C97901730380C270E4
:100E700010BD38B50B7803718A784B7803EB0223E9
:100E8000C3800A79CB7803EB022303818A794B79FB
:100E900003EB02234381CB7903730D460B7A437333
:100EA000044609310E300AF071FBEB7B23756A7C36
:100EB0002B7C03EB0223E382AB7C23762379E37064
:100EC000E388238038BD38B50B7803718A784B7876
:100ED00003EB0223C380CB7803720D460B79437278
:100EE000044605310A300AF051FBEB7A23746A7B21
:100EF0002B7B03EB02236382AB7B23752379E370A7
:100F0000E388238038BD10B50B7803714B784371AB
:100F10000446023106300AF039FB2379238010BDE4
:100F200010B511F8013B0371044605300AF02EFBA1
:100F30002379E37010BDFFF7F3BF38B50B78037169
:100F40008A784B7803EB0223C380CB7803720B794A
:100F5000437204460D460A3005310AF017FB05F1CD
:100F60000B0104F117000AF011FB05F1110104F166
:100F70001D000AF00BFB2A7EEB7D03EB022323828C
:100F8000AA7E6B7E03EB022363822A7FEB7E03EB58
:100F90000223A3826B7FA375E38823802379E37008
:100FA00038BD38B50B7803718A784B7803EB022390
:100FB000C380CB7803720D460B794372044605312A
:100FC0000A300AF0E3FA2A7BEB7A03EB022323824E
:100FD000AA7B6B7B03EB022363822A7CEB7B03EB14
:100FE0000223A3826B7CA3750023C4F81730A4F8F6
:100FF0001B30C4F81D30A4F82130E3882380237906
:10100000E37038BD0B780371C37070470B780371C0
:10101000C37070470B780371C37070470B7803710E
:10102000C37070470B780371C37070470B780371FE
:10103000C37070474A780B7803EB02239BB283801E
:101040000380704700B542F2260399428BB003D06B
:1010500042F25E0399420BD1074BDB6843B1262273
:101060008DF804008DF803008DF80220684698473B
:101070000BB05DF804FB00BF1449012010B50378E4
:1010800044783BB1C278817801EB022189B21846DD
:10109000FFF7D8FF2046BDE81040FEF77FBD0000F7
:1010A0002DE9F34183784578B44A0778966805EBD3
:1010B0000325ADB242F25B039D42884600F1030175
:1010C00012D842F204039D4223D840F67C439D424D
:1010D00000F04B8141F205439D4200F0488140F60B
:1010E0002D439D4200F04581AB0A3F2B00F01E814D
:1010F00008F10200C0B201910AF09AF80199044681
:10110000002840F02181384602B0BDE8F041FEF7EA
:1011100045BDA5F50053053B562BE5D801A050F879
:1011200023F000BF11130500E9100500E9100500C8
:10113000E9100500E910050001130500E91005009C
:10114000FD120500E910050081120500E9100500F7
:10115000E9100500E9100500E9100500E910050097
:10116000E9100500D9120500E9100500B1120500CB
:10117000D3120500E9100500CB120500CF120500BF
:10118000E9100500E9100500E9100500E910050067
:1011900077130500B7120500C3120500BB12050046
:1011A000BF120500E9100500E9100500DD12050079
:1011B000E1120500E5120500E9100500E91205003D
:1011C000ED120500F1120500E9100500C712050037
:1011D000F5120500F9120500E9100500E9100500F7
:1011E000E9100500E9100500E9100500E910050007
:1011F000E910050009130500E9100500E9100500D4
:10120000E9100500E9100500E9100500E9100500E6
:101210000D130500E910050005130500E910050090
:10122000E9100500E9100500E9100500E9100500C6
:10123000E9100500E9100500E9100500E9100500B6
:10124000E9100500E9100500E9100500E9100500A6
:10125000E9100500E9100500E9100500E910050096
:1012600015130500191305001D13050021130500B2
:1012700025130500E9100500291305006713050073
:1012800005243F4B0191185D09F0D2FF0546002867
:101290003FF439AF00230380C3703A4B019953F8F0
:1012A00024308470424698472846B047284657E085
:1012B000D6681B24E5E71E24E3E71F24E1E720248A
:1012C000DFE72124DDE72224DBE70C24D9E70D2426
:1012D000D7E7D6681C24D4E70824D2E71524D0E742
:1012E0001624CEE71724CCE71824CAE71924C8E748
:1012F0001A24C6E72924C4E72A24C2E73424C0E715
:101300003524BEE73624BCE73724BAE73824B8E7EB
:101310003924B6E73F24B4E74024B2E74124B0E7DC
:101320004224AEE74324ACE73B24AAE742462846E2
:1013300001910EF00BF8044600283FF4E4AE562865
:1013400001993FF4D5AE9CE75623A8F103024380F0
:101350000580D2B2043022F0C5F92046B0472046BD
:1013600009F088FFCFE63C248BE7272489E7072490
:1013700087E7092485E71D2483E700BF144901207E
:10138000178C07005C8C07002DE9F74F0646AA4F23
:1013900016F8023BD7F8088090F801901A2B044603
:1013A0001CD8042B23D9053B152B20D8DFE813F0DC
:1013B00025021F001F002B021F001F001F0031020B
:1013C0001F0034002A0042021F001F003F001F00C0
:1013D0001F001F001F001F001F003D02572B00F0C1
:1013E0002F8207D8302B00F01A823E2B27D003B073
:1013F000BDE8F08FFF2BFAD1904A938A0133938294
:1014000013255AE08D4A138930460133138103B006
:10141000BDE8F04FFFF732BE884AD3884946013312
:101420003046D38003B0BDE8F04FFFF739BE3046F9
:10143000FFF7B4FA814A938901339381D7E77F4A52
:101440008578538A013353826B1EC61C172BCED866
:1014500001A252F823F000BFFD140500131505008A
:101460004D180500B9140500511805001D1605009A
:1014700021160500251605002D160500A3150500EB
:10148000B915050035160500491605001B1705009E
:101490001F1705006F1705000F170500131705002C
:1014A00017170500EF130500EF1305007717050068
:1014B000F7170500731705000B25614B585D09F000
:1014C000B7FE044670B100232380E3705D4BA57026
:1014D00053F825304A46314698472046C0472046B3
:1014E00009F0C8FE032D82D1B378707800EB032099
:1014F00080B203B0BDE8F04FFEF7DCB9C378002B33
:10150000DBD14379007900EB032080B2FEF706F9C6
:10151000D3E790F80380B8F10F0F3FF668AF3B2098
:1015200009F086FE054600283FF461AF043400F15F
:101530000C0B00F11C0A4FF0000908F1FF385FFAAC
:1015400088F8B8F1FF0F0DD02378AB726378EB7297
:10155000A11C58460AF01AF8267A2E721F2E04F1A2
:10156000090105D9284603B0BDE8F04F09F082BE55
:10157000C5F804A032465046019122F0B3F8019913
:101580008B5D6B724FF4C0232B608C19BB6885F8A0
:101590001290C5F81390A5F8179028460134984783
:1015A000CBE7C37833B94379007900EB032080B2ED
:1015B000FEF7B4F8022580E7C6780F2E3FF617AF86
:1015C0001C2009F035FE054600283FF410AF063414
:1015D00000F10C0A00F113084FF4C029013EF6B2E5
:1015E000FF2EBFD014F8023CAB7214F8013CEB7232
:1015F0002146504609F0CAFFA379AB74E11D40466D
:1016000009F0C4FF637B6B720023C5F800902B7256
:101610006B602846BB6898471034DFE723254CE70A
:1016200024254AE7D7F80C80252546E7D7F80C8013
:10163000262542E72B2540E714490120EC400120F4
:10164000178C07005C8C0700C3780F2B3FF6CFAEDA
:10165000061D32460020013BDBB2FF2B4ED1243069
:1016600009F0E6FD054600283FF4C1AEE47800F13C
:10167000070900F1150A00F12408002C3FF472AFAD
:101680007278337803EB0223AB80B378AB71F11C33
:10169000484609F07BFF737A6B73B37AAB73F37AC6
:1016A000EB73337B2B74737B6B74F27BB37B03EB39
:1016B00002236B82337C2B7506F11101504609F031
:1016C00065FF96F817B0A5F81CB05B46013CE52B0A
:1016D00006F11801E4B23FF645AFC5F820805A463E
:1016E0004046019121F0FEFF4FF4301301992B6029
:1016F000BB68284601EB0B069847BEE7D17D02F197
:101700001805884205EB010238BF0846A3E72D25DE
:10171000D3E62E25D1E62F25CFE63025CDE6407A3B
:10172000F7283FF664AE103009F082FD0546002828
:101730003FF45DAE2379E67806EB0326B6B28680E9
:1017400063798371A379C371E3790372237A437256
:10175000627A42811030E86004F10A0121F0C2FF90
:101760002E8031236B80BB6828469847FAE63225E5
:10177000A3E63A25A1E6C07BA0F10903492B3FF679
:1017800036AE0E30C0B2400009F052FD05460028CA
:101790003FF42DAE2279E37803EB02238380637953
:1017A0008371A379C371227AE37903EB0223038166
:1017B000637A8372A37AC372E37A0373237B4373DE
:1017C000A27B637B03EB0223C38104F11006E47B5D
:1017D000047400F11C03436122461846314621F08F
:1017E00081FF2044A8612246311921F07BFFAB889C
:1017F0002B803D23B6E73E255FE6164A138801336A
:101800001380032559E6134A5388013353800F256B
:1018100053E6104A9388013393800A254DE60D4A1A
:10182000138A013313820E2547E60A4AD38901330E
:10183000D381DCE5074A53890133538114253CE603
:10184000044AD38A0133D382282536E6042534E6B8
:10185000102532E6EC400120074BD3F8C02091045C
:1018600005D5064A1268920401D5FFF748B8002250
:1018700083F8CD20FEF746BBF03F012068630020CF
:10188000074BD3F8C020D10405D5064A1268D2040C
:1018900001D5FEF76CBE002283F8CC20FFF7DCBF39
:1018A000F03F01206863002042F23B03994226D0BA
:1018B00008D841F20103994209D042F23A03994211
:1018C00015D0704742F24A0399421ED07047124B1E
:1018D000D3F8C020D10405D5104A1268D20401D52E
:1018E000FEF739BE0022A3F8CA20FFF7C9BF42782D
:1018F000037803EB0223084AA2F8CA30F5E7064B47
:10190000027883F8CC20FFF7A7BF034B027883F857
:10191000CD20FEF7F7BA00BFF03F0120686300203A
:10192000024B034AC3F8D820704700BFF03F0120A4
:10193000A918050038B50446103015466060053119
:1019400009F069FE21462846BDE8384009F0D5BCBB
:101950002DE9F7430746382088460192994609F059
:10196000B7FC044608B3124B019993F83850FF2D89
:101970001ABF6E1CF6B2012683F838609DF8283035
:10198000837008BF0025002380F834300246C570FC
:10199000A0F80090074809F0AAFC38464146FEF737
:1019A00063FAE07803B0BDE8F083FF20FAE700BFF8
:1019B0000441012024410120014B024ADA637047AF
:1019C00004410120351905007FB5056BAB8CEC8C0B
:1019D0002968E41A24B2102C064619442EDC22464B
:1019E000684621F07FFE102C0DD0C4F110020DEBE3
:1019F0000400002121F074FF04F110030DEB030437
:101A0000802304F8103C05F11401684609F011FE2A
:101A1000022385F82930AB8C23B106F1100168460A
:101A200009F007FEAB8C1033AB84324695F82830B2
:101A30006946281D00F09AF904B070BD684609F0A7
:101A4000EAFDE8E710B5034600780021C0090F2938
:101A500018BF5A781C7814BFD2090022013142EA1B
:101A60004402102903F8012BF1D110BDF8B5056B24
:101A70000446002D3DD000F110060531304609F036
:101A8000CAFD95F82930012B23D0022B26D083BB29
:101A9000256B05F114073846314609F0BCFD384680
:101AA000FFF7D0FF28B195F8233083F0870385F83E
:101AB0002330EB8C1B0709D03846FFF7C3FF28B152
:101AC00095F8233083F0870385F82330012385F8C8
:101AD00029302046BDE8F840FFF776BF236B6660EB
:101AE0001A68A26093F828002146BDE8F84009F082
:101AF00004BCF8BD2DE9F043064685B06420884655
:101B000015461F4609F0E4FB044688B31A4AA0F8BC
:101B10005E5000F138034FF00109036380F8349000
:101B200092F8383080F8607003EB090182F83810C1
:101B3000C370BDF83030038000259DF834308370C9
:101B4000C0F83880A0F85C5080F8615031463C30D5
:101B500009F061FD266B10222946684621F0C0FE7F
:101B6000301D96F828302246694600F0FFF84846B6
:101B700005B0BDE8F08300BF04410120014B024ADB
:101B80001A647047044101206D1A05008B78252BDB
:101B900070B504460D46164613D120220531043097
:101BA00009F068FD202205F1250104F1240009F067
:101BB00061FD2B79E37021463046BDE8704009F0A5
:101BC0009CBB262B03D1202205310430EFE770BDEA
:101BD00070B592B004469C20019116461D4609F04E
:101BE00077FB0199B8B1022380F8343002460680B1
:101BF00085700A4809F07BFB2022214602A809F0E3
:101C000039FD2022A1180AA809F034FD02A80AA96A
:101C1000FEF7FBF8012012B070BD00BF3441012077
:101C2000014B024A5A647047044101208D1B050094
:101C300037B500238DF8073083781B3B05460B2B07
:101C40001AD8DFE803F01B061919191919191919FF
:101C50003A43204AD0F8050092F83930D5F80910F7
:101C600002EBC30303C392F83930022B9ABF01334E
:101C7000DBB2002382F8393003B030BD16480DF1D5
:101C8000070109F04AFB04460028F5D090F83430EB
:101C9000DA1E012A01D9012B03D11021681D09F098
:101CA000F6FC94F834200B4B03EB82032946DB6BE4
:101CB0009DF8072020469847DEE708480DF1070108
:101CC00009F02BFB04460028EBD1D5E704480DF1C1
:101CD0000701F5E704410120244101202C410120A6
:101CE00034410120064B07480022C3E90822C3E91A
:101CF0000A22C3E90C2283F8382006F08FBB00BF0C
:101D000004410120311C050008B5FEF7FBF8FEF781
:101D1000F9F8FEF7F7F8BDE80840FEF7F3B8000061
:101D200038B5114D95F83A30CC1DDB00E410DBB22C
:101D30000144884202D1E4B24CB938BD1F2BEA5CA1
:101D400000F8012B1ABF0133DBB20023F1E7FEF7E5
:101D5000D9F895F83A30022B9ABF0133DBB2002351
:101D600085F83A30013CE6E70441012070B588B0BF
:101D70000E4615460146102268461C4609F07AFCBC
:101D800010220DEB0200314609F074FC2A46214670
:101D9000044809F0ACFA04A96846FEF765F808B0F3
:101DA00070BD00BF2441012070B504780E4E013C87
:101DB00006EB04140546A37A33B18278A378012A8E
:101DC00003D143F00203A37070BD23F00203A3709C
:101DD000736D5B689847A3789B07F5D4336D2846ED
:101DE0005B68BDE870401847544101207047704758
:101DF000704700000278837870B5272B02F1FF341A
:101E0000184E05464FEA04140AD13319C1881981C6
:101E100017219A72315300229A7099809A71DA6070
:101E20003444A37A93B1736D2946DB682046984702
:101E3000336D2946DB6820469847AB78282B05D1BF
:101E4000E0680023A37208B109F014FA736E0BB1B5
:101E500028469847336F1BB12846BDE870401847A5
:101E600070BD00BF54410120137A13F0010F034BE2
:101E700014BF1B6D5B6D1B68184700BF54410120E8
:101E80007047000008B5064B02781A7342785A73FF
:101E90001846102221F0F4FBB0FA80F0400908BD8A
:101EA000706300201FB50C4CE46E94B18DF80330C4
:101EB0000023ADF808308DF80C30BDF81830ADF8BF
:101EC00000008DF80210ADF80A20ADF80E3068461B
:101ED000A04704B010BD00BF54410120934228BF69
:101EE000134607B530F821209A4208D020F8213057
:101EF00000930023807A1A461621FFF7D3FF03B020
:101F00005DF804FB002109F0EBB9000030B421B901
:101F1000018930BC042006F03FBB054DAD6E15B104
:101F2000AC4630BC604730BC184609F0DDB900BF94
:101F30005441012001EB4000704700F001034008CC
:101F4000137008707047000008B50A4A0A4B0B4925
:101F500083F87400C3E91422094A0420C3E9162255
:101F6000084A06F00FFBBDE808400749002004F0CE
:101F7000B5BB00BF6C8D070054410120691E0500F0
:101F80007C8D0700A91D0500F51D05000846B1B1AF
:101F900091F902308A78002B094B02DA1B6E73B17B
:101FA00018475F2A02D99B6D9B68F9E73F2A01D940
:101FB000DB6DF9E71F2A8CBF5B6D1B6DF4E7704783
:101FC000544101200A4B07B5D866FEF785FD094B41
:101FD0001B689B880338984206DC0022009202238B
:101FE00077211046FFF75EFF03B05DF804FB00BFEA
:101FF00054410120D0630020014B1867704700BF97
:1020000054410120024B03EB001030F8100C7047D4
:10201000544101201B2906D01D2914BF00230B2386
:10202000C01A09F061B90B23FAE7000013B50022CA
:102030008368826082790A2A044609D01422827752
:10204000074A019312681830917909F055FA019BFB
:102050001A88A17B206802B0BDE81040FFF756BF88
:10206000D0630020408D002818BF01207047000079
:102070008279024B53F82230184700BFB08D070019
:1020800030B403460C46051D07C985E80700A27851
:1020900061680B2A08BF09680A681A6103F1100019
:1020A0004A68426030BC1846FFF7E2BF38B50446C4
:1020B0000D4604F02BFC38B15823013C5C43034827
:1020C0002C2313FB0541084438BD00BFCC4101203F
:1020D00010B50C4604F006FC38B1582301385843BB
:1020E0002C2313FB04010148084410BDCC410120FE
:1020F00037B50C4600210192FFF7EAFF0546E0B133
:10210000019A137A192B05D8214603B0BDE8304057
:1021100000F01ABB1B2B01D01D2B06D121462846EF
:1021200003B0BDE8304000F083BB232B05D121462E
:1021300003B0BDE8304000F0E1BA03B030BD10B5E7
:102140000446406818B109F0CFF80023636010BD61
:1021500010B50368827B03EB820304469A78D107AB
:1021600005D50430FFF7EBFF0023A37110BD42F04B
:102170000102BDE810409A70FFF758BF012913B55E
:1021800003D000240094FFF78DFE02B010BD13466B
:102190004A8D10B50C4622B10A21FFF7EFFF00234C
:1021A000638510BD38B5002104460078FFF77EFF37
:1021B000054648B1207800F045FC207829460022E9
:1021C000BDE83840FFF7E3BF38BD10B50446FFF760
:1021D0002DFF2068A37B00EB83039B7813F00203A1
:1021E00007D1A289807A0A21FFF7C8FF0023A371D3
:1021F00010BD638D002BF9D1A3896385F6E737B550
:102200000C46054608460192FFF799FF019B22897B
:10221000A1782846FFF7B2FF0023A37003B030BDBA
:1022200070B5036890F82820058A33F82230C27907
:10223000012A044645D1053B9D42A8BF9DB205F148
:102240000D0080B2FFF75EFE0646002831D0A3687D
:10225000024603F10C0153F8040B42F8040B8B42C5
:10226000F9D11B78137061692A4606F10D0021F03F
:1022700039FA63692B446361238A5B1B2382638A77
:10228000F372638A1B0A3373638A2B4463821423B9
:10229000A3770E4B1B6804F11800997909F02CF90B
:1022A0006A1DA17B2068334692B2BDE87040FFF7FB
:1022B0002DBE94F82900211D7022BDE87040FFF763
:1022C0009EBF002386688360D9E700BFD0630020EB
:1022D00070B5C3798568012B04462CD12888083055
:1022E00080B2FFF70FFE0546E8B1A1680A88083200
:1022F00021F0F8F9A279A37C062A1FD1EB72638A38
:102300001B0A2B731423A377104B1B6804F11800CE
:10231000997909F0F1F82A88A17B20682B46BDE85D
:102320007040FFF7F3BD94F82900211D7022BDE82D
:102330007040FFF764BF00238360DBE76B72638A42
:102340001B0AAB72A38AEB72A38AD9E7D063002081
:1023500070B58378113B012B05460AD8424BD3F860
:10236000F431002B45D00146BDE870401B680020C9
:102370001847817A0078FFF799FEAB78044638B9A0
:10238000013B102B35D82846BDE87040FFF7D7BE7B
:10239000102B35D890F828604EB990F82910324AA1
:1023A00001390C2000FB012292F8BA214AB9A27926
:1023B000012A06D80A2B0CD129892046FFF752FEA4
:1023C00038B17222294694F82900BDE87040FFF721
:1023D00016BF7EB9012A0DD194F82920224B013A6B
:1023E0000C2101FB023395E8070003F5DC7383E859
:1023F000070070BD29462046BDE87040FFF740BE8B
:10240000132B1CD18379012B05D9183009F07DF8E5
:102410007422211DD7E790F8290094F82820431E44
:10242000002AE6D10C2210495343CA1892F8BA2167
:10243000002ADED003F5DC7374221944C5E7142B9F
:10244000D7D18379002BD4D07122011D90F82900B7
:10245000FFF7D5FEAA7A236803EB82039A7842F04D
:1024600004029A70C5E700BFCC4101202DE9F84F66
:102470008B78272B05461AD1807A04F0C3FA0028FE
:102480005FD1324C23689E88FEF726FB04388642D3
:1024900008DA23689988172953D0A87ABDE8F84F3D
:1024A00000F0B9BAFEF718FB043881B2F3E7282B25
:1024B00047D1CC7804B90C7AA87A254F0C23411E59
:1024C00059437B18203493F8BA31E4B22BB101F5AB
:1024D000DC7122463944FFF792FEA8464FF000090E
:1024E0004FF02C0BAB7A5822013B0BFB09F602FB99
:1024F000036607EB060A9AF806205AB106F118009F
:10250000384409F002F8311D9AF82900224639446E
:10251000FFF775FE98F8022022F0120288F80220D8
:10252000D7F8F4211AB15268214650469047A87A4C
:1025300022465146FFF72BFE08F10408B9F1000FBF
:1025400001D0BDE8F88F4FF00109CBE7D063002040
:10255000CC410120F0B51449144B91F8745001227C
:102560000026C3F8F46183F8F8210F469446D0B2F0
:1025700094B20132062A1960D96283F824509C83F0
:1025800083F8286083F8290083F85050A3F8484066
:1025900083F854C083F8550001F1100103F158038A
:1025A000E5D1034B3B65F0BD54410120CC410120F6
:1025B000A08D070081799970481F012808D901F082
:1025C000FD0109291FBFD07A917A01EB00215981C1
:1025D000127B002A08BF7522DA7000221A81704728
:1025E0002DE9F0438779547A0831022F02EB010676
:1025F00002F10A022AD1012C0CBF02241024B0F8E7
:1026000012C04FF6FF7EB24210D25178157805EB1A
:102610000125ADB245B1BCF1000F05D0AC4503D8E2
:10262000B0F81480A84517D27322DA70DB785BB952
:10263000C379012B08D1BCF1000F03D0838A013389
:102640009C4529D10023C371BDE8F083042F0CBF42
:10265000023C043CE4B2D2E7082F1AD192F803906E
:10266000917801EB092189B204320029DCD08D4236
:10267000DAD88C45D8D88845D6D3714518BF0131F2
:10268000224414BF1FFA81FC4FF0000C9642BAD2CC
:10269000CAE702322946F0E7A0F812C0A0F80CC041
:1026A000D2E7704700221A81704700002DE9F041FF
:1026B000937A547A0F4E056890F8287004EB03243F
:1026C000A4B23368172CB3F8048038BF1724FEF780
:1026D00003FA0438804508DA33689B882246394675
:1026E0002846BDE8F041FFF7F9BBFEF7F5F90438DD
:1026F00083B2F3E7D0630020704700001FB5137A60
:102700005B108DF8023003689B7AADF8003000232F
:102710008DF803308DF80C300A4BDB6E093201392D
:1027200004460192ADF808100BB16846984794F83A
:102730002820236803EB82039A7842F010029A70F3
:1027400004B010BD544101202DE9FF410E468179AE
:1027500004461546002946D0137A5A085B088DF8BE
:10276000022001D091423ED104F1180008F0CDFEC4
:1027700005F109030193731EADF80830A3899DF894
:102780000220ADF80A30274B002753F822808DF83D
:1027900003706B462A4631462046C047E37913B1A1
:1027A0009DF803301BB1A771201DFFF7C8FC9DF8F1
:1027B0000230012B0AD01C4BDB6E3BB1E2798DF865
:1027C0000C20A288ADF800206846984794F828604D
:1027D000236803EB86039B789B0704D4A3682BB183
:1027E0002046FFF745FC04B0BDE8F081002EFAD189
:1027F00094F829100D4D01390C2779436B1893F883
:10280000BA31002BEFD001F5DC7129442046FFF7E7
:1028100037FC94F82930013B07FB035585F8BA6172
:10282000E1E700BFF48D070054410120CC410120B5
:102830001FB5137A5B1004468DF80230907A537AF4
:102840000B3203EB00239BB201922268ADF80A30F1
:10285000927AADF8002003390022ADF808108DF807
:1028600003208DF80C2023B1134BDB6E0BB16846AF
:10287000984794F828202368104903EB820391F8C5
:10288000F8119A78A1B19DF802100E2910D1930782
:102890000CD40920FFF736FB034638B11E22027222
:1028A000216801220989042005F076FE04B010BDDC
:1028B00042F010029A70F9E754410120CC41012006
:1028C0002DE9F0470646884617461D469DF820909C
:1028D0000CF04EFD00213046FFF7E8FB044630B314
:1028E00003689C78B3F800A0C4F380040CF042FDA8
:1028F000BAF1000F36D07CBB25B10B2F19D02B8835
:102900009A451ED30C2008F0E3FC014650B3002387
:102910008372164B068080F8039087704560A0F89C
:10292000088093F87400BDE8F04708F0E6BC8246E2
:10293000DCE7B9F1000FE5D12B681B8805339BB2AA
:10294000DEE77723424639463046FFF717FC284634
:10295000BDE8F04708F0C8BC71234246394630460E
:10296000FFF70CFC002DF2D1BDE8F08754410120A7
:10297000F7B505460D201E460C461746FFF7C2FA6E
:10298000034658B1052202800422027244808780E7
:102990000222009621462846FFF792FF03B0F0BDC1
:1029A00037B505460B200C46FFF7ACFA034668B175
:1029B000032202800A220272220A827200224472D8
:1029C0002146009228460522FFF77AFF03B030BD6A
:1029D000F0B5074685B002F10B0080B20D461646F1
:1029E0000393FFF78FFA044698B1F31C0380122378
:1029F00003722B0A83720399457232460B3020F022
:102A000071FE002300930922234629463846FFF72A
:102A100057FF05B0F0BD37B505460B200C46FFF754
:102A200071FA034660B10322028044720222240A32
:102A3000002102728472012200912846FFF740FFB4
:102A400003B030BD013810B5002180B2FFF740FB64
:102A50000446C8B103689B7803F01203102B13D10E
:102A60000920FFF74FFA034670B121688A7822F0F7
:102A700010028A701E22027221680122BDE81040F5
:102A80000989042005F088BD10BDF0B50831448ADD
:102A900002F109054FF6FF770A44954217D269788B
:102AA0002E7895F803C006EB0126A97801EB0C21DE
:102AB000B6B289B28E4205F1040506D8B44204D8F4
:102AC000B0F814C0B44500D36CB97322DA70DB7867
:102AD00043B9C379012B05D114B1838AA3420AD229
:102AE0000023C371F0BDB9421ABF01318CB200247A
:102AF000AA42D2D2E9E744828481F3E7C279012A6B
:102B000010B50DD1026890F8284032F824208A428E
:102B10009BBF428A1B8900239B188CBFC3714382D1
:102B200010BD2DE9F347BDF828809DF830A0074679
:102B300008F10F000E4680B20B99019191461D4697
:102B4000FFF7E0F90446D0B108F1070303804573AD
:102B500006232D0A01994680A0F80490037285731C
:102B600042460F3020F0BEFD234603223146384650
:102B7000CDF828A002B0BDE8F047FFF7A1BE02B033
:102B8000BDE8F0872DE9F34707460E4603F10D0037
:102B90000A999DF82CA0019190461D461FFA83F9D1
:102BA000FFF7B0F90446C0B1082309F105090199FE
:102BB000A0F800904680A0F8048003722A460D30E9
:102BC00020F090FD2346042231463846CDF828A057
:102BD00002B0BDE8F047FFF773BE02B0BDE8F08772
:102BE000F7B505460D201E460C461746FFF78AF935
:102BF000034668B1052202800C220272220A827208
:102C0000478044720622009621462846FFF758FE68
:102C100003B0F0BDF7B54E00074606F109000D46BA
:102C20001446FFF76FF90346A0B12246013606802D
:102C30000E2032F80219187203F10904013DEDB2B9
:102C4000FF2D04F1020407D100220092384607222A
:102C5000FFF736FE03B0F0BD32F8020F04F8020CA5
:102C60001088000A04F8010CE8E72DE9F34707464D
:102C70000E4603F10D000A999DF82CA00191904693
:102C80001D461FFA83F9FFF73DF90446C0B1102332
:102C900009F105090199A0F800904680A0F8048088
:102CA00003722A460D3020F01DFD234608223146CE
:102CB0003846CDF828A002B0BDE8F047FFF700BEC7
:102CC00002B0BDE8F087000038B5044690F829004E
:102CD0000A4D431E0A4655F8233073B1997811B155
:102CE0001946FFF78CFA23689C7A013C55F82400BA
:102CF00008F0C0FA002345F8243038BDC84301204D
:102D00002DE9F0430C4687B020780021FFF7CEF97B
:102D10000546002855D0A378112B5AD10A23A37059
:102D200090F82900464B411E0C2202FB013393F818
:102D3000BA315BB9AB79012B08D82778DFF8089155
:102D4000013F59F82780B8F1000F06D072222146C2
:102D500007B0BDE8F043FFF752BA104608F068FA32
:102D600049F82700064678B394E807000D88083D27
:102D7000ADB286E80700284608F05AFA074600B3C5
:102D8000CDE90288CDE9048805F010F8102201464B
:102D900002A808F06FFC71682A460831384608F02E
:102DA00069FC1223019323780093264B2A4693F85B
:102DB0007430394602A8FEF79DFE10B9384608F077
:102DC00059FA07B0BDE8F08395F82900752221462D
:102DD000BEE7122BF5D1A0681B4E08F04BFA237802
:102DE000013B56F82370002FEBD07B686168188890
:102DF0000822184408F03EFCAB79012B03D02B6865
:102E00009B789B0716D595F829200D4B013A0C218C
:102E100001FB023397E8070003F5DC7383E8070042
:102E20002478013C56F8240008F024FA002346F8E0
:102E30002430C6E739462846FFF722F9F0E700BFFD
:102E4000CC41012054410120C84301202DE9F14F1C
:102E5000DDF828B080460F4615461E4603F09AFD61
:102E6000814640B15B4632463946404601B0BDE836
:102E7000F04F00F057B806F1170080B2FFF742F8A4
:102E8000044618B306F10F030380D22300F10B0AA6
:102E900003723B0A4772837232465946504620F00D
:102EA00021FC0AEB06032A0A0AF806505A702A0C7B
:102EB0002D0E9A70DD701122234639464046CDF81A
:102EC000289001B0BDE8F04FFFF7FABC01B0BDE8B3
:102ED000F08F0000024B034AC3F8F421704700BF93
:102EE000CC410120388E0700830710B504461EBF71
:102EF00020F003040434A4B204F1080080B2FFF708
:102F000001F808B10444046010BDC279012A02D15D
:102F1000028A02B9C2715A6804325A601A89043AA4
:102F20001A817047F0B5074685B002F10B0080B2F8
:102F30000D4616460393FEF7E5FF044698B1F31CD1
:102F40000380522303722B0A83720399457232461F
:102F50000B3020F0C7FB002300930A2223462946AA
:102F60003846FFF7ADFC05B0F0BD2DE9F74F9DF8F1
:102F70003880DDF830A0934607469DF834200D4692
:102F80001E46B8F1000F00D062BB06F10D0398B2E7
:102F90000192FFF7A9FF044630B3D0F80090162342
:102FA000A9F80060A9F802B003722B0A4572837277
:102FB000B8F1000F01D0019A3AB904F10D0351465E
:102FC0003246184620F08EFB824623460B222946C5
:102FD0003846C9F804A0CDF8308003B0BDE8F04F02
:102FE000FFF76EBC0D20D3E703B0BDE8F08F37B517
:102FF00004460A200D46FEF785FF034650B1022223
:10300000028000211822027245720C220091204693
:10301000FFF756FC03B030BDF0B52F4D05296C69A4
:103020002F7F85B04FF0000143D0CEB2B74243D8D6
:103030004BD05F781B7803EB07239BB2022B47D85A
:1030400013B16488234243D0441E55F82440002C19
:1030500040D034F8117024F81130BB4227D014212D
:10306000ADF80400ADF80A308DF80610AB698DF8A4
:103070000C60ADF8082001A8984718E001FB066E27
:1030800001F1010C34F80EE0964505D061465FFA77
:1030900081FC6745F2D818D0013855F82020CAB114
:1030A00032F81100187032F81120120A5A700020FC
:1030B0000CE0063C0626EAE7B4F800E0964501F18C
:1030C000010CB6D006346146AFE70A2005B0F0BD6A
:1030D0008020FBE71120F9E7DC430120044BC3E922
:1030E00005121877034B044AC3F8F421704700BF58
:1030F000DC43012010440120193005002DE9FF4771
:103100001D4C451E074654F825300E462BB9207F2E
:10311000400008F08DF844F8250054F82580B8F1F7
:10312000000F20D0227F0EBB52003146404604B033
:10313000BDE8F04720F0D4BB36F8153028F815303C
:1031400063B1ADF80A308DF80690A369ADF804704C
:103150008DF80C20ADF808A001A898470135237F11
:10316000EAB29342E8D804B0BDE8F08700254FF0FA
:103170001409AA46F3E700BFDC43012038B5054D2A
:10318000441E55F8240020B108F074F8002345F8D7
:10319000243038BDDC430120094B1A7C82420ED01A
:1031A000187408B900F04ABA002201215878013297
:1031B000022808BF5970052A03F10203F6D17047AF
:1031C000FC430120014B187C704700BFFC430120E9
:1031D00002292DE9F0410C46174603D10025284667
:1031E000BDE8F0811E29F9D0184E431E06EB4302BC
:1031F0004FEA4308517803291CD1610618D416F808
:1032000013300121DB07517012D40025082CE6D1C0
:10321000BA7B7B7B03EB02239BB242F62A329342BA
:10322000DDD1337C002BD9D0464402237370D5E71F
:103230001225EBE70129E8D114F04005F8D1F36835
:103240005570002BE1D029469847DFE7FC43012069
:10325000094B58B95A780130022A14BF0A46012294
:1032600005285A7003F10203F4D1704703EB4000C4
:1032700000F8011C704700BFFC430120012A0346EF
:10328000084605D80349013B01EB430120F02ABA67
:10329000704700BFFC430120024B03EB400010F8D5
:1032A000010C7047FC43012007B513460022009231
:1032B0000A461221FEF7F6FD03B05DF804FB00009C
:1032C0002DE9FF418378212B054657D1017A0078FB
:1032D00000F00EFA044628B9686804B0BDE8F04171
:1032E00008F002B86B6893F808805E88B8F11D0F8B
:1032F0006CD1028D2AB1287872223146FFF7D4FFB3
:10330000EAE72F882D7A1A8820692946FEF7FEFD04
:10331000B8F11D0F13D1222394F82510A37194F84E
:1033200024002685E684FEF705FE294BA0801B6855
:103330009979204604B0BDE8F04108F0DDB8236972
:1033400003EB85039B7813F0020312D1B8F1230F2E
:10335000F8B207D1009332461321FEF7A3FD04B063
:10336000BDE8F0811A46314604B0BDE8F041FFF7F0
:103370009BBF638D002BF2D16685F0E7222BEED147
:1033800000880DF10F020DF10E01FEF7D6FD9DF83C
:103390000E009DF80F10288000F0AAF904460028BE
:1033A000DDD0C38C002BDAD00026018DC6847122BB
:1033B0009DF80E00FFF778FF26852A7A236903EB34
:1033C00082039A7842F004029A70C8E7428D91E72E
:1033D000D063002070B50C46098D0546164619B11C
:1033E000FFF762FF00232385618D29B1324628460D
:1033F000FFF75AFF0023638570BD00008B78282BF0
:10340000F7B5064630D1CC7804B90C7AB57A174FA7
:103410005823013D03FB05752034EB8CE4B223B146
:10342000284608F072F80023EB8422462946B07A39
:10343000FFF7D0FFB37A5822013B534303F12C012D
:1034400039441F44B7F852303BB10846019108F0A7
:103450005CF800230199A7F85230B07A224603B0F5
:10346000BDE8F040FFF7B6BF03B0F0BD1044012047
:1034700010B500210446007800F03AF9014628B161
:1034800020780022BDE81040FFF7A4BF10BD000067
:10349000C38C37B504464BB308F037F8E08C01A96C
:1034A00000F0CAFA80B112490068022220F0E8F860
:1034B000054648B994F82400FFF7EEFE20B194F8D1
:1034C00024002946FFF7C4FE0023E38494F8252056
:1034D000236903EB82039D7815F0020506D1218D47
:1034E00094F824002A46FFF7DFFE258503B030BD9F
:1034F0009E8D070010B50A4B93F87400094B01220A
:103500001C4691B20132062A1873998083F838005C
:10351000198603F15803F4D1034BC4F8E83110BD08
:103520005441012010440120408E0700024BD3F883
:10353000E8315B68184700BF10440120F7B5054625
:103540000D201C469DF8207001911646FEF7DAFC0E
:10355000034670B184720122240A019902724672F4
:10356000C47207730522284603B0BDE8F040FEF799
:10357000CDBC03B0F0BD000038B5074D044694F84B
:103580002430363305EBC30007F0E8FE00B938BD40
:1035900007F070FEF3E700BF104401208B78282B62
:1035A0002DE9F047DFF8489005460E4607D0D9F8D8
:1035B000E83131462846DB68BDE8F0471847002768
:1035C0004FF05808AC7A013C08FB047409EB040086
:1035D000FFF7D2FFA87A03F003FA430704D51434A7
:1035E00009EB040007F091FF2C37582FEAD1DEE7F2
:1035F0001044012038B50F4D2B681B680446BBB141
:1036000003690421987A012203F0CEF90A4B93F85A
:10361000743084F820302023A37623699B7A238397
:103620002B6804F114001968BDE8384007F064BF46
:1036300038BD00BFD0630020544101202DE9F04384
:1036400000272A4C85B0B8464FF01109E368002BDB
:1036500032D02088083080B2FEF754FC054600289E
:103660003CD00923037212234372E3685B888372A0
:10367000E3685B881B0AC372E36803A9588800F0FB
:10368000DBF9064600B382684168128805F10C0335
:10369000184620F027F8B2682189128805F108033E
:1036A0000244D21A92B22B46042004F075FFE0685F
:1036B00007F0E0FDC4F80C800837282F04F110044F
:1036C000C4D105B0BDE8F083E3680A221B880092EC
:1036D000014608222046FFF731FFE8E7E3680822A9
:1036E0001B88CDF800900146F4E700BF544101204B
:1036F00038B504460D4603F009F938B15823013CAA
:103700005C4303482C2313FB0541084438BD00BF2C
:103710001044012010B50C4603F0E4F838B15823EA
:10372000013858432C2313FB04010148084410BD01
:10373000104401202DE9D343894600211746FFF7A5
:10374000E9FF064638B33C7A122C03D9A4F11603DC
:10375000082B23D84FEA540833699B781B0702D5FE
:10376000B8F10F0F17D196F824003A462146FFF71B
:103770002FFD98B3BA7A7B7A03EB02239BB2022C1B
:1037800009D01E2C07D014F0400104D100903069FC
:103790002246FFF7D3FE02B0BDE8D083522C08D0FA
:1037A000202C09D0D22C0CBF4FF011084FF000088C
:1037B000D2E74FF00A08CFE74FF01008CCE70B4AEA
:1037C00012F808204A4506D83A464946304602B023
:1037D000BDE8D043184703460420D0E7044B53F814
:1037E0002830002BEBD103460620C8E7608E070087
:1037F00080630020114B124930B50022C3F8E81154
:103800001049C3F8EC11C3E978220F491546084660
:1038100001240132D2B2052A1961D96383F8242028
:1038200083F8255083F8502083F8514001F11001AE
:1038300003F15803EDD1054B436530BD1044012021
:103840006C8D0700ED1D050054410120508E0700CE
:10385000014BC3F8F00170471044012010B5044635
:103860000BF086FD0B4BD3F8E03100221BB1208A10
:10387000198A88420AD22146074807F08BFD0120A9
:10388000FFF78AFCBDE810400BF074BD1A461B68B8
:10389000ECE700BF10440120F045012010B50446BC
:1038A0000BF066FD0A4BD3F8E011002231B901207C
:1038B000FFF772FCBDE810400BF05CBD0B8AA34221
:1038C00002D00A460968F1E7024807F080FDEEE7FA
:1038D00010440120F04501207FB50E4601901446AA
:1038E0000BF046FD019803A900F0A6F8054698B133
:1038F0008389B34212D32146406832461FF0F2FE5C
:10390000AC7B14F0080402D0AB6800241E800BF0DE
:1039100031FD204604B070BD0A24F8E70D24F6E717
:1039200030B589B04FF4A81304468068049300258D
:10393000102306938DF81C50ADF81E5010B107F0FF
:1039400099FCA5606068102107F0A1FE63680593EB
:1039500003AB019302AB009302220A4B4FF6FF71B7
:10396000012000F0C5FA18B1059A1021FFF7B4FF45
:103970000020FFF711FC044B04A8DB6E984709B048
:1039800030BD00BF968D07005441012010B48378EC
:10399000202B06D100785DF8044B0022042103F0AF
:1039A00003B8222B06D80B4BD3F8E8319B685DF89F
:1039B000044B1847232B03D1064BD3F8EC31F6E721
:1039C000242B03D15DF8044BFFF7AABF5DF8044B2D
:1039D000704700BF1044012010B504461346A27B77
:1039E0000068D20709D402290CD10A4619461FF0F3
:1039F00047FEB0FA80F0400910BD1029F5D001460D
:103A0000184602E01029FAD11946BDE81040FEF729
:103A100039BA022903460CD100781178884206D1C0
:103A200058785378C31A58425841C0B270470020A2
:103A3000FBE71146FEF726BA10B5094BD3F8E03183
:103A400053B11A8A824209D85C8A844206D30B6039
:103A50005B68801A03EB0013184610BD1B68EFE784
:103A60001044012030B50B4BD3F8E0310BB91846A8
:103A70000FE01C8A844204D98C4201D91B68F5E707
:103A800020465D8A8542F9D35B68041B03EB04136F
:103A9000136030BD104401200B4273B506460D463D
:103AA0001C4605D101290CBF0220032002B070BDC5
:103AB000102908BF1C0914F00E0F01D10020F5E7F2
:103AC000019202F067FF14F0080F019A00D088B14C
:103AD00004F00A030A2B01D101280BD96307EDD5A5
:103AE000064BD3F8F0313BB12946304602B0BDE871
:103AF000704018470520D9E70820D7E71044012077
:103B0000F0B585B00446154690F8240001220DF169
:103B10000F01FFF7B3FB9DF80F309B070AD5062373
:103B2000009394F82510206900230222FFF706FD78
:103B300005B0F0BDAB7A6E7A154D06EB0326B6B232
:103B40002B68172E9F8838BF1726FCF7C5FF04384F
:103B5000874218DA2B689D880B20FEF7D3F90346BD
:103B600048B1290A032202724572817294F8251025
:103B70002069FEF7CBF994F8251020692B463246D0
:103B8000FEF7ACF9D4E7FCF7A7FF043885B2E3E70A
:103B9000D06300202DE9F04F937A92F8098008EB6A
:103BA00003281FFA88F885B00646B8F1000F77D0D1
:103BB000137BD17A01EB03218CB2A04570D8036945
:103BC00090F8252033F822A00AF1080A1FFA8AF09B
:103BD000FEF798F90546002864D0052303720123F7
:103BE000437200F10E09AA4440464FF6FF7B03AA38
:103BF0002146A9F10407FFF735FFD0B1039B9B7B5A
:103C0000DB072FD505F10A039F4212D10223040AD4
:103C100007F8013C38707C70039B1B6805F10C02AF
:103C200003F1100153F8040B42F8040B8B42F9D155
:103C3000123705F10A039F4236D1284607F054FB9C
:103C40000A243046FFF7D6FC96F8251074BB05F120
:103C50000803FA1A30692B4692B2FEF757F905B0FD
:103C6000BDE8F08FD1454A46E3D8030A09F8040CB1
:103C700009F8033C039B1B681B7809F8023C039B73
:103C80001B6858455B7809F8013C07D0431C98B283
:103C9000844209F10409AAD21746CAE74F46C8E789
:103CA0000124CEE71124CCE70024CAE73069009450
:103CB00043460422FFF742FCD1E700002DE9FF4113
:103CC000D0F8108090F82530557A38F82370937A20
:103CD00005EB0325ADB2044603A92846FFF7ACFE69
:103CE0000646002855D0C37B98F80A002A460121D1
:103CF000FFF7D2FE034680B9B27B510716D5039970
:103D0000D1F80880B8F1000F10D022692946907AC6
:103D100000960A22C047034650B1009394F825103C
:103D200020692B460A22FFF709FC11E0930612D402
:103D3000B368B3F80080013FB845A8BFB8461FFA82
:103D400088F707F1090080B2FEF7DCF8054678B97C
:103D500004B0BDE8F081104BD3F8F481B8F1000F46
:103D6000E6D020697368807A2A460521C047D2E7E9
:103D70000B23037271681FFA88F209301FF0B2FC3E
:103D80007A1C94F8251020692B4692B2FEF7BEF8F3
:103D9000DEE70123C1E700BF104401202DE9F04F09
:103DA0000369174690F8252033F8223089B004467D
:103DB00003F1080080B20D460593FEF7A3F8804694
:103DC00000287CD0013DABB24FF0000B039300F113
:103DD000090A0B37D9465D46039B1BB9BBF1000F9F
:103DE00061D02DE017F8013C17F8025C05EB0325C4
:103DF000039BADB2023B9BB207A928460393FFF792
:103E00001BFE064600286ED02069F37B807A2A4686
:103E10000121FFF741FE0490002860D1B37B5A07CF
:103E20001CD5079AD2F808B0BBF1000F16D0236951
:103E30002022987A049B00962946D847834678B179
:103E400040462121FEF7E6F894F825102069CDF8C8
:103E500000B02B462022FFF771FB30E09B0631D4E7
:103E6000059BA3EB0902B3681B88093A9A42A8BFD5
:103E70001A465346C2F3072103F8022B1FFA82FBAE
:103E80008AF80110184671685A461FF02BFC09F198
:103E900002031BFA83F31FFA83F9B3681B88DA461F
:103EA0005B4582441BD9212388F8083009F10102BF
:103EB00094F825102069434692B2FEF727F809B01E
:103EC000BDE8F08F094BD3F8F4B1BBF1000FC7D0B8
:103ED00020697368807A2A460521D847AEE7DDF865
:103EE00010B0023778E74FF0010BA9E7104401202A
:103EF0002DE9F0479A461A4B089FD3F8E0510E4639
:103F0000904604464FF6FF790DB92C4625E0288AE5
:103F1000A0420FD9B0420CD92D68F5E74C45FBD033
:103F20003B68103301343B606B8AA4B2A34209D2D0
:103F3000F2E704466B8AA342EED36968201A01EBCC
:103F400000113960B442E7D8386852464146FFF75D
:103F500043FD0028E2D0099B1D602046BDE8F087A4
:103F6000104401202DE9F3414FF42053ADF8003007
:103F700042F60103ADF804304FF6FF73984207464E
:103F800005D14FF6FF76304602B0BDE8F0811B4BFD
:103F9000441CD3F8E081A4B2B8F1000FF1D0B8F816
:103FA0001030B8F812209C4238BF1C46A24221D3E0
:103FB000D8F80450E31A05EB03153E466A46022181
:103FC00028462746FFF708FD0028DCD101AA022178
:103FD0002846FFF701FD0028D5D14FF6FF739C421C
:103FE000CFD0B8F812300134A4B2A34205F11005C5
:103FF0003E46E3D2D8F80080CEE700BF104401204F
:104000002DE9F043036990F82510567A33F82170B2
:10401000937A92F80B8092F80C9006EB032685B009
:10402000B6B2044603A93046FFF706FD0546002850
:104030005ED02069EB7B807A32460121FFF72CFDB0
:10404000C0B9AB6808EB09281B881FFA88F84345FC
:1040500050D3AB7B5A0716D5039AD2F80890B9F122
:10406000000F10D023690C22987A00954346314600
:10407000C84750B1009094F82510206933460C22AF
:10408000FFF75CFA12E09B0613D4AB681A88013F75
:10409000A2EB08029742A8BF17461FFA87F909F159
:1040A000090080B2FDF72EFF064678B905B0BDE8DD
:1040B000F083114BD3F8F491B9F1000FE5D02069EA
:1040C0006B68807A32460521C847D2E70D23037218
:1040D0006968BAB2414409301FF004FB09F10102DA
:1040E00094F825102069334692B2FDF70FFFDDE703
:1040F0000120BFE70720BDE7104401202DE9F04F64
:104100002DED028B937A92F8099009EB03291FFA9F
:1041100089F987B080460F461646B9F1000F7FD067
:10412000137B92F80BA00AEB032A1FFA8AFAD145F7
:1041300076D8036990F8252033F8223003F1080B74
:104140001FFA8BF0FDF7DEFE054600286AD006F167
:104150000D0308EE103A06F10F0308EE903A073F00
:10416000072205EB0B0300F109040272BFB24846B7
:10417000039305AB019304AB0093022218EE103AAF
:104180005146FFF7B5FE8346E0B905F109039C42AD
:104190004AD1284607F0A8F80A264046FFF72AFA2F
:1041A00098F82510002E41D105F10803E21AD8F83D
:1041B00010002B4692B2FDF7A9FE07B0BDEC028BB2
:1041C000BDE8F08F0499CA7BD30721D557B18A681F
:1041D0001288BA421CD1496818EE900A3A461FF07C
:1041E0004FFAA8B9727BCAB9B27B282A584601D1C6
:1041F000FFF7B8FE039B221D9A42C6D84FEA1B2345
:104200006370030A84F800B0A070E370834614461C
:10421000D345BAD20BF1010398B2AAE75846E9E7B1
:104220000126BAE71126B8E70026B6E7D8F810004D
:1042300000964B460622FFF781F9BEE72DE9F04FC5
:104240002DED028B0369547A92F80B90054690F895
:104250002500053933F82060937A5FFA81FA04EB80
:104260000324BAF1020F137B89B0A4B203D0BAF1D0
:10427000100F40F00281002C00F0018109EB0329AE
:104280001FFA89F94C4500F2FA8002F10D0308EE9D
:10429000103A07AB019306AB0093204618EE103A94
:1042A00052464946FFF724FE0446002800F0E98004
:1042B0002869069B807ADB7B22460121FFF7ECFB15
:1042C000034670B9069A917B4F0711D50798876806
:1042D00077B12969887A009221460822B8470346B7
:1042E00040B1009395F825102869234608227BE009
:1042F000880654D4654918EE100A02221FF0C0F94E
:10430000002858D006F1080B1FFA8BF0FDF7FAFDD4
:104310000746002800F0B78009230372069B9A68BD
:10432000B2F800808472043EB04528BFB0465FFA00
:1043300088F808F1020242720492220AC27200F165
:104340000C065968304642461FF0CCF9049B0134F4
:104350001E4407EB0B03A0B20593B31E039307ABF8
:10436000019306AB0093524618EE103A4946FFF708
:10437000BFFD0446002842D0069B28699A7B51075E
:1043800035D50799D1F808B0BBF1000F2FD0807A4E
:104390000093082200232146D84750B32FE03C4B1E
:1043A000D3F8F471002FA5D028695368807A22468B
:1043B0000521B84793E7FEF705FF0028A2D00420A7
:1043C0002E6906F035FFF0602869C36833B11C80A0
:1043D0005C8009B0BDEC028BBDE8F08F112395F82D
:1043E0002510009308222346FFF7A8F8F1E792066C
:1043F00011D4069B28699A681288424517D0039AFF
:1044000095F82510286907F10803D21A92B23B46A5
:10441000FDF77CFDDDE71E4AD2F8F4B1BBF1000FD9
:10442000E7D05B68807A22460521D847B5E7DB7B79
:10443000807A22460121FFF72FFB0028DFD1059B60
:1044400008EB060B9B45DAD8230A06F8024C06F85F
:10445000013C069B4246596830461FF043F94FF62F
:10446000FF739C4206D00134049BA0B281451E44D8
:10447000BFF473AFCDF80CB0C1E7042331E70123DB
:104480002FE70A232DE711232BE700BF968D0700A6
:10449000104401202DE9F04F0369174690F82520BC
:1044A00033F822A00AF1080A87B004461FFA8AF0FE
:1044B0000E46FDF727FD0546002866D00836BB19D5
:1044C00003930F23093700F109090372039B9F42ED
:1044D0000BD305F10803A9EB030294F8251020691A
:1044E0002B4692B2FDF712FD59E07B7817F8026B6C
:1044F00006EB0326B6B205A93046FFF79DFA8046C3
:1045000000284FD0206998F80F30807A3246012178
:10451000FFF7C2FA0346002845D198F80E2051074C
:1045200023D50599D1F808B0BBF1000F1DD0226941
:104530003146907ACDF800800E22D847034690BBD2
:1045400005EB0A024A45C1D9A2EB090293B2D8F899
:104550000820D8F8041016889E4228BF1E464846F8
:1045600032461FF0BFF8B144B0E79306E8D5114BCF
:10457000D3F8F4B1BBF1000FE2D02069D8F80430D1
:10458000807A32460521D847D8E7112306460093A2
:1045900094F82510206933460E22FEF7CFFF07B0AE
:1045A000BDE8F08F01232846039306F09DFE039B90
:1045B000EDE700BF104401202DE9F04F2DED028BF7
:1045C0008BB04FF4205392F80980ADF81C300539B8
:1045D000937A5FFA81FB08EB0328BBF1020F814657
:1045E0001FFA88F803D0BBF1100F40F0B080B8F18B
:1045F000000F00F0B080117BD37A03EB01239BB254
:104600009845029300F2BE80D9F8103099F8251031
:1046100033F8216002F10D031A46594607A808EE47
:10462000103AFFF7F6F9002800F0AE8009AB0193CD
:1046300008AB0093029918EE103A5A464046FFF72D
:1046400057FC0446002800F0A180D9F81000089B10
:10465000807ADB7B22460121FFF71EFA07460028FD
:1046600040F0968006F108030493BDF81000FDF7B2
:1046700049FC11230546002800F08C800372089B3A
:104680009B68B3F800A08472063EB24528BFB246CC
:104690005FFA8AFA0AF1040343720393230AC3728E
:1046A0002046FFF75FFC08992873020A6A7305F138
:1046B0000E0605904968304652461FF013F8039BDA
:1046C0001E44049B2B440493059B4FF6FF729342B8
:1046D000A6F1040442D0013398B2029B83423DD339
:1046E00009AB019308AB00935A4618EE103A0299B1
:1046F000FFF7FEFB024688B3089B9968098851457D
:104700002CD1D9F81000DB7B807A05920121FFF7CC
:10471000C3F918BB049A0AEB06039A423DD3059AE3
:1047200006F8042C130A06F8033C1046FFF71AFC9F
:10473000020A06F8020C06F8012C0899059049684F
:10474000304652461EF0CEFF039B1E44BCE70427B2
:104750000024254602E00127444645464846FEF728
:1047600049FF99F82510D7B905F10803E21AD9F8DD
:1047700010002B4692B2FDF7C9FB0BB0BDEC028BCB
:10478000BDE8F08F0127E3E71027E1E70A27E0E71C
:10479000A046DDE704461F46E0E70746DEE7D9F816
:1047A0001000009743461022FEF7C8FEE5E7000020
:1047B000F0B5436887B006460C4643B34D890735CC
:1047C000ADB2284606F034FDB4600746F8B10023C8
:1047D0007168102202A8CDE90233CDE9043306F056
:1047E00049FF2A4604F10D01384606F043FF232312
:1047F0000193237B00930A4B2A4693F87430394681
:1048000002A8FDF777F940B9384606F033FD204697
:1048100007B0BDE8F04006F02DBD07B0F0BD00BF09
:10482000544101202DE9F347937A567A06EB03268B
:10483000B6B205468946304601A99046FFF7FCF816
:1048400000283ED0817B4F063BD52B69204F9B7AB9
:10485000013B07EB03135A689AB3C27B12F0900F27
:104860002FD0940601D51B7B5BB3A9F10F0A0A0771
:1048700083891FFA8AFA22D49A4522D109F10F00BE
:1048800080B206F0D5FC0446D8B12B69436006819E
:10489000A0F80AA095F82430037308F108014A46ED
:1048A0000D301EF01FFF95F82430013B07EB03107D
:1048B0002146836843B1074806F03EFD01E09A4572
:1048C000DCD902B0BDE8F087FFF772FFF9E700BF5F
:1048D00008460120584601202DE9F0478378232B14
:1048E00088B0064657D10023CDE9063303783B4D07
:1048F0004168013B1F0105EB031308229C6806A8D1
:1049000006F0B8FEB4F80AA004F10D090AF1070197
:104910000822494406A81EF0B3FE804650BB09EBAE
:104920000A035A791979120402EB0122D9789B798A
:104930000A4402EB0362EB599A421BD30132EA515B
:10494000208905A9FFF778F8814698B1817B88070F
:1049500004F1100322D5059AD2F80CA0BAF1000F89
:104960001CD02189207BCDE9013963890093D222B3
:104970004346D047204606F07DFCB06806F07AFC3E
:10498000174806F0EBFC014620B3007B013805EB2D
:104990000010FFF70DFF08B0BDE8F0878A060AD5C2
:1049A000104AD2F8F481B8F1000F04D02289207B9C
:1049B0000921C047DEE76289D9F8040019461EF0D4
:1049C00091FE99F80E301B0742BFD9F80830628972
:1049D0001A80CFE73D44A860DDE700BF084601200C
:1049E0005846012010440120054B0022C3E914223F
:1049F000044B054AC3F8EC21044B054A5A6470473E
:104A00000846012010440120D94805008063002099
:104A100025480500034B013803EB001359601A7356
:104A2000704700BF08460120024B03EB001040F81E
:104A3000101C704708460120024B03EB001050F891
:104A4000100C7047084601202DE9F047937A92F840
:104A5000099092F808A009EB032986B01FFA89F99A
:104A600005460E46484605A99046FEF7E5FF07466F
:104A700000284FD02869FB7B807A4A461021FFF737
:104A80000BF80446002854D1BB89033EB6B2B342AA
:104A90004DD3B97B880708F10B0324D5059AD2F8CA
:104AA0000C80B8F1000F1ED02A694946907A009612
:104AB000CDE9013752462346C0470446002838D185
:104AC000BAF1120F0CD10920FDF71CFA034638B1D8
:104AD0001322027295F8251028690122FDF716FAB3
:104AE00006B0BDE8F0878A0609D5194AD2F8F44124
:104AF0002CB128694A460921807AA047DDE719468A
:104B0000786832461EF0EEFDBB7B1B07D8D5BB682C
:104B10001E80D5E70124BAF1120FE1D195F82510D6
:104B2000286900944B461222FEF708FDD8E70D24B1
:104B3000F1E7BAF1120FD3D17A2C2B6995F8252021
:104B4000ECD103EB82039A7842F008029A70C7E72F
:104B5000104401202DE9F04F937A547A92F80B809B
:104B600092F80C9004EB032487B0A4B206468A4660
:104B7000204605A91546FEF75FFF0746002800F00E
:104B80008780C37B96F8240022461021FEF784FF1D
:104B900000285DD108EB09281FFA88FBBB7BBBF11D
:104BA000000F01D0D90675D5AAF105091A071FFA19
:104BB00089F902D4BB894B456ED396F82400394B52
:104BC000363003EBC00006F01AFC374B1B68DB796C
:104BD000834263D90AF1060080B206F029FB8046C1
:104BE00000285DD0BB7B9B0705F10D051ED44A460E
:104BF0002946A8F80490A8F80640A8F808B008F1DB
:104C00000A001EF06FFD96F82400264B363003EBA9
:104C1000C000414606F090FB0AF1080080B2FDF7A3
:104C200071F90746E8B907B0BDE8F08F059BDB686E
:104C30009C46002BDBD0CDE9015796F82400CDF837
:104C400000900023162221466746B8470028CED0A0
:104C5000009096F82510306923461622FEF76EFC68
:104C6000E1E71723037244724FEA1B23240A84727C
:104C700080F80BB003734A4629460D301EF032FD12
:104C800096F8251030693B465246FDF73FF9CAE7D2
:104C90000120DDE70B20DBE70D20D9E70920D7E76E
:104CA0001120D5E710440120D06300202DE9F04108
:104CB000537A86B0064683B9FEF75EFC0920FDF7FD
:104CC00021F90346002836D01922027296F82510E1
:104CD00030690122FDF71AF92DE0012B7DD190F802
:104CE00024303F4F363357F833405CB996F82400F0
:104CF000363007EBC00006F031FB054610BB002C38
:104D0000DCD010E0E08804A9FEF796FEC0B121894E
:104D10008289914212D8A3880B44934210DD0D245E
:104D20003046FEF729FC96F82510306900940023E0
:104D30001822FEF703FC06B0BDE8F0810724EFE778
:104D40002468D2E7E88805A9FEF776FE804620B9F8
:104D50000E243046FEF710FC19E0C37BD8063AD586
:104D600098F80E20910705F10A0314D50599CC682F
:104D70008CB12A89E98896F82400CDE90138AB88FE
:104D8000009313461822A04704460028E1D1284684
:104D900006F070FAAAE7920608D5D7F8F4412CB1CC
:104DA000EA8896F824000921A047EDE72C89D8F875
:104DB0000400AA88204419461EF094FC98F80E407E
:104DC00014F00804E3D0AB882989D8F808200B44F4
:104DD00013800024DBE70324BBE70424A3E700BF20
:104DE000104401200C4B1A18FF2110B5117700F167
:104DF00008014FF4C86423F8114003EB41034FF45A
:104E0000F061D9800723D377044B03440021597400
:104E100082F8231010BD00BF6046012034480120F5
:104E200008B50020FFF7DEFF0120FFF7DBFF0220BF
:104E3000FFF7D8FF034B044A197B117300229A73C2
:104E400008BD00BF344801206046012030B58BB05A
:104E500004460D462422002101A81EF041FD0E4902
:104E60008DF8085002238DF8063001238DF80C30A0
:104E70000B190DF10E0093F83F308DF80D3006231D
:104E800003FB04112D318DF8075006F07FFB01A8BC
:104E900002F0BAF80BB030BD60460120F7B5064607
:104EA0000E200F461546019306F012FA044680B113
:104EB000002383704771067185710199073006F0F0
:104EC00065FB054B187B214603B0BDE8F04006F0BA
:104ED00014BA03B0F0BD00BF344801202DE9F341FE
:104EE00080460F4603F108000899019116461D46B9
:104EF00006F0EEF9044698B101230199837080F819
:104F0000048047718671C5712A4608301EF0EAFB9D
:104F1000054B187B214602B0BDE8F04106F0EDB923
:104F200002B0BDE8F08100BF344801202DE9F04116
:104F3000054612200E461746984606F0C9F9014666
:104F4000D8B102238370057101F1080305300024F4
:104F5000E2B2954205D80A4BBDE8F041187B06F055
:104F6000CCB9325D00F8012B37F8142023F8022B5E
:104F700018F8042002720134EAE7BDE8F08100BFAE
:104F80003448012038B5054608200C4606F0A0F943
:104F9000014690B10323837005712346421D2544C9
:104FA000AB4205D1054B187BBDE8384006F0A5B9EA
:104FB00013F8010B02F8010BF2E738BD3448012069
:104FC00010B50446062006F083F9014640B10423DB
:104FD0008370044B0471BDE81040187B06F08DB956
:104FE00010BD00BF3448012008B5042006F070F958
:104FF000014638B105238370034B187BBDE8084098
:1050000006F07BB908BD00BF3448012037B505461E
:105010000C20019106F05CF9044670B10623837000
:1050200005710199053006F0B1FA054B187B214650
:1050300003B0BDE8304006F060B903B030BD00BF3A
:105040003448012070B504460E4615460AF090F922
:1050500004F10800044B23F8106003EB4003DD80EB
:10506000BDE870400AF086B96046012038B50546B3
:105070000C460AF07DF903482844C477BDE838405F
:105080000AF078B96046012010B504460AF070F9BC
:10509000024B9C73BDE810400AF06CB93448012003
:1050A0000A4A0E2358431318FF21115400220121EC
:1050B0007F2059709A70DA70187159719A71D9718C
:1050C0001A725A729A725A73704700BFA44601202E
:1050D000064A0623584313184FF4C86111524FF47F
:1050E000F0625A8000229A80704700BFCE460120AD
:1050F00010B5084C4318994201D1002010BD11F899
:10510000012B2244107F0128F8D00428F3D101207C
:10511000F4E700BF6046012010B50A490A4A00239F
:1051200011F8014B012C01D0042C02D1547B844294
:1051300005D00133DBB2032B02F10E02F0D1184689
:1051400010BD00BF7C460120A446012008B5FFF732
:10515000E3FF02280BD8064B0344FF221A770022F4
:1051600083F82320034B0E2101FB00335A7308BD43
:1051700060460120A4460120064B93F8230093F8D3
:10518000242093F8253010431843012894BF0020B1
:105190000120704760460120084B5A79012A08D83F
:1051A000DA7A012A07D85B7C012B8CBF022003200E
:1051B0007047002070470120704700BFCE46012095
:1051C000704700008378034A03F0070352F8233046
:1051D000184700BF808E07008378034A03F0070357
:1051E00052F82330184700BFAC8E0700F7B54E23A6
:1051F0000D4D0E4FADF8023000246B7903F0FD0326
:10520000012BE6B206D1BB688DF80460ADF8004012
:105210006846984730460134FFF75AFF032C05F1E2
:105220000605EAD103B0F0BDCE4601203448012086
:10523000F0B585B0482300240F4E104FADF806306E
:105240008DF8084016F8013B1A1F012AE5B201D972
:10525000012B06D1BB688DF80950ADF8044001A8B8
:10526000984728460134FFF71BFF032CEAD1FFF7CC
:10527000D7FD05B0F0BD00BF8346012034480120B2
:10528000411D0079FBF7A4B82DE9F04F8BB00679EA
:105290008DF80B6082460DF10B010120FFF728FF0E
:1052A0000546002840F0A9809AF80540DFF8E08123
:1052B0009AF80690012C1BBF0E2303FB068327469A
:1052C0005F781C22002103A80AF1070A1EF008FBE0
:1052D000002F00F09580042C98BF694B4FF0010718
:1052E00098BF195D8DF8227088BF0021BC4241F043
:1052F000100103D0251F18BF012514B1A21E57426B
:10530000574111F0080F5F4BADF80C1008D106F1B2
:10531000080233F81210049103EB4202D28805927E
:10532000DFF864B133449BF80E00DB7F8DF8183052
:1053300001F0C0FE0BEB06038DF81A905B7C8DF834
:1053400020300E23734308EB03098DF8190099F8F8
:1053500004208DF8212099F80A208DF8252099F84D
:105360000820CDF81CA08DF826207DB999F80B20D7
:1053700062B118F80330FF2B08D000952B462A465F
:1053800003213046FBF776F889F80B508FB90E23CE
:10539000734308EB03052A7B5AB118F80330FF2B3F
:1053A00007D000973B463A4603213046FBF786F884
:1053B0002F7303A93046FBF720F80E23734308F838
:1053C00003409BF80E30012B09D19BF8053003F008
:1053D000C003C02B03D12C493046FAF7F9FF002C4B
:1053E00046D0013CE4B2042C44D8284B1B57DBB216
:1053F000324602210E2001F077FD0BB0BDE8F08FA0
:1054000094B3052C31D0012C36D0042C34D0022C8E
:1054100001D0072C0AD10025012702216FF0D20309
:105420002341DB0706D441F0040103E04FF00105FE
:105430003946F3D90E2303FB068292780AB141F074
:10544000200103FB0683DB780BB141F040010E2302
:1054500003FB06835A798DF822209A79DB798DF83F
:1054600023208DF824304CE7052401252946E1E767
:105470000123BCE70023BAE701210D46D3E700BFB3
:10548000758E070060460120344801207A8E07009F
:10549000A44601202DE9F04387B001AE9DF838E025
:1054A000DFF844909446002532464FF00A08ECB2EB
:1054B000A04206D801460120FBF724F807B0BDE85A
:1054C000F0835C5D34713CF815404F5D377024B15A
:1054D000013CB4FBF8F40134A4B24F44748087F863
:1054E00023E001350636E2E760460120F0B5104EB4
:1054F00087B060B986F8232086F8242086F8252016
:10550000014601AA0020FAF7FDFF07B0F0BD002315
:1055100001AC1F46CD5C25703544013385F823204E
:10552000DDB2A8426780277104F10604F2D8E7E7EC
:105530006046012010B40079074C062141436218EF
:10554000615A13795DF8044B5288003B18BF012360
:105550009B01FBF732B800BFCE460120827941792A
:10556000C31D0079FBF746B808B50146FFF714FEE6
:1055700002280BD90979064B062202FB01330222CD
:105580005A71BDE808400120FBF755B808BD00BFBF
:10559000CE46012008B50146FFF7FEFD02280BD9D3
:1055A0000979064B062202FB013303225A71BDE83A
:1055B00008400020FBF73FB808BD00BFCE460120E1
:1055C000012A10B518D1B8B90E4B93F82320012A3F
:1055D00008D193F82420012A04D193F82500431E12
:1055E0005842584110BD11F8013B234493F8233031
:1055F000934203D00020F5E7024C08448142F2D1E7
:105600000120EFE76046012030B585B00446FFF782
:10561000B3FD024600BB2579611D28460391FFF7C3
:10562000CFFFC8B103992846FFF762FDA0B90B4A26
:105630000399507F137F0340907F0340FF3B18BFC7
:10564000012382F82C300323009304F1080204F1B3
:105650000E032846FFF71EFF05B030BD604601204F
:1056600073B5194B19491B88ADF80430002305792F
:105670008DF8063005301C46DAB2954216D8FFF791
:105680007BFD88B9012201A92046FFF799FF58B197
:1056900001A92046FFF72CFD30B905B124B1052240
:1056A00001A92046FFF722FF02B070BD10F8012BC0
:1056B0008E18367FFF2E05D0661C08346C4404F823
:1056C000042CF4B20133D7E7728E07006046012044
:1056D00013B5012204798DF807400DF1070110463A
:1056E000FFF76EFF50B1FFF747FD28B906220DF115
:1056F00007010120FFF7FAFE02B010BD2046FAF7BD
:1057000042FF2046FFF76EFB204602B0BDE8104086
:10571000FFF7C6BC00B58378382B9BB001460ED18D
:10572000FFF73AFD02280AD8144B0A6801920621B5
:1057300001FB00335979022904D0032912D01BB090
:105740005DF804FB120E4FF04D018DF808008DF846
:1057500006100CBF012200225A71094B01A89B6858
:105760009847ECE7120E4FF04E018DF808008DF8C7
:10577000061014BF01220022EEE700BFCE46012032
:105780003448012008B5164B93F82320012A10D184
:1057900093F82420012A0CD193F82530012B08D14D
:1057A000FFF7EAFC0146D0B9BDE808400722FFF741
:1057B0009DBE0020FFF716FB0020FFF771FC0120C3
:1057C000FFF710FB0120FFF76BFC0220FFF70AFB3D
:1057D0000220FFF765FCBDE80840FAF7E2BE08BD0D
:1057E0006046012073B501460079224B8E790E2266
:1057F00042439C189A5C65784C6804F0FF24DEB93B
:10580000B4F5407F04D095B1012A0ED0042A0CD003
:105810000E2404FB003401F108030093CB79627A73
:105820004979FAF727FE0123E37202B070BD12F046
:10583000FD0FFAD0072AEAE7B4F5407F03D085B11F
:1058400012F0FD0FF1D10E2202FB003401F108032A
:105850000093CB79627A4979FAF730FE01232373FA
:10586000E3E7072AE1D8852424FA02F2D207DCD53F
:10587000E9E700BFA446012008B50020FFF710FCAF
:105880000120FFF70DFC0220FFF70AFCBDE80840ED
:10589000FFF7C6BA08B50020FFF71AFC0120FFF792
:1058A00017FCBDE808400220FFF712BC2DE9F04FBD
:1058B0005A4D5B4C0368DFF86CB19BB026460193F0
:1058C000A84600274FF0FF0A16F8013B043B012BC6
:1058D000FAB226D89DF8073016F8089CADF80AA051
:1058E0008DF808308DF80920002B4BD106F808AC54
:1058F00006F8013C88F80D3048210D2001F0F4FA3B
:10590000B9F1FF0F0DD0B9F1010F0AD0B9F1040FB1
:1059100007D04FF048038DF8063001A8DBF80830B7
:1059200098470137032F08F10E08CDD100268DF8D6
:105930000860B0463746B14614F8013B032B5FFAC6
:1059400086FA23D8012B24D99DF80830591C6833D6
:105950006B448DF8081003F85FAC9DF8073093BBDB
:10596000524647210C2001F0BFFA2B7804F8083C7E
:10597000012304F8013C2B78012B0AD0042B18BF1B
:10598000472706E0012306F8013CB9E7063B012B57
:105990001BD90136032E05F10E05CDD1B8F1000F4C
:1059A00007D0FAF7FEFD00231A4604210E2001F06D
:1059B0009BFA2FB11B4B8DF806709B6801A8984786
:1059C0001BB0BDE8F08F0023D3E79DF807B0BBF113
:1059D000000F1ED15046FFF705FA5046FFF760FB57
:1059E00014F8011C062911D15046FAF7CCFD5B468C
:1059F000524603210E2001F077FA4FF0FF3304F8EE
:105A0000083C04F8019C85F80D90C2E74FF00108AE
:105A1000F3E74FF0010304F8013CBAE7A446012084
:105A2000834601203448012083782E2B70B504462C
:105A30002ED145791D491E4A2944FF230E7F0B773D
:105A4000002381F823300E2101FB05220D20537322
:105A500048212A4601F048FAFF2E26D0012E21794E
:105A600010D0042E0ED04823A37029B9E08800F08E
:105A70003DFB08B1037C23800E4B9B682046BDE8AC
:105A80007040184789B12846BDE87040FFF7DEB97D
:105A90002F2B04D149238370064B9B68EFE7372BEC
:105AA00003D1BDE87040FFF701BF70BD6046012023
:105AB000A4460120344801207FB5154604468DF8E0
:105AC0000F10ADF80C30FFF757FB024628BB0DF165
:105AD0000F010120FFF774FDF8B1012D0CBF022367
:105AE000032303AA00930DF10F0108AB0120FFF778
:105AF000D1FC9DF80F500A4E0A992D23062010FB69
:105B00000530304405F042FD9DF8243086F83F30E2
:105B1000044B0E2202FB05335C7304B070BD00BF62
:105B200060460120A446012007B50146FFF724FB8B
:105B300090B90846FFF7F0FA02288DF807000BD855
:105B4000074B03440DF107011B7F012B0CBF0422FF
:105B500005220120FFF7CAFC03B05DF804FB00BF7B
:105B600060460120FFF7F2BAFFF7F0BA10B504461D
:105B7000062005F0ADFB014640B150238370044B75
:105B80000471BDE81040187B05F0B7BB10BD00BF25
:105B900034480120F7B5074602F108000E461546C5
:105BA000019305F095FB044688B151230199837058
:105BB0000771467185712A4607301DF093FD054B2C
:105BC000187B214603B0BDE8F04005F096BB03B05A
:105BD000F0BD00BF3448012010B50446062005F092
:105BE00077FB014640B152238370044B0471BDE83A
:105BF0001040187B05F081BB10BD00BF3448012068
:105C000010B50446062005F063FB014640B153235E
:105C10008370044B0471BDE81040187B05F06DBB28
:105C200010BD00BF3448012038B505460C4609F0C8
:105C30009FFB04480E2202FB05004470BDE838407B
:105C400009F098BBA446012038B505460C4609F07A
:105C50008FFB04480E2202FB05008470BDE838402B
:105C600009F088BBA446012070B5064614460D46CF
:105C700009F07EFB04480E2202FB0600C570047189
:105C8000BDE8704009F076BBA44601202DE9E8414B
:105C900080461D460F46164609F06AFB05480E234E
:105CA00003FB080047718671C571BDE8E84109F042
:105CB00061BB00BFA446012038B505460C4609F07B
:105CC00057FB04480E2202FB05000472BDE8384071
:105CD00009F050BBA446012038B505460C4609F032
:105CE00047FB04480E2202FB05004472BDE8384021
:105CF00009F040BBA446012070B5154604460E4687
:105D000009F036FB054B062202FB04F01A181E525E
:105D10005580BDE8704009F02DBB00BFCE46012084
:105D200038B505460C4609F023FB0448062202FB61
:105D300005000471BDE8384009F01CBBCE460120C7
:105D400008B509F015FB0C4B0C4A1A600C4A9A6214
:105D5000FFF792FDFFF79EFD0A4B0B4A1A600020E9
:105D6000FBF7DEFD01224FF440500021F9F772FEEF
:105D7000BDE8084009F0FEBAF0630020A08E0700DD
:105D8000BC8E070030480120D10305007047000099
:105D90008378034A03F0070352F82330184700BF03
:105DA000C88E0700034603F108019B79C0790BB93F
:105DB000FAF707B9FAF7B1B907B50C4B93F82320F6
:105DC000052A04D0012A0CD11B7F012B09D00748DA
:105DD00005F09BFB2223ADF80630054B01A89B681C
:105DE0009847FFF71DF803B05DF804FB60460120FB
:105DF000344801202DE9F043134D95F8233087B046
:105E00000446F3B92B7F012B1BD0042B19D00F4F65
:105E1000467990F80690E98AB87BB5F8108005912C
:105E200001F048F97A7C03920734EA7F0292034634
:105E3000CDE90094059932464046FAF7DFF8044B65
:105E40001E7007B0BDE8F083604601203448012091
:105E5000E0460120084B93F8232062B91A7F012AFB
:105E600009D0042A07D0032283F823200289DA8488
:105E70000120FAF798B8704760460120084B93F864
:105E80002320012A0AD11A7F012A07D0042A05D02B
:105E9000052283F823200020FAF785B8704700BF59
:105EA000604601208378352B2DE9F04106462CD140
:105EB000294C94F82330032B24D8012B25D9C578FD
:105EC0002DBB032B254F0AD1E18C21B1072320469E
:105ED000A37105F017FB3B78042B18BF2125002385
:105EE0001A4621210C2000F0FFFF3B782377012385
:105EF00084F823304DB11A4BB57030469B68BDE82D
:105F0000F04118471A1F012A05D9BDE8F081002386
:105F100084F82330F9E7C578E5B9052B08D1204688
:105F200005F0F3FA0D4B1B78042B0CBF022522253C
:105F300000231A460D20222100F0D6FFFF23002067
:105F4000022D237784F82300D4D1BDE8F0413C2111
:105F5000FEF77CBF0123DBE760460120E04601201D
:105F60003448012070477047054B93F82320012ADD
:105F700005D1052283F823200020FAF714B87047D2
:105F800060460120F7B50E4C0E46194694F82330B2
:105F9000074615468BB901200191FAF704F8012F45
:105FA0000CBF02230323019984F8233004F12D0050
:105FB000E68405F0EBFA84F83F5003B0F0BD00BF73
:105FC00060460120084A92F82330013B022B0AD890
:105FD000064B1B78012B0CBF0423052382F82330CA
:105FE0000020F9F7E0BF704760460120E04601203D
:105FF00010B5084C204605F088FA00231A462221E5
:106000000D2000F071FFFF232377002384F8233055
:1060100010BD00BF60460120FFF7EABF08B509F0D8
:10602000A7F9074B074A1A60FEF7FAFE064B002055
:10603000186009F08DF9BDE8084009F09BB900BF70
:10604000F0630020E88E0700304801207047000010
:1060500029238B70024B0846D3F8FC30184700BF49
:10606000E446012009798089F9F7A6BD13B50C46ED
:10607000019009F07DF9019801F03FF8074B616844
:106080000C2202FB0033206803F5827303C3A0686F
:10609000186002B0BDE8104009F06CB9E446012078
:1060A00070470000F8B5104C07460025A67D013565
:1060B000EDB29EB93022314620461DF011FC394622
:1060C000204605F063FA4FF6FF73A3810123257480
:1060D0006674A37584F82C602046F8BD052D04F184
:1060E0003004E3D10024F7E7E4460120074B052202
:1060F000997D11B19989814206D0013A12F0FF02CF
:1061000003F13003F4D1134618467047E4460120EA
:106110001FB504460088FFF7E9FF58B1A378282B84
:106120001CD8222B08D80A2B00F086800B2B64D0B9
:10613000072B1BD004B010BD233B052BFAD801A2BE
:1061400052F823F093610500B76105003561050041
:1061500035610500C3610500E7610500472BE9D102
:1061600081892379227A007C682405E08189007C7A
:10617000237994F9082039248DF80240ADF8000005
:106180008DF803308DF80430ADF806108DF8082036
:1061900023E0027C8389ADF800204022ADF8043072
:1061A000ADF80220E288A389ADF80620A268029229
:1061B000ADF80C3011E0027C8389ADF8002041225B
:1061C000ECE7017C2379E288ADF800104221ADF8BC
:1061D0000210ADF806208DF80430214B6846D3F844
:1061E000FC309847A6E7027CA388ADF80020432244
:1061F000ADF80220ADF80430EFE7A37A627A1B0411
:1062000003EB0223227A1344E27A03EB02638362F4
:10621000012380F82C30037CADF800305723ADF813
:10622000023023798DF80430A068E388E168ADF886
:10623000063002AB03C3D0E7037CADF8003058232F
:10624000ADF8023023798DF80430E388ADF80630DC
:10625000237A8DF808306389ADF80A30A389A7E75F
:10626000E446012070B50A4C06460525A37D43B9D6
:10627000013D15F0FF0504F13004F7D12C4620460E
:1062800070BD3146204605F086F90028F0D0F6E7CB
:10629000E446012070B585786B1E012B044631D889
:1062A00000F10A052846FFF7DDFFD8B9194B052292
:1062B0004FF6FF76997D39B1597D022920D0042906
:1062C00002D19989B1421BD0013A12F0FF0203F1C9
:1062D0003003EFD1E3782BB9237A012B02D1284682
:1062E000FFF7E0FEE378002B14BF1B251C25A570EB
:1062F00070B1037C23802146BDE8704000F09ABD58
:106300001846EFE700881A35FFF7F0FEEDB2EEE72A
:1063100070BD00BFE4460120F0B585B00323ADF8A1
:10632000063000238DF80830174D16238DF80C30F9
:106330000524AB7D3BB1AB89ADF80A3001A8ADF8BF
:106340000430FFF7A7FF013C14F0FF0405F130050E
:10635000EFD10E4A0E4C106851689768A4F59475F9
:106360000323302624F8026B05F58272A68003C24F
:10637000013B13F0FF03176005F10C05F2D1054A4C
:106380005375537305B0F0BDE4460120248F070018
:106390000C4801203448012001380649C3B230229C
:1063A00002FB0312907D18B103EB430301EB0310D2
:1063B000704700BFE446012010B504460078FFF79F
:1063C000EBFF20B12146BDE8104000F033BD10BD09
:1063D0001FB504460078FFF7DFFFD0B1A378213B5B
:1063E000052B16D8DFE803F00309171E262D808938
:1063F00004B0BDE81040F9F7ECBEE3898089029350
:10640000A389019363890093E2882389A188F9F71E
:1064100088FC04B010BD2179808904B0BDE810402B
:10642000F9F7B5BCE288A188808904B0BDE81040C6
:10643000F9F7BFBCA188808904B0BDE81040F9F726
:1064400011BF808904B0BDE81040F9F7B1BF00006A
:10645000064A05230020917D09B10130C0B2013BFD
:1064600013F0FF0302F13002F5D17047E44601203A
:1064700070B5064D0646052455F8043B0BB1304671
:106480009847013C14F0FF04F6D170BDD4470120B9
:1064900073B50D4604460A3105F078F8EB88A38100
:1064A000687A00F013FEE0742A7A1E4B6276AABB6B
:1064B0005B7B2375A61D9BBBFAF7F8FA01463046B5
:1064C00005F064F805F1170104F11A0005F05EF813
:1064D00005F11D0104F1200005F058F80023E381C7
:1064E000637E7BB91A4601210E20019300F0FCFC6B
:1064F000FFF7AEFF0128019B04D11A4627210C208B
:1065000000F0F2FC217C272000F002FD2723284622
:10651000AB7002B0BDE87040FFF7AABF9B7BC8E735
:106520000049CCE73448012010B500238375437E31
:106530000C466BB91A4601210E2000F0D5FCFFF77E
:1065400087FF034620B9024628210D2000F0CCFC2D
:106550002823A37000232372E3802046BDE8104067
:10656000FFF786BF38B504460D46017C282000F0B1
:10657000CFFC0023A375637E43B9FFF769FF034691
:1065800020B9024628210D2000F0AEFC2823AB7074
:106590002846BDE83840FFF76BBF00002DE9F84FF3
:1065A0000D9F9DF838B006468A469146984608F0F9
:1065B000DFFE3846FFF756FE044618B93846FFF7A7
:1065C00071FD044608F0D6FEACB3242004F080FE32
:1065D000054648B3237C0380BBF1000F0CBF182392
:1065E0001A238370BDF8283003819DF82C30837204
:1065F00080F804A080F8059080F8068039460B30BA
:1066000004F0C4FF9DF830306B740C4BAE74187BF3
:10661000294604F072FE08F0ABFE84F819B008F0C9
:10662000A9FE207CBDE8F88F08F0A2FEA57508F051
:10663000A1FE2846F6E72046F4E700BF34480120D3
:106640008B780A4A03F0070310B4D35C084A1C098C
:1066500052F8242032B103F00F035DF8044B52F8D6
:10666000233018475DF8044B704700BF348F070094
:106670001848012010B504460078FFF78DFE38B1A8
:10668000437D032B04D12146BDE81040FFF7D8BF5E
:1066900010BD000008B508F06BFE084B084ADA6030
:1066A000084A1A61084A9A63084B094A1A60094B5A
:1066B000094A1A60BDE8084008F05CBEF06300209B
:1066C000188F0700F48E0700388F07002448012038
:1066D000008F070018480120308F070038B50446A6
:1066E0000D463C3408F044FE034B43F82450BDE80B
:1066F000384008F03FBE00BFE446012070B50546B3
:1067000024200E46144604F0E3FD014658B1192337
:106710008370054B06800471C4704571BDE87040FC
:10672000187B04F0EABD70BD3448012038B5054639
:1067300024200C4604F0CCFD0146C8B10D4B6A1E66
:10674000302000FB02330A465B7E002B0CBF702317
:1067500071238B7022F8045B23684B60636853607D
:10676000A3689360044B187BBDE8384004F0C5BDB6
:1067700038BD00BFE44601203448012038B5054645
:106780000C4608F0F5FD012000F0B7FC054B00F1C8
:10679000940223F8125003EB4203DC80BDE838403A
:1067A00008F0E8BDE44601202DE9F74F0025164E1C
:1067B0008046894692462C46012748FA05F3DB07B6
:1067C00018D539F814203AF814B0019208F0D0FD29
:1067D00007FA05F0C0B200F090FC00F19403019AB2
:1067E00026F8132006EB43030134A3F806B008F0A3
:1067F000C1FDE4B2072D03D0032C05F10105DCD166
:1068000003B0BDE8F08F00BFE4460120014601203F
:10681000FFF72CBC2DE9F041002506460F462C461B
:106820004FF0010846FA05F3DB070AD504EB4401F3
:1068300008FA05F007EB8101C0B2FFF717FC01343D
:10684000E4B2072D03D0032C05F10105EAD1BDE820
:10685000F081000038B5054610200C4604F038FDE4
:10686000014680B102462223837022F8045B23682C
:10687000436063685360A3689360034B187BBDE873
:10688000384004F03ABD38BD3448012038B50546DB
:1068900006200C4604F01CFD014648B123238370FA
:1068A000044B05800471187BBDE8384004F025BD19
:1068B00038BD00BF3448012038B5054606200C46D7
:1068C00004F006FD014648B125238370044B058082
:1068D0008480187BBDE8384004F00FBD38BD00BF90
:1068E00034480120084A0523917D29B191898142CC
:1068F00002D1137C18467047013B13F0FF0302F1ED
:106900003002F1D1F6E700BFE4460120034B013825
:10691000302202FB0033987D704700BFE44601201F
:10692000034B0138302202FB0033D87C704700BF94
:10693000E4460120024B3022013802FB0030704750
:10694000E4460120034B0138302202FB0033187D5E
:10695000704700BFE4460120034B3022013802FBA0
:1069600000300630704700BFE4460120034B302260
:10697000013802FB00302030704700BFE4460120A0
:10698000034B3022013802FB00301A30704700BF41
:10699000E4460120034B0138302202FB0033D87D4E
:1069A000704700BFE446012070B5054616460C4608
:1069B00008F0DEFC094B3022013D02FB05339A7DD5
:1069C00022B1D98936B921EA0401D981BDE87040E4
:1069D00008F0D0BC0C43DC81F8E700BFE44601209E
:1069E00013B5044608F0C4FC054B3022013C02FB01
:1069F0000433D889019008F0BDFC019802B010BDA5
:106A0000E4460120034B0138302202FB0033587E5C
:106A1000704700BFE446012080890431F9F7FFB8D0
:106A200038B50D4604468189287A002201F0ECFD34
:106A30006968A089BDE83840F9F7F1B810B5F9F7F1
:106A400064F90023BDE810401A4601210E2000F031
:106A50004BBA30B5044685B008461546FFF746FBED
:106A600040B1722301A98DF8063002958DF80C40D3
:106A7000FFF7E6FD05B030BD10B586B00024CDE9C6
:106A80000334CDE90142009423462246FFF786FDF8
:106A900006B010BD10B5044608F06AFC024B5C73EA
:106AA000BDE8104008F066BC344801202DE9F043F1
:106AB000284B4D7C5A7D587B0F79274E91B00C4660
:106AC0008DF8042000F0F6FA0B348DF806500025FE
:106AD00002948DF805008DF80C702C464FF00109DA
:106AE0004FF00C0847FA05F3DB071FD509FA05F04C
:106AF000C0B200F002FB10AB03EB840200F1940380
:106B000008FB006036F8131022F8301C06EB430334
:106B100000F58270DB8822F82E3C07C810AB08FB1A
:106B20000433243B83E807000134E4B2072D03D08B
:106B3000032C05F10105D5D107AA04A901A8F9F78D
:106B4000E7FD00231A4619460E2000F0CDF911B0DA
:106B5000BDE8F08334480120E446012008B508F080
:106B600007FC054B054A5A60054B064A5A60BDE8CA
:106B7000084008F0FFBB00BF244801204C8F0700ED
:106B800018480120448F07002DE9F04188B04B7C64
:106B9000079301200C4600F0A7FADFF8588000F1B7
:106BA0009402064638F81270114808EB42020C2590
:106BB000D188427D407B0691059200F07BFA4FF42C
:106BC000827C15FB06C545440B34DDE90521CDE982
:106BD0000105079B00943846F9F750F800231A4640
:106BE00019460E2008B0BDE8F04100F07DB900BFA5
:106BF00034480120E446012008B508F0B9FB054BF4
:106C0000054A5A60054B064A5A60BDE8084008F03C
:106C1000B1BB00BF24480120548F07001848012051
:106C2000448F07001FB529238DF80230074BADF8BC
:106C30000600D3F8FC30ADF800108DF803208DF875
:106C400004206846984705B05DF804FBE44601203F
:106C5000437C43B18A880023437422B1017C80893C
:106C6000D2B2FFF7DFBF704738B5836A9A07044690
:106C70000D4609D5F9F72AFF830705D5A089291DF7
:106C8000BDE83840F8F7CBBF637CA08933B9012356
:106C90006374291DBDE8384001F08ABD217C0C22B7
:106CA000BDE83840FFF7BEBF13B50C46FFF71EFA2C
:106CB00038B1732369468DF80230ADF80440FFF710
:106CC000BFFC02B010BD000007B57623ADF802305E
:106CD000054BADF80600D3F8FC30ADF8041068465B
:106CE000984703B05DF804FBE446012010B586B078
:106CF000012404940A9C03949DF8244002949DF876
:106D00002040CDE9003413460A460021FFF746FC37
:106D100006B010BD1FB501F10B03007C02934B7C44
:106D200001938B7A00930B898A794979FEF7C4FE27
:106D300005B05DF804FB13B50446007C0191FEF735
:106D4000F3FE0199204602B0BDE81040FFF7ECBB0E
:106D500013B50446007C0191FEF704FF019920461B
:106D600002B0BDE81040FFF793BB13B50446007CAA
:106D70000191FEF7F9FE0199204602B0BDE81040EE
:106D8000FFF7D2BB08B508F0F3FA054B054A9A6045
:106D9000054B064A9A60BDE8084008F0EBBA00BF10
:106DA00024480120648F0700184801205C8F0700E9
:106DB00008464A7C807901F10B030989FFF7E2B8A4
:106DC00007B5CDE90010FFF7FDF8DDE9001003B0CD
:106DD0005DF804EBFFF7A8BB07B5CDE90010FFF79E
:106DE00007F9DDE9001003B05DF804EBFFF750BBD5
:106DF00007B5CDE90010FFF70FF9DDE9001003B08A
:106E00005DF804EBFFF790BB08B508F0B1FA054B4D
:106E1000054A9A60054B064A9A60BDE8084008F0AA
:106E2000A9BA00BF24480120748F07001848012028
:106E30005C8F07008B78427D30B403F007030B4D65
:106E400003EBC20305EB430215F813305278437588
:106E50001409074B53F824302BB102F00F0230BC59
:106E600053F82230184730BCFFF7F0B8848F070082
:106E7000244801208278142A034612D003D82AB16C
:106E8000132A09D07047562A0DD0704707490A7453
:106E90008B6820228270184779229A70034B9B6876
:106EA000F9E77822F9E77A22F7E700BF34480120B2
:106EB00038B50A4B1A7C7AB90122094D1A74152487
:106EC00055F8043B013C1B68984714F0FF04F7D1C8
:106ED000BDE83840F8F7B0BD38BD00BF34480120E8
:106EE000F0630020FFF7E4BF07B58DF80530074BCE
:106EF0008DF802005B68ADF800109B688DF80420E7
:106F00006846984703B05DF804FB00BFF0630020BB
:106F100007B56F238DF80630054B8DF807005B6BC6
:106F2000ADF804109B6801A8984703B05DF804FB16
:106F3000F063002008B5042004F0CAF9014638B116
:106F400038238370034B187BBDE8084004F0D5B9A3
:106F500008BD00BF3448012010B50146044604486E
:106F600004F014FB2046BDE81040F9F794B800BFC8
:106F700034480120F8F732BEF9F700B8F8F743BEFD
:106F800003291ED8DFE801F002090F14032A08D8EC
:106F90000D4B18444274012103E0032A11D80A4B17
:106FA0001A7508467047012A0BD8074B5A75F2E745
:106FB000012A06D804498B7D23F001031A438A7500
:106FC000E9E70021EDE700BF344801200A46014609
:106FD0000020FFF7D5BFFFF7D3BF0000064A837834
:106FE000127C02B133B9054AD25C054B53F822300A
:106FF0005B681847704700BF34480120EC8F0700DA
:10700000F063002070477047014BDB685B681847EE
:10701000F063002010B5094B094C1A6A094BA060B7
:107020009A429AB008D0F9F757FD442804D8064B85
:10703000019301A8A36898471AB010BDF06300201F
:1070400034480120E08F07000000770130B521B1FE
:10705000137873B18B429CB202D30022104630BD2C
:1070600055788542FAD0091B0139013389B21A4497
:10707000EDE71A46F2E70000034B002218730348BD
:10708000DA751A7401F0C4B934480120DD6F0500C7
:10709000084649B1054B1B7C33B98B78044ADB08A1
:1070A00052F823309B681847704700BF34480120CE
:1070B000F0630020044BDB7D2BB118B1012808BF21
:1070C000032070470220704734480120054BDB7DC8
:1070D00033B1022803D0032808BF012070470020E5
:1070E000704700BF34480120012804D002280CBF9B
:1070F00001200220704700207047012804D0022898
:107100000CBF0120022070470020704730B5837803
:107110002A2B85B0044610D1452203798DF806202C
:107120000022ADF804208DF807308DF80830164B9A
:1071300001A8D3F8FC30984708E00088FEF7D6FF96
:1071400020B1A378292B03D02B2B16D005B030BD4E
:107150008589007C2379217A627A44248DF806405F
:10716000ADF804008DF807308DF80830ADF80A50FE
:107170008DF80C108DF80D20D9E785892379217AB7
:10718000627A007C4624E9E7E446012013B50190C9
:1071900008F0EEF80198FFF7FFF8044608F0EAF867
:1071A0002CB1A08902B0BDE81040F9F7B4BB02B021
:1071B00010BDF9F7C0BB30B585B0CDE90210CDE9FF
:1071C0000032BDF8205008F0D3F80398FFF7E4F838
:1071D000044608F0CFF84CB1DDE90032A0890299ED
:1071E000089505B0BDE83040F9F7B7BB05B030BD34
:1071F00008B508F0BDF8064B064A5A624FF4106015
:1072000001220021F8F726FCBDE8084008F0B2B8DA
:10721000F0630020449007008378034A03F00703DB
:1072200052F82330184700BF50900700024A00234D
:10723000D370024AD37570474C480120344801206E
:107240008378034A03F0070352F82330184700BF3E
:107250006C9007004268094B118881809278827196
:10726000074A5189A0F80710117B4172D17821F0AB
:107270000201D170382242809B68184734480120AF
:107280004C480120F0B5174E174FF57815F0010165
:1072900087B004461DD1838AB0F817203380837DE0
:1072A000B370ADF80820437E8DF80A300D220DF141
:1072B0000B001CF015FB45F0010520467823F57006
:1072C000009330F8043B3A7B02A9FAF741FB07B080
:1072D000F0BD40F237734380BB6807B0BDE8F040B3
:1072E000184700BF4C48012034480120416810B5C0
:1072F000032204460A481CF0C3F90028084A0CBFC0
:1073000000230523E370D37823F00103D3703723E0
:10731000A370044B20469B68BDE81040184700BF8F
:107320004C48012034480120064A90F82B30137253
:10733000034633F81B1B918000F10B02411D0079BD
:10734000F8F7A4BF4C4801200146034B31F8052B48
:10735000DA800079F8F7CABF4C480120F8F7DBBFA4
:10736000024B00795872F8F7EEBF00BF4C4801207D
:10737000C27A411D0079F9F704B80000F7B5174E3D
:10738000174FF17811F0020405461FD106F10A00EB
:107390000321FAF7C5FC337B0D2203F03F0343F0D2
:1073A00040032146B01833731CF09AFAF3783A7B05
:1073B00043F00203F37028467923009330F8043B2E
:1073C00006F10A01FAF7C4FA03B0F0BD4FF4E7631F
:1073D0004380BB6803B0BDE8F04018474C4801202B
:1073E000344801208378153B10B50446052B44D85A
:1073F000DFE803F003141F2A2D2F3A2383701F4B5D
:107400009A880280197AC27869B11D49C97D0A43F8
:1074100009D101205872F8F796FF04E03B238370EE
:10742000164BDB880380164B20469B68BDE8104056
:1074300018473C238370C0780028F4D1104BDB7DC3
:10744000002BF0D00D4BE5E73D23A370EBE73E2387
:10745000FBE73F238370C378002BE4D1074A084938
:10746000527ACA75002A18BF01211A460ABF0021A4
:107470000D200C20FFF738FDD5E710BD4C4801204A
:107480003448012008B507F073FF044B044A9A61A1
:10749000044ADA63BDE8084007F06CBFF0630020DF
:1074A000809007007490070073B505461A2001917B
:1074B000164603F00DFF044698B1302383700199FE
:1074C00020F8046B04F0A7F8294604F1140004F036
:1074D0005DF8054B187B214602B0BDE8704003F013
:1074E0000CBF02B070BD00BF344801202DE9F74346
:1074F00007462C209DF82880BDF82C900191164657
:107500001D4603F0E5FE0446E0B131238370A0F888
:10751000009007710199053004F038F8314604F104
:107520000B0004F078F8294604F11B0004F073F80E
:10753000064B84F82B80187B214603B0BDE8F0434E
:1075400003F0DBBE03B0BDE8F08300BF3448012088
:1075500073B505460C200191164603F0B9FE0446AA
:1075600078B132238370068005710199053004F0EB
:107570000DF8054B187B214602B0BDE8704003F0C2
:10758000BCBE02B070BD00BF3448012008B52C203D
:1075900003F09EFE014638B133238370034B187B02
:1075A000BDE8084003F0A9BE08BD00BF3448012073
:1075B00010B504462C2003F08BFE014650B1342355
:1075C000837000230380044B0471BDE81040187BD6
:1075D00003F093BE10BD00BF34480120F8F7C1BED0
:1075E00073B506460C200191154603F071FE044662
:1075F00078B13523837006710199053003F0C6FF19
:10760000054BE572187B214602B0BDE8704003F0DF
:1076100074BE02B070BD00BF3448012070B505468D
:1076200014200E4603F054FE044668B136238370DE
:10763000294620F8046B03F0EEFF044B2146187B2B
:10764000BDE8704003F059BE70BD00BF3448012052
:10765000064A074B107B187300214FF03010C3E926
:107660000400117598611977D1737047344801206F
:10767000684801202DE9F84F064610208846BDF8DD
:1076800028B0BDF82CA091461F4603F021FE01460C
:1076900008B310230025837006712C4646FA05F3C3
:1076A000DB0705D50B1919F804205A710134E4B22F
:1076B000072D03D0032C05F10105EFD1074B81F80D
:1076C0000880A1F80AB0A1F80CA08F73187BBDE860
:1076D000F84F03F012BEBDE8F88F00BF3448012018
:1076E00008B5042003F0F4FD014638B1112383707E
:1076F000034B187BBDE8084003F0FFBD08BD00BF89
:10770000344801202DE9F74F0025164E8046894662
:1077100092462C46012748FA05F3DB0718D539F8BD
:1077200014203AF814B0019207F022FE07FA05F08F
:10773000C0B2FFF7D9FC00F10803019A26F8132024
:1077400006EB43030134A3F806B007F013FEE4B2DE
:10775000072D03D0032C05F10105DCD103B0BDE8F2
:10776000F08F00BF6848012010B5044607F000FE06
:10777000024BDC73BDE8104007F0FCBD344801202B
:10778000704700008378034A03F0070352F8233060
:10779000184700BF8C90070083782C2B2DE9F0410F
:1077A000044643D13B4D2B7F022B2ED195F821303F
:1077B000394EABB1394F3B7893B18388A3F11A02AC
:1077C000012A03D903F01803082B20D195F82030A3
:1077D00023B101233370002385F8203000233B7050
:1077E00033782BB94C23A3702D4B20469B689847C8
:1077F00095F821304BB1A388C3F34113012B04D07A
:1078000000233370254B01221A70BDE8F081026A13
:10781000818B0120FFF71AFC10B901233370DBE7DD
:10782000827895F821301A42F7D0D7E72D2B0FD167
:10783000184A002313774B211A460D20FFF754FBFB
:107840004B23A370164B20469B68BDE8F0411847B8
:10785000362BDAD10F4A137F012B0BD0032B12D01A
:10786000A17800234A291A460CBF0C200D20FFF7EF
:107870003BFBE7E74A238370C378B3FA83F35B09E2
:107880005B001377ECE74B238370C378003B18BF92
:107890000123F5E7684801208C480120446400205A
:1078A0003448012007B5084B1B7F023B012B05D84C
:1078B0002D2301A8ADF80630FFF76EFFFFF7C8FED5
:1078C00003B05DF804FB00BF684801202DE9F043D8
:1078D000274E347F87B00546002C45D127464FF010
:1078E00001084FF006092B793B41DB0717D508FA51
:1078F00007F0C0B2FFF7F8FB2A1906AB09FB043307
:107900000830527903F8102C36F8102023F8142C84
:1079100006EB40000134C28823F8122CE4B2072F92
:1079200003D0032C07F10107DDD1124CE07BFFF7F8
:10793000C1FB01AB2A79217DF8F78DFE2B7A012B53
:1079400003D0022B14BF0023032386F8213001202B
:10795000002386F8203030776989AB890A22B1FB91
:10796000F2F2A97BF8F7B9FE07B0BDE8F08300BFDB
:107970006848012034480120064B1A7F022A07D1AB
:1079800003221A7700231A4619461846F8F7A5BEAF
:10799000704700BF6848012008B507F0E9FC054BB7
:1079A000054A9A60FFF754FE00F0D0FCBDE808409D
:1079B00007F0E0BCF0630020989007008378034A4A
:1079C00003F0070352F82330184700BFA4900700C4
:1079D000F0B51B4C85B005460120FFF785FB227FE3
:1079E00003465ABB08332A1834F81310154E57793A
:1079F000F07B039104EB4303DA880292FFF75AFB12
:107A00000346307D0090DDE902213846F8F766FB39
:107A10002B7A012B03D0022B14BF0023032384F8FD
:107A20002130002384F8203001206B892077A97B46
:107A3000E38305B0BDE8F040F8F740BB05B0F0BD0A
:107A4000684801203448012013B50A4C237F023BCB
:107A5000012B0BD8204603F058FD2523ADF8063046
:107A6000054B01A89B68984700232377FFF7F0FD9B
:107A700002B010BD6848012034480120054B1A7F30
:107A8000022A05D10021032208461A77F8F716BB0F
:107A9000704700BF68480120FFF7F0BF8378062BCE
:107AA00070B5044625D1294D2B7F022B0BD195F8BB
:107AB0002130B3B1837A042B06D195F8203083B1FD
:107AC000002385F8203070BD4268017A0120FFF75D
:107AD000BDFA08B90123F4E7827895F821301A42FB
:107AE000F8D02623A3701A4B20469B68BDE870404F
:107AF0001847342BE7D1154D2B7F012B0BD0032BCF
:107B000019D0A178002324291A460CBF0C200D207F
:107B1000FFF7EAF9E7E7C3785BB9E98B21B11223F4
:107B20002846AB7103F0EEFC02232B772423A370CD
:107B3000E7E70023F9E7C6782EB9284603F0E5FC0D
:107B40002E772523F3E70226FAE700BF68480120D5
:107B50003448012008B507F00BFC044B044A9A6036
:107B6000FFF776FDBDE8084007F004BCF063002095
:107B7000B090070070B505460078FEF70DFC04468E
:107B800020B1AB78282B02D0292B12D070BD007CFD
:107B900001220221FEF708FFAB7F23760123A374A5
:107BA000AA8BA0892B1D05F11401BDE87040F8F7E0
:107BB000D1BA2A7D3AB16B7D0376291D8089BDE853
:107BC0007040F8F784B9007C0221FEF7EDFEA08931
:107BD000BDE87040F8F76BB901F0BEB983782A2B85
:107BE00007B501D02C2B06D1064BD3F8F03013B1DA
:107BF000019098470198044B9B6803B05DF804EB33
:107C0000184700BFE446012034480120F7B5054677
:107C10000088FEF76BFA0446C8B1AB78102B33D15D
:107C2000EB89077CABB92C490822A81D1BF028FD65
:107C3000064670B96946384601F0B8FC014698B16D
:107C40009DF800302376A6742888F8F740F903B031
:107C5000F0BD384601F09EFC012805D1288803B00C
:107C6000BDE8F040F8F723B9207C01220221FEF79D
:107C70009BFE0123A374237C2B803023AB70174B16
:107C800028469B689847E2E70E3B012BDFD8007C33
:107C900000220221FEF788FE237CADF80030EB784D
:107CA0008DF80330A3B92C238DF80230237EE375C1
:107CB000A37C8DF804306846FFF790FF237CADF875
:107CC00000306846EB788DF8033001F0EDFCBEE73C
:107CD0002D238DF80230EEE7FF990700344801208C
:107CE00038B5054604200C4603F0F2FA38B10322F9
:107CF0008270C4700580BDE8384001F031BC38BDE9
:107D0000F8B5074616200E46154603F0E1FA04467C
:107D100070B1042383700780067525B13246294669
:107D200018441BF0DFFC2046BDE8F84001F018BC09
:107D3000F8BD0000044B054A5A61054B054AC3E9EA
:107D40000022FF229A737047F0630020BC90070066
:107D500090480120FF99070010B5044607F008FB82
:107D6000024B5C60BDE8104007F004BB9048012066
:107D700010B5044607F0FCFA024B1C60BDE8104049
:107D800007F0F8BA9048012038B504460D4607F0D0
:107D9000EFFA054821468573083003F0F7FBBDE88C
:107DA000384007F0E7BA00BF90480120014B5868FF
:107DB000704700BF90480120014B1868704700BF12
:107DC000904801200348837BFF2B01D1F8F76EBE5A
:107DD0000830704790480120024B987BFF2808BF6D
:107DE000002070479048012010B58378412B8AB05D
:107DF000044607D1342383700F4B9B680AB0BDE85B
:107E000010401847402B15D1806803F033FA6168A1
:107E10000A4C332302A8ADF8063003F0FCFB2168BE
:107E200006A803F0F8FB206803F024FA024B01A82F
:107E30009B6898470AB010BD34480120A048012033
:107E400038B5044606200D4603F042FA38B1172231
:107E5000057182700480BDE8384001F081BB38BDF7
:107E600002F012BAF0B504468DB010200D4603F0B2
:107E7000DFF91A4E1A4F306008B3214603F0CBFBEE
:107E8000412003F0D5F90446B0B12022294602F082
:107E900033F92022294602F02FF9002303704022F3
:107EA000CDE9003230683B7B41222146F9F722FEC2
:107EB00088B9204603F0DEF9306803F0DBF92422AC
:107EC000002103A81BF00CFD40F23373ADF80E3017
:107ED00003A8BB6898470DB0F0BD00BFA0480120C3
:107EE0003448012008B50146602202481BF0FAFB25
:107EF00008BD00BFA448012000487047A4480120E5
:107F000070B5054616200E4603F0E2F9044670B13E
:107F1000058036B1162383702046BDE8704001F01D
:107F20001FBB01460C22284602F0EAF9F4E770BDB7
:107F3000437B827B1B0403EB0223C27B1344027B43
:107F400003EB0263024AB3FBF2F002FB103070470E
:107F500040420F00014B024A1A627047F063002052
:107F6000C890070013B50C460192FEF715FA50B100
:107F7000002204768274019B0449808902B0BDE826
:107F80001040F8F7E7B802B010BD00BFFF99070036
:107F90002DE9F843804608209DF820608946174661
:107FA0001D4603F095F980B1012305F0070506F0A1
:107FB0000706837080F8049047718571C671A0F838
:107FC0000080BDE8F84301F0CBBABDE8F8830000BB
:107FD00070B5064620200D46144603F079F9014697
:107FE000B0B1282383700346224623F8046B04F1C2
:107FF000180052F8044B43F8044B8242F9D112881E
:108000001A80044B8D77BDE87040187B03F075B97A
:1080100070BD00BF344801202DE9F8438046082098
:108020009DF82060894617461D4603F051F980B13E
:10803000022305F0070506F00706837080F8049018
:1080400047718571C671A0F80080BDE8F84301F062
:1080500087BABDE8F88338B5054606200C4603F01C
:1080600037F938B10522827004710580BDE83840C7
:1080700001F076BA38BD0000F7B5074616200D4668
:108080001646019303F024F9044688B12923019987
:10809000837007800575467515B1043003F0BBFA8F
:1080A000044B187B214603B0BDE8F04003F025B92E
:1080B00003B0F0BD34480120044A537B23B1118939
:1080C00081420CBF13460023184670470449012023
:1080D000704700000023437350238B70014B084608
:1080E0009B681847344801200023437351238B7049
:1080F000014B08469B68184734480120002343730E
:1081000053238B70014B08469B6818473448012065
:108110001FB50B7C0293CB8901938B890548009393
:108120004A79807D8B1D0979F8F767FB05B05DF80A
:1081300004FB00BF3448012013B5044600890191B7
:10814000F8F793FB0199204602B0BDE81040FFF715
:10815000CBBFF8F77EBB000070B50B7A0C46054626
:108160000A3100F8013B03F011FA607AFEF7AEFF26
:10817000E871E3882B814F23A370034B20469B6853
:10818000BDE87040184700BF3448012070B50B7B34
:108190000C4605460E3100F8013B03F0F7F9607B11
:1081A000FEF794FFE87163892B815223A370034B80
:1081B00020469B68BDE87040184700BF3448012046
:1081C00070B50C4C0D46617B064689B90E222046DF
:1081D0001BF086FB2046294600F8016B03F0D6F918
:1081E0004FF6FF7323810123A3726373204670BD92
:1081F0000020FCE70449012010B5074C637B33B134
:108200002378834203D1601C03F0C5F908B900202C
:1082100010BD2046FCE700BF044901200138064993
:10822000C3B20E2202FB0312507B18B1C3EBC3038F
:1082300001EB4300704700BF0449012030B4037BC9
:108240008C78084D04F00704C3EBC303234405EB0B
:10825000430415F8133064780373034B53F8243048
:1082600030BC184704910700D490070037B58478D4
:10827000312C054607D156238370224B9B6803B0EF
:10828000BDE830401847302C20D100F10A01007AB7
:10829000FFF7B2FF58B91C4B5A7B42B11A7B032A35
:1082A00005D119894FF6FF72914208BF1846EB7845
:1082B000002B14BF5A245B24AC7000B3837A2B804C
:1082C000294603B0BDE83040FFF7B8BF3A2C10D1C3
:1082D00000F10E01007B0191FFF78EFF019910B9AB
:1082E000287BFFF76DFFEB78002B14BF5D245E2425
:1082F000E2E700882A34FFF7DFFEE4B2DCE703B0F0
:1083000030BD00BF344801200449012007B53223A5
:10831000ADF80230064B5A7B3AB11B89ADF80430F8
:108320006846ADF80030FFF7A1FF03B05DF804FB2D
:108330000449012010B504460078FFF76FFF20B113
:108340002146BDE81040FFF779BF10BD014B024A3E
:10835000DA627047F0630020F89007002DE9F843D7
:10836000164607468946984607F002F831463846D1
:10837000FFF742FF044620B931463846FFF720FF99
:10838000044606F0F7FF2CB3122002F0A1FF0546C9
:10839000C8B1A37A038058238370077180F80590D1
:1083A0003146063003F0F2F8BDF82030EB810023AF
:1083B0002B74094BA5F80C80187B294602F09DFF11
:1083C000A07ABDE8F88306F0D3FF657306F0D2FF0C
:1083D0002846F6E72046F4E73448012010B5044665
:1083E000042002F075FF014640B159238370044B0D
:1083F0000480187BBDE8104002F07FBF10BD00BFB5
:1084000034480120F8F741BAF8F756BAF8F76BBAD2
:10841000014B9860704700BF14490120014BD860A0
:10842000704700BF14490120014BC3E904017047A4
:1084300014490120034B0022C3E9002283F82000E5
:10844000F7F7D8BA14490120F8F7FABA704770471D
:108450007047000037B50C46FEF744FA80B2ADF81D
:10846000040078B1084D8DF80640EB6801A89847E4
:108470002B698DF8064001A898476B698DF8064076
:1084800001A8984703B030BD3849012013B5044610
:10849000CDE90021FEF726FA88B1FEF7B3FADDE94F
:1084A000002138B9074B9B694BB1204602B0BDE8AB
:1084B00010401847012802D1024BDB69F4E702B0F3
:1084C00010BD00BF3849012070B5C278837803EB36
:1084D00002239BB2032B04461ED94279017901EB9A
:1084E000022189B20A1D934216D143780078A579FA
:1084F00000EB0320E37905EB0325ADB2052D0D4B11
:10850000C0F30B0005D0062D0BD0042D0BD11B683A
:1085100000E09B68224698472046BDE8704002F084
:10852000E3BE5B68F6E71E6A0A4623462946B04763
:10853000F2E700BF38490120002102F0D1BE00005F
:10854000094B0A4A0A490B48C3E900220A4A9A60C1
:108550000A4A5A61C3E90322094A1A62012283F8CE
:108560002420FFF761BF00BF384901204D8405007A
:1085700055840500C98405008D84050051840500DB
:108580004F840500034B042807BF1960DA60596067
:108590001A6170473849012010B41970D4B2090A21
:1085A0005970211D9970111D0912120A9871000A43
:1085B0001C71D8715DF8044BD9705A711846F7F7E1
:1085C0005BBA70B505460E200E461446FFF7B4FFA1
:1085D000034680B1012202720222827204730022D9
:1085E000240AC2724672447329460622BDE87040CE
:1085F0000520FFF7D1BF70BD014B024A9A61704759
:10860000384901204386050037B505460E20019103
:108610001446FFF791FF034688B11322027202222B
:10862000827204730022240A0199C2724572447353
:108630000622052003B0BDE83040FFF7ADBF03B010
:1086400030BDF0B5D57A937A147A03EB05239BB24B
:108650001D1DA942064685B0507A3BD1122C39D156
:10866000082B39D1537B117B947B157CD77C01EB94
:108670000321D37B04EB0324537C89B205EB032550
:10868000937CADF80410002203928A1F03EB0723AA
:1086900092B240F67A47A4B2ADB29BB2BA42ADF8FC
:1086A0000640ADF80850ADF80A300DD8A1420BD8FD
:1086B000B4F5486F08D8B5F5FA7F05D20A3B9BB2EE
:1086C00040F6764293420FD901223146FFF79CFFD4
:1086D00005B0F0BD012CFBD001460022304605B0AC
:1086E000BDE8F040FFF76DBF01AA3146FEF7B1F9D2
:1086F000EEE70000F8B505460F461446FEF7F2F81F
:10870000002841D0617A00293ED0431E1F48267AB6
:10871000A27A94F80BC000EB030E9EF816E08E458B
:108720002AD102EB0C2292B202F1040C674523D14C
:10873000132E19D1022A21D1184400238375477CB6
:10874000637B247B114804EB032402F0DEFE122F2E
:10875000A4B20BD1012E18BF2146284608BF012123
:10876000BDE8F840FEF7A0BA012EE4E7214628460E
:10877000BDE8F840FEF7A8BA012E05D02846002231
:10878000BDE8F840FFF71DBFF8BD00BF60490120FC
:10879000044B054ADA61054B0022DA821A839A7685
:1087A000704700BF38490120F58605006049012067
:1087B0002DE9F04106460C46FEF794F800283DD01E
:1087C0001F4F451E3D444FF012081E21384685F8C4
:1087D000118002F091FE1420BE80FFF7ADFE03462B
:1087E00060B3184980F8088091F824204272FF2A6B
:1087F000AA751ABF0132D2B2012281F824200822C0
:1088000082720022C272228802732288120A427384
:10881000628882736288120AC273A2880274A28874
:10882000120A4274E2888274E288120AC2743146E3
:108830000C22BDE8F0410520FFF7AEBEBDE8F08197
:108840006049012038490120024B01229A711873B6
:1088500018747047604901200B4629B189780129B5
:1088600002D11888FEF720BA70474EF20F13C3806A
:108870001E2102F041BE704710B50446006B18B1CE
:1088800002F0F8FC00232363204602F03EFE04F1D0
:10889000100002F03AFE94F83A2000239A4214BFE6
:1088A0000B22012284F83B3084F83F2084F84330C7
:1088B00010BDFFF7E1BF38B504460A200D4600F0B1
:1088C0004BFE014638B10523037245722046BDE8D0
:1088D000384000F0FDBD38BD38B505460C46FFF701
:1088E000CBFF95F83D0000220121FEF75DF82B2318
:1088F000A3702046BDE83840FFF770B938B505468B
:108900000C46C978FFF7D7FF21462846BDE8384016
:10891000FFF7E2BF38B50C460A7D05460431006B0F
:108920001AF0E0FE237D032B07D1286B0D22BDE852
:108930003840002103301AF0D3BF38BD10B50446CB
:10894000FFF7E8FF206B10213030F9F7E9F9216BD0
:10895000204601F13002BDE8104000F05DBC4A68DD
:10896000016B00F0DDBC38B590F83A30002B14BF35
:108970000323042380F83F3004460D46FFF775FFBC
:10898000192000F0E9FD90B1032303726B6800F138
:10899000090203F1100153F8045B42F8045B8B42B7
:1089A000F9D101462046BDE8384000F091BD38BD00
:1089B0004B68016B03F1090230B4103114461933CE
:1089C00054F8045B41F8045B9C42F9D130BC016B64
:1089D00000F022BCFFF7C3BFF0B55E4F97F89031AF
:1089E0008BB004460E465BB3836C1B7843B390F8A0
:1089F00043502DBB90F83D00FEF704F800280CBF53
:108A0000022301238DF822302F238DF806302046D3
:108A100094F83D30ADF8043000F0AAFDCDE90655DC
:108A2000A36C8DF823009969ADF82050103102A88D
:108A300002F0F1FD01A8FFF7D1F8072384F84330D5
:108A4000002E00F08480012E94F8433004D1072BCF
:108A500004D130460BB0F0BD032E01D8092B76D0DF
:108A60000A2B74D094F83C300BB10026F1E71920A2
:108A700000F072FD05460028F7D094F843306BB93A
:108A8000F00738D5204600F0F3FC06232B72216B4B
:108A9000043105F1090002F0BEFD11E0062B2AD1D8
:108AA00007230372236B9B8B4372236B9B8B1B0AE5
:108AB0008372226B5369C0F80B309369C0F80F3092
:108AC0002B7A84F843302946204600F001FD94F8C3
:108AD0003C60002EC9D1042002F0FAFB01460028B8
:108AE000C3D00C23837094F83D30038097F8840141
:108AF00002F003FCADE7B10708D50BB1072B05D198
:108B000008232B72FFF758F90146C2E7082B0CD156
:108B100009232B72FFF760F96872FFF753F90146DA
:108B200005F10A0002F032FDCAE772070CD5092BE5
:108B30000AD840F2812222FA03F3DB0704D50A2384
:108B40002B72FFF733F9DFE7284602F0CDFB012651
:108B50007FE700BFD449012070B50546107A06288A
:108B60000C461E4602F1090104D1201D02F053FDFE
:108B7000002123E007380328FAD801A353F820F096
:108B8000918B05006B8B0500E18B0500F58B0500D3
:108B9000917A537A03EB0123A383D2F80B306361FC
:108BA000D2F80F30A36195F8403013F0040F14BFD2
:108BB00002230123E3770223A377012195F83F20C5
:108BC000062A01D0082A1AD1013285F83F20002553
:108BD00021B12F23A3702046FFF700F8284670BD6F
:108BE000537AA37602F10A0104F1140002F0CEFCDC
:108BF0000423E1E7201D02F00EFD0823DCE7B007A7
:108C000005D5072A03D1082385F83F30DFE773072E
:108C100005D5072A01D0092A01D10A23F4E7012545
:108C2000D6E700BF10B50446FFF768FE94F83D0094
:108C300000F0C8F910230146A375E01802F062FCA9
:108C4000002384F8423010BD012380F84230704781
:108C500040F62B1308464B80FEF7C0BF4EF22B1395
:108C600008464B80FEF7BABF38B590F8423004464C
:108C70000D4683B1002380F842300921FFF71BFE27
:108C800040F62B1328466B80FEF7A8FF2046BDE870
:108C90003840FFF7F1BD38BD13B50446FFF7ECFDD2
:108CA00094F83D0000220121FDF77EFE94F840304B
:108CB0008DF8043094F83D30ADF8003068462A2332
:108CC0008DF80230FEF78AFF02B010BD70B5044681
:108CD00090F83D000D46FDF795FE134B94F83E10BD
:108CE000AE78D3E95F23012818BF1A46136853F8FA
:108CF00021100B461978B1420BD1597884F83E10F7
:108D000099785368204653F821302946BDE87040D1
:108D1000184713F8031F0029ECD1916801F10C00EA
:108D20008342E6D170BD00BFD449012013B504468B
:108D300090F83D000191FDF72DFE019928B92046DC
:108D400002B0BDE81040FFF7C7BD1F2320468B705F
:108D500002B0BDE81040FFF7B9BF000013B5002313
:108D600013700B7090F82230012B2AD190F8293023
:108D7000012B26D10B7090F8233090F82A20134055
:108D800043F00403002180F8403090F83A30002B83
:108D90004FD090F82330314A126800294CD0117A14
:108DA0000B405B0748D590F83D30ADF8043040F2F9
:108DB000033301A9ADF80630FFF788FF002002B0A9
:108DC00010BD90F823104B0703D490F82A305C07AD
:108DD0000BD590F82140032C07D090F82830032BB6
:108DE00003D0012C08D8012B21D890F82A300B4051
:108DF00003F0FB030121C6E7042C16D1022B16D089
:108E0000191F4B424B41DBB2137090F82810022916
:108E100003D190F821100229ADD090F83A10002922
:108E200008BF83F001031370A5E70023EBE70123DC
:108E3000E9E790F82A30AEE7537990F824209A4277
:108E400003D390F82B209A4206D290F83D30ADF82B
:108E5000043040F20363ACE70120B0E7D4630020A4
:108E600010B590F8403090F83D4086B013F0040300
:108E7000ADF800400BD02E2368468DF802308DF8F7
:108E800004108DF80520FEF7A9FE06B010BD0422DF
:108E9000ADF804308DF80630694603238DF80220C2
:108EA0008DF81430FFF712FFEFE7C37933B9C368C9
:108EB00023B90089003818BF01207047012070478E
:108EC000F8B50446FDF72CFDFEF700F906462046EE
:108ED000FDF730FD174C054602272046FFF7E5FF5A
:108EE00028B9012F04F118040CD00127F5E7A37964
:108EF000B342F6D12946204602F04DFB0028F0D0BF
:108F00002046F8BD0B48FFF7D0FF78B10A48FFF7BD
:108F1000CCFF68B9084C1822002120461AF0E0FC6A
:108F2000A6712946204602F031FBE9E7014CF2E741
:108F3000024CE5E794490120AC4901207C4901201D
:108F4000044890F8553023B94FF47A71483002F054
:108F5000D9BA70477C49012010B50B4C94F85530B4
:108F6000012B03D104F1480002F0CFFA0648582241
:108F700000211AF0B5FC054B93F8843184F8543085
:108F8000202384F84E3010BD7C490120D4490120B3
:108F900008B5FFF795FFC06808BD000010B50C4686
:108FA000FFF78EFFC4711CB1024B1B68DB68436185
:108FB00010BD00BFD463002008B5FFF781FFC07962
:108FC00008BD000010B5FFF77BFF01890C4A04467D
:108FD000A1B113689B8A13FB01F39BB211680A6865
:108FE000C8685A43824298BF23810B698CBFE060F6
:108FF000E2602361FFF7A4FFE06810BD0123EDE705
:10900000D463002008B5FFF75BFF024B1B681B69A8
:10901000036108BDD4630020F8B51E4C1E4E032525
:109020002046FFF742FF70B32269E368B2F57A7F0A
:1090300038BF4FF47A72B3F57A7F38BF4FF47A7342
:10904000A3F57A73E3606369B3F57A7F38BF4FF4B1
:109050007A73A2F57A72A3F57A732261636152B9C9
:1090600032682089918AB0FBF1F7884228BF1269E3
:10907000278128BF226103B9E3712046FFF715FF5E
:1090800008B1FFF75DFF013D15F0FF0504F118047D
:10909000C6D1F8BD7C490120D4630020F7B5054650
:1090A0000078AB783A4E272B00F1FF344CD1FDF716
:1090B000A9FC4C2101FB0464002814BF01230B23ED
:1090C000287884F83F304FF00007EB88238714BFDF
:1090D0000022012284F83A2084F83D0084F83B7095
:1090E00084F83C70FFF768FF84F8437084F842000E
:1090F00084F83E7084F844702C782046FFF748FFCF
:109100000546002842D096F890312046ABB1FDF7D5
:1091100079FC01280CBF262224224C23013C5C430D
:109120003319294683F83E201022144430199A75C9
:1091300003B0BDE8F04002F0E5B9FDF763FC01289B
:109140000CBF0D220C22E8E74C2202FB046494F8C9
:109150003D20DAB1282B19D194F84210FFF71EFFF9
:109160002B88ADF804300A238DF806302B7A204680
:10917000203301A98DF80730FFF7A8FD606B0025AB
:1091800084F83D5010B102F0AFF8656303B0F0BD54
:10919000D449012008B5FDF7A5FB20B1024B0138E9
:1091A0004C2202FB003008BDD449012030B587B005
:1091B0000D461446FFF7EEFFD8B1237A5A1E0D2A4A
:1091C00017D8104AD25CAA4213D190F83F209A4295
:1091D00011D0052B0DD107238DF80230637A8DF85D
:1091E000033090F83D30ADF8003069460194FFF748
:1091F0006DFD07B030BD052AEDD006238DF8023095
:10920000EFE700BF3C910700024B4C22013802FB04
:1092100000307047D4490120F0B5044689B094F875
:109220003A3090F83D000F461646002B5BD0FDF714
:10923000A7FB02F0BDF9002853D094F83D00FDF7DC
:1092400081FB054694F83D00FDF790FB02F0B0F974
:10925000002860D094F83D00FDF762FB33460DF125
:10926000120113F8022B554072788DF8105080EAE5
:1092700002058DF8115004F1200006F1090513F8DC
:1092800001CB10F8012BAB4282EA0C0201F8012B52
:10929000F5D104F1270010360DF1190113F8015B27
:1092A00010F8012BB34282EA050201F8012BF5D137
:1092B0000B231A4A009392F8842194F83D3004A9B4
:1092C0003846F8F745FBFF2884F8410007D140F6FF
:1092D000030303A92046ADF80E30FFF7F7FC09B0F1
:1092E000F0BD0125AEE7FDF741FB02F061F980B169
:1092F00094F83D00FDF714FB054694F83D00FDF79A
:109300003FFB02F055F930B194F83D00FDF71AFB30
:10931000A4E70125F1E70120A0E700BFD44901201F
:109320002DE9F041044688B094F83A3090F83D00B9
:1093300088461746002B58D0FDF722FB054602F061
:1093400037F920B194F83D00FDF706FB054694F887
:109350003D00FDF70BFB064602F02AF920B194F818
:109360003D00FDF7E7FA064604A8BB1D3A46014654
:1093700016F801CB12F801EB8CEA0E0C9A4200F8B9
:1093800001CBF5D107F10C060DF1160015F8012BF4
:1093900013F801CB82EA0C02B34200F8012BF5D19D
:1093A0003B7B8DF81C307B7B8DF81D30BB7B8DF8B3
:1093B0001E30FB7B8DF81F30184A0B23009392F868
:1093C000842194F83D304046F8F7C2FAFF2884F82B
:1093D000410007D140F6030303A92046ADF80E3043
:1093E000FFF774FC08B0BDE8F081FDF7BFFA054651
:1093F00002F0DEF820B194F83D00FDF79BFA054637
:1094000094F83D00FDF7BCFA064602F0D1F80028BA
:10941000AAD094F83D00FDF79FFAA4E7D4490120B3
:1094200070B588B0164604460D4604A8194602F0E9
:10943000FBF8314606A802F0F7F80B230B4A00931D
:1094400092F8842194F83D3004A92846F8F780FA70
:10945000FF2884F8410007D140F6030303A9204602
:10946000ADF80E30FFF732FC08B070BDD4490120D2
:1094700070B5046B261D94F8201005463046F8F7A9
:109480004FFC94F820000021C0F1100230441AF083
:1094900027FA94F8312094F8303003EB0223A383A9
:1094A000D4F832306361D4F83630A3610123A37756
:1094B00095F8403013F0040F14BF02230123E37723
:1094C0002F23A3702046BDE87040FEF787BB000045
:1094D00070B590F83C3004460D462BB1406B08B196
:1094E00001F002FF656370BD0A7A0B460349BDE8CF
:1094F00070408A5C018F0620FFF74EB83C91070050
:10950000F8B50778134E013F4C2404FB0764054669
:1095100094F83D30E3B18378012B0CBF0123002385
:1095200084F83C3014D0616B21B100236363204682
:10953000FFF7CEFF4C2303FB076696F83E303BB1A6
:109540000C23AB7029462046BDE8F840FFF7BEBBB0
:10955000F8BD00BFD4490120002101F0C1BE0000C8
:10956000024B014693F8840101F0C7BED4490120A3
:1095700090F840305B070BD590F8243090F82B2002
:10958000934228BF1346102B0CBF032002207047C4
:1095900001207047044B01384C2202FB0033986CC9
:1095A00000B10078704700BFD449012038B5144B92
:1095B000421E4C2404FB023494F8440070B193F82A
:1095C000900160B1A06C05784DB1806938B120463A
:1095D000FFF7CEFF0870A36C9869103038BD4C209F
:1095E00000FB0233186B0028F8D093F8402012F0EB
:1095F000040F14BF022201220A70186B2030EDE71D
:10960000D449012070B50E4C064684F88401FFF75A
:10961000A3FC01202346451C98809882A8B2062806
:109620001E731E7703F14C03F5D10649064AFEF777
:10963000A9FFBDE8704005490120FDF74FB800BF04
:10964000D4490120AD910500019505009D900500CC
:1096500010B50C4629B38B78202B03D1BDE8104000
:10966000FFF7DABC1C2B03D1886808B101F002FEB9
:1096700023780C48013B4C2202FB030292F83D1078
:1096800079B1A1780B2904D192F84110E278914286
:1096900007D14C22214602FB0300BDE81040FFF732
:1096A00015BB10BDD4490120C378002B0CBF082383
:1096B0000923014683700020FFF7CABFF7B50746AC
:1096C00090F83D000C46FCF767FE0546B8B197F8E8
:1096D0003A30661CB3B100F11A010846019101F05D
:1096E00067FF20B9012301992370062203E02B7D37
:1096F00023700622A918304601F0BCFF073420462B
:1097000003B0F0BD00F120010846019101F050FFC7
:109710000028E7D0EB7C237006222946EBE7F7B55B
:10972000074690F83D000C46FCF736FE0546B8B1FA
:1097300097F83A30661CB3B100F120010846019158
:1097400001F036FF20B9012301992370062203E0BE
:10975000EB7C237006222946304601F08BFF07344C
:10976000204603B0F0BD00F11A010846019101F056
:109770001FFF0028E7D02B7D23700622A918EBE7F6
:10978000F7B5002313700B7090F8233090F8225037
:1097900013F0080F04463FD090F82A301B073BD542
:1097A000012D03D090F82930012B3CD101230B70FF
:1097B00000250B789BB994F823305F0703D494F805
:1097C0002A305E070BD594F82100032807D094F8BF
:1097D0002830032B03D0012827D8012B41D894F837
:1097E000237094F83DC03B0740F1D08094F82A00E4
:1097F000060740F1CB807C4B93F890619EBB40F212
:10980000033301A92046ADF804C0ADF80630FFF7D8
:109810005DFA304603B0F0BD012D04D194F8293033
:10982000012BC6D1C2E70125C3E7042817D1022BBB
:1098300017D0181F43424341DBB2137094F828003D
:10984000022803D194F82100022806D094F83A00A7
:10985000002808BF83F0010313700025BFE7002331
:10986000EAE70123E8E7A36C40F201161E801278B4
:109870001A710978002957D002225A702046ADF893
:1098800004C000F054FB00287BD0A36CDE68FEF718
:1098900033FB334600F1200250F8041B43F8041B4D
:1098A0009042F9D1A36CDE68FEF726FB203600F16A
:1098B00020023346403052F8041B43F8041B824216
:1098C000F9D1A36C1E69FEF717FB334600F1400285
:1098D000603052F8041B43F8041B8242F9D1112373
:1098E00001A920468DF80630FFF7F0F994F823100F
:1098F00094F82A3003EA0102002D5FD142F00402FD
:1099000084F8402094F83A20002A18BF0B46374AC2
:109910001268002D55D0117A0B405B0751D594F891
:109920003D30ADF8043039E094F82820CDB903215A
:10993000042A597007D194F82120012A01D0042A61
:1099400006D1042299E7012A02D194F82120F6E7F2
:1099500017F010070FD010F010000ED001229A70EF
:109960008CE7012A8AD194F82100012807D104222A
:109970005A700D4682E73D4680E705467EE715466C
:109980007CE708238DF807300323A9E7174B1B68F2
:109990001B7A13F008030BD0ADF804C040F2033378
:1099A00001A92046ADF806300026FFF78FF930E711
:1099B000A26C1370ADF804C0122391E702F0FB0211
:1099C0009EE7537994F824209A4203D394F82B20ED
:1099D0009A4206D294F83D30ADF8043040F2036369
:1099E000DEE7012615E700BFD4490120D46300203B
:1099F00030B5846C90F83D30257887B0A5B990F8E3
:109A00004040640713D4ADF8003004238DF80230D1
:109A10000023ADF804308DF80630694603238DF835
:109A20001430FFF753F90EE06478022CEBD1ADF857
:109A3000003068462E238DF802308DF804108DF822
:109A40000520FEF7CBF807B030BD10B50446FEF791
:109A500030FF2046BDE8104000F09CBA38B50446FF
:109A60000D46FFF7F2FF29462046BDE83840FEF7D5
:109A700033BF38B505460C46C978FEF71CFF2146B2
:109A80002846BDE83840FFF7E9BF37B5836C4D681D
:109A900004462022986805F1090101F0EBFDA36C52
:109AA0009868202205F12901104401F0E3FD94F8A3
:109AB0003D30ADF80430A36C5B78013B032B0ED82E
:109AC000DFE803F002120B02132301A920468DF8F0
:109AD0000630FFF7FBF803B030BD1423F5E7082389
:109AE0008DF807300323F0E71523EEE77FB5836C8D
:109AF0000022DA70032180F83F108DF8042090F8DE
:109B00003D101B79ADF8001068462E218DF802102B
:109B10008DF80530FEF762F807B05DF804FB37B545
:109B2000836C90F83A40D3E902525B691033019399
:109B30003CB10023009313462A4600F087FA03B095
:109B400030BD00942B46F8E773B50A4604460E462E
:109B50000146502000F06AFA0546C8B194F83A2050
:109B6000A36CBAB1D968202200F0C6FAA36C996838
:109B7000202200F0C1FAA36C5969103100F0C3FA39
:109B8000A06C0096406923465022294600F02EFA28
:109B900002B070BD9968202200F0AEFAA36C2022BA
:109BA000D968E6E710B5836C5B78042B86B0044671
:109BB0000FD102A8496801F02EFD94F83D30ADF8B0
:109BC000043001A83523ADF80630FEF707F806B0DB
:109BD00010BD90F83D30ADF8043001A91623ADF862
:109BE0000630FFF773F8F2E737B54D682C7A0E2C84
:109BF0000ED16B7A8DF8043090F83D30ADF800301E
:109C000068463623ADF80230FDF7E8FF03B030BDFB
:109C1000032CFBD11E224A8003B0BDE83040FFF781
:109C200055B838B5836C9B7804460D46C3B1FEF732
:109C30001CFE0A20FFF790FC014640B10E23037280
:109C40002B7943722046BDE83840FFF741BC40F60F
:109C500003036B8029462046BDE83840FFF736B83D
:109C600038BD0000F0B5D0F848C0DCF8103099B02D
:109C700004460D4610AE03F12007186859683246B5
:109C800003C20833BB421646F7D1DCF808306A46F7
:109C900003F1200E174618685968164603C60833A4
:109CA00073453246F7D1DCF808200DF1200C02F1A3
:109CB0002003403218685968664603C60833934249
:109CC000B446F7D1094994F83D2091F8841119233D
:109CD0003846F7F77DFF30B94EF203036B80294613
:109CE0002046FEF7F3FF19B0F0BD00BFD4490120B4
:109CF000F0B5CB7887B005460C4633BB0A46014623
:109D0000202000F093F90646E8B1164B02AA03F1B1
:109D1000100E944618685968174603C708337345F0
:109D20003A46F7D1231D324604F1240153F8040BBF
:109D300042F8040B8B42F9D100942B462022314685
:109D4000604600F053F907B0F0BD90F83D000B22DB
:109D500000F0D6FA2146284607B0BDE8F040FEF7ED
:109D6000B5BF00BF4B910700836CF7B504469869F7
:109D70000E461030496801F04EFC3246214635202F
:109D800000F054F9054618B300270422114900F8E1
:109D9000017B00F0B1F9A36C596900F0B4F9A36C30
:109DA0005969103100F0AFF901462046FFF786FCF3
:109DB00001462046FFF7B3FC012303704770A36CF4
:109DC00098690096234635222946103000F00EF996
:109DD00003B0F0BD5C910700836CF7B504460E46F6
:109DE0009869496801F017FC32462146352000F099
:109DF0001DF9054618B301270422124900F8017B1A
:109E000000F07AF9A36C596900F07DF9A36C5969E7
:109E1000103100F078F901462046FFF74FFC01466B
:109E20002046FFF77CFC002307704370A36C986901
:109E30000096234635222946103000F0D7F803B0AB
:109E4000F0BD00BF5C910700836C73B50446986950
:109E5000102210440D46496801F00CFC2A462146A8
:109E6000412000F0E3F8064630B3A36C596900F0D6
:109E70004AF9A36C5969103100F045F9A36C59698E
:109E8000303100F040F994F82330037094F8223018
:109E9000437094F821308370C11C2046FFF70EFCFC
:109EA00001462046FFF73BFCA06C009580692346E5
:109EB0004122314600F09AF802B070BD73B50A46EF
:109EC00004460D460146412000F0B0F8064630B386
:109ED000A36C5969103100F016F9A36C596900F0B0
:109EE00012F9A36C5969203100F00DF994F82A3069
:109EF000037094F82930437094F828308370C11CA3
:109F00002046FFF70CFC01462046FFF7D7FBA06C6C
:109F10000095806923464122314600F067F8A36C22
:109F20006968586902B0BDE8704001F074BB38B58B
:109F3000856C6B6904461BB9602001F079F9686192
:109F4000A56CAB681BB9402001F072F9A860A56C44
:109F5000AB691BB9202001F06BF9A861A56CEB6817
:109F60001BB9402001F064F9E860A56C2B691BB9AE
:109F7000202001F05DF92861A36C586948B1986808
:109F800038B1986928B1D86818B11869003818BF75
:109F9000012038BD836C10B50446586920B101F02A
:109FA00069F9A36C00225A61A36C986820B101F092
:109FB00061F9A36C00229A60A36C986920B101F04A
:109FC00059F9A36C00229A61A36CD86820B101F002
:109FD00051F9A36C0022DA60A36C186920B101F07A
:109FE00049F9A36C00221A6110BD000073B51C462C
:109FF0001C23019394F83D3000930B4B069E93F87D
:10A0000084310D46F7F776FD60B9284601F032F944
:10A0100040F6030331462046738002B0BDE870402D
:10A02000FEF754BE02B070BDD449012070B50E4693
:10A03000154601F0FDF8044630B940F603036B8085
:10A0400029463046FEF742FE204670BD2DE9F04716
:10A0500006460F4615460A46014641209DF82090C7
:10A06000DDF824801C46FFF7E1FFF8B12A460346DD
:10A0700005F1200152F8045B43F8045B8A42F9D1F0
:10A08000234600F1200204F1200153F8044B42F86A
:10A09000044B8B42F9D180F8409033460897014633
:10A0A00041224046BDE8F047FFF7A0BFBDE8F0877A
:10A0B0000D4A0E4B02F11C01C3F8941002F1380155
:10A0C0009A64C3F8E01002F154017032C3F87821A9
:10A0D000074AC3F88821074AC3F88C210122C3F834
:10A0E0002C1183F890217047684B0120D44901203E
:10A0F00081970500F199050038B50546144619F019
:10A10000F1FA281938BD10B5044601F084FA04F1BB
:10A11000100010BD70B5012204460E4690F83D00B7
:10A120001146FCF741FC2046FEF79FFB4920FFF754
:10A1300013FA0546A8B10C230372A36C2022D96838
:10A14000093001F097FAA36CD968202205F12900A3
:10A15000114401F08FFA29462046BDE87040FFF710
:10A16000B7B940F60303738031462046BDE870401E
:10A17000FEF7ACBDF8B51746012204460E4690F82E
:10A180003D001146FCF710FC2046FEF76EFB19203F
:10A19000FFF7E2F9054660B10D2303723946093035
:10A1A000102201F067FA29462046BDE8F840FFF783
:10A1B0008FB940F60303738031462046BDE8F8406E
:10A1C000FEF784BDF8B51746012204460E4690F806
:10A1D0003D001146FCF7E8FB2046FEF746FB192040
:10A1E000FFF7BAF9054660B1042303723946093016
:10A1F000102201F03FFA29462046BDE8F840FFF75B
:10A2000067B940F60303738031462046BDE8F84045
:10A21000FEF75CBDF8B51746012204460E4690F8DD
:10A220003D001146FCF7C0FB2046FEF71EFB19203F
:10A23000FFF792F9054660B10323037239460930EE
:10A24000102201F017FA29462046BDE8F840FFF732
:10A250003FB940F60303738031462046BDE8F8401D
:10A26000FEF734BD836CDA785969D308C3F10F0364
:10A2700051FA83F302F0070293F82000104100F036
:10A28000010040F080007047F8B50D46FEF7BCFFB6
:10A29000826C90F83A30044605F11001506905F1DE
:10A2A000300705F12006B3B1503001F0B4F9A36CCA
:10A2B00058692946203001F0AEF9A36C5869394637
:10A2C000403001F0A8F9A36C586931463030BDE840
:10A2D000F84001F0A0B9403001F09DF9A36C586935
:10A2E0002946303001F097F9A36C5869394650304F
:10A2F00001F091F9A36C586931462030E7E700007E
:10A30000F8B50C4617460646FEF77EFF90F8423039
:10A31000013380F8423005462680E7703046FEF76C
:10A3200071FE054B1A6895F84230D27993420CBF02
:10A330000D230323A370F8BDD463002013B50422BA
:10A340000DEB0201044690F83D00FFF7D9FF01A98B
:10A350002046FEF7BBFC02B010BD000038B501225C
:10A3600004460D4690F83D001146FCF71DFB022304
:10A3700084F83F302046FEF778FA402000F058FF7E
:10A3800020630F20FFF7E8F80146D8B101230372DC
:10A390000D4B1B681A7942722A7982726A79C272ED
:10A3A0009B790373AB794373EB798373836823627F
:10A3B0008389A384837B84F826302046BDE8384017
:10A3C000FFF786B838BD00BFD463002090F83B206B
:10A3D0002AB1002280F83B20C978FEF76CBA70479A
:10A3E00007B5012380F83B304B685B7A8DF8043069
:10A3F00090F83D30ADF80030684632238DF80230D9
:10A40000FDF7ECFB03B05DF804FB000037B54B68CB
:10A4100090F825509A68C0F827209A89A0F82B2038
:10A420009A7B80F82D205A7BAA43044604D190F8E9
:10A4300026209B7B934308D040F6032320464B8085
:10A4400003B0BDE83040FEF741BC094D0DF10702F5
:10A45000D5F888310DF10601984738B1D5F88C311F
:10A460009DF807209DF806102046984703B030BDA0
:10A47000D449012038B5026B4B68044603F1090149
:10A480002032193351F8040B42F8040B9942F9D1E8
:10A490000425204684F83F50FEF7E7F91920FFF71E
:10A4A0005BF8014680B10572236B093003F130027D
:10A4B000403352F8045B40F8045B9A42F9D12046DD
:10A4C000BDE83840FFF704B838BD000070B5066B32
:10A4D0000D4604461022686806F1200119F0D0F8F4
:10A4E000D0B10423EB7094F8423094F83D0001336E
:10A4F00084F84230FEF786FD0C4B1A6894F842301F
:10A50000D27993420CBF0D230323AB70294620461A
:10A51000BDE87040FEF7DABB06F1300306F1100229
:10A5200031462046BDE87040FEF77ABFD463002074
:10A5300030B590F82B5090F8243049689D4285B092
:10A5400028BF1D4604462A46684619F0CBF800216C
:10A55000C5F110020DEB050019F0C2F9012384F8D2
:10A56000443094F8403094F83D0013F0040F6A46EC
:10A5700014BF02210121FDF7F5FC05B030BD00003C
:10A5800038B504460D46FEF770F9236B94F83D206C
:10A590001A8094F8402012F0040F14BF0222012206
:10A5A000DA7794F82B2094F824108A4228BF0A46C0
:10A5B00083F82020002394F82D2084F83F3094F86D
:10A5C00026301340D80710D50E4A92F8902192B148
:10A5D000A26C12787AB1990711D40C23AB7029467A
:10A5E0002046BDE83840FEF771BB9A0707D45B07E9
:10A5F000F3D50A2300E0062384F83F3038BD082352
:10A60000FAE700BFD449012038B590F8262090F829
:10A610002D300D4613404A68016B0446FEF79CFA44
:10A6200050B1002384F83F300C23AB7029462046FC
:10A63000BDE83840FEF74ABB38BD38B590F83F203A
:10A6400090F82C300D46044690F825105AB9194060
:10A65000FEF7C2F938B10E23AB7029462046BDE89B
:10A660003840FEF733BB38BDFFF70FBA0C2380F834
:10A670003F30FFF74FBD0000836C10B5044610213A
:10A680005869F7F74DFBA36C07495869203000F073
:10A69000C2FFA36C04495869303000F0BCFF0323AB
:10A6A00084F83F3010BD00BFFF99070038B5836CB8
:10A6B00004460D465869496810220931403000F0BF
:10A6C000D9FF042384F83F30A36C29465A692046F9
:10A6D000BDE83840FFF776BD38B5836C04460D46BB
:10A6E0005869496810220931104400F0C3FF294617
:10A6F0002046BDE83840FFF712BA38B5836C0446EF
:10A7000058690D4610224968403018F0B9FF20B151
:10A710002046BDE83840FFF711BE29462046BDE877
:10A720003840FFF711BA000030B5836C0446586911
:10A73000DB7885B00D46D3B91949203000F06BFFA6
:10A74000A36C17495869303000F065FF2A7D032A51
:10A750000DD8A36C5869291D2D30029100F08AFF95
:10A76000A36C2A7D586902993D3000F083FFA36CE9
:10A7700010215869F7F7D4FAA36C2046DA689B6871
:10A7800003920293FFF76EFDA16C4969DDE9023285
:10A79000CDE9000129462046FFF758FC05B030BD41
:10A7A000FF99070030B5836C04460D465869496827
:10A7B000102285B00931104400F05CFFA36C2046E4
:10A7C0009A68DB6803920293FFF74CFDA16C49691C
:10A7D0001031CDE90001DDE9023229462046FFF7BC
:10A7E00035FC05B030BD4A68FFF714BDFFF75EBF0A
:10A7F00037B5856C4968044668691022403018F006
:10A800003FFF28B1204603B0BDE83040FFF796BDBA
:10A81000EB780133DBB2132BEB709BBF032384F87F
:10A820003F301B231A238DF8063001A994F83D30E0
:10A83000ADF804302046FEF749FA03B030BD000001
:10A8400030B590F82930012B87B004460D4605D06D
:10A85000836C14495869203000F0DDFEA36C94F835
:10A8600022205869012A00F130000AD19B6801902A
:10A870000022009229461A462046FFF7E7FB07B060
:10A8800030BD084900F0C7FE94F83D30ADF80C30FB
:10A890001C238DF80E3003A9002320460593FEF7F4
:10A8A00015FAECE7FF99070070B5836C5E6990F8C4
:10A8B0002230012B04460D460BD14968102206F1C7
:10A8C000400018F0DDFE20B12046BDE87040FFF7E3
:10A8D00035BD042384F83F3030461021F7F720FAC5
:10A8E000A36C294620465A69BDE87040FFF76ABC50
:10A8F00038B5836C04460D46586949681022093101
:10A90000104400F0B7FE29462046BDE83840FFF766
:10A91000A9B938B5836C0446586910220D46104415
:10A92000496800F0A7FE0D2384F83F30A36C294648
:10A930005A692046BDE83840FFF71CBCF0B5876C6B
:10A9400004467B694868102285B09918093018F0D0
:10A9500097FE064610BB94F82B5094F82430B96942
:10A960009D4228BF1D462A461031684618F0BAFE9F
:10A97000C5F1100231460DEB050018F0B1FF0123BF
:10A9800084F84430204694F83D50FEF7F1FD6A46C5
:10A9900001462846FDF7E6FA05B0F0BD0B238DF819
:10A9A000033094F8423094F83D00ADF800000133D4
:10A9B00084F84230FEF726FB074B1A6894F84230C1
:10A9C000D279694693420CBF0D231D2320468DF892
:10A9D0000230FEF77BF9DFE7D4630020024B034A25
:10A9E000C3F88021FFF764BBD44901202C920700F3
:10A9F000054B064AC3F88021054AC3F88821054A59
:10AA0000C3F88C21704700BFD449012090940700FF
:10AA10005D8D0500618E050038B50D460446FDF7D5
:10AA200024FF0A20FEF798FD014640B10B23037274
:10AA30002B7943722046BDE83840FEF749BD38BD4A
:10AA4000036B37B504460D4673B9402000F0F0FBA8
:10AA5000206348B940F60303294620466B8003B0C3
:10AA6000BDE83040FEF732B90122114694F83D00AE
:10AA7000FBF79AFF6B689A6822629A89A2849A7B94
:10AA800084F826209A7A8DF80520DA7A8DF8042049
:10AA90005A7B9B7B8DF8073094F83D30ADF8003041
:10AAA000684631238DF806208DF80230FDF796F8C0
:10AAB00003B030BD73B5022380F82730234B244EFA
:10AAC0001B681A7980F828200A7980F829204A79A9
:10AAD00080F82A209B7980F82B308B7980F82C30F5
:10AAE000CB7980F82D300D46D6F888310DF107026C
:10AAF0000DF106010446984730B36A7994F8233083
:10AB0000134013F0080F14BF0C23032384F83F30C5
:10AB10002046FDF7AAFE0F20FEF71EFD014658B1A4
:10AB2000D4F827308360B4F82B30838194F82D302B
:10AB300083732046FEF7CCFCD6F88C319DF80720B5
:10AB40009DF806102046984702B070BDD4630020DF
:10AB5000D449012010B54B68026B03F10901203282
:10AB6000193351F8044B42F8044B9942F9D10023B0
:10AB700080F83F3010BD10B5FFF7ECFF0446006BC6
:10AB800010213030F7F7CCF8216B204601F130026C
:10AB9000BDE81040FEF740BB70B5066B0D4604469D
:10ABA0001022686806F1200118F06AFDD0B194F80F
:10ABB000423094F83D00013384F84230FEF722FA27
:10ABC0000423EB700C4B1A6894F84230D27993420C
:10ABD0000CBF0D230323AB7029462046BDE870400F
:10ABE000FEF774B806F1100306F130023146204634
:10ABF000BDE87040FEF714BCD463002038B590F86F
:10AC00002B5090F8243049689D420446006B28BFC1
:10AC10001D462A46203018F065FD206B20300021AB
:10AC2000C5F11002284418F05BFE012384F844307B
:10AC30002046FDF71AFE1920FEF78EFC014688B16A
:10AC400004230372236B093003F13002403352F8BE
:10AC5000045B40F8045B9A42F9D12046BDE83840D5
:10AC6000FEF736BC38BD000070B590F83F6090F834
:10AC70002D300D46044690F82610C6B91940FDF750
:10AC8000ABFEA0B194F8253094F82C2084F83F60F6
:10AC90001340D8070ED50E4A92F8902142B1A26C0B
:10ACA00012782AB199070BD5082384F83F3070BD7C
:10ACB0000623FAE79A07F7D45B0701D50A23F4E7DE
:10ACC0000E23AB7029462046BDE87040FDF7FEBF5D
:10ACD000D449012013B50023044680F83F30019188
:10ACE000FDF7C3FD236B94F83D201A8094F84020B3
:10ACF000019912F0040F14BF02220122DA7794F8AE
:10AD0000240094F82B20824228BF0246204683F874
:10AD1000202002B0BDE81040FFF7A6BF38B590F87C
:10AD2000252090F82C300D4613404A68016B0446EC
:10AD3000FDF712FF38B10E23AB7029462046BDE85F
:10AD40003840FDF7C3BF38BD37B5836C5A78032A46
:10AD500004460D461ED158690F49203000F05BFCB7
:10AD6000A36C0D495869303000F055FC2A7D032A48
:10AD700010D8A36C5869291D2D30019100F07AFC80
:10AD8000A36C2A7D586901993D3003B0BDE830407D
:10AD900000F070BC03B030BDFF99070038B5044621
:10ADA0000D46FEF772FE29462046BDE83840FFF703
:10ADB000B1B9000038B5836C044658690D461021BE
:10ADC0000844F6F7ADFFA36C09495869203000F03C
:10ADD00022FCA36C06495869303000F01CFC0423A7
:10ADE00084F83F3029462046BDE83840FEF797BE3C
:10ADF000FF9907004A68FFF70DBA38B5836C0D4616
:10AE00004968044609315869102200F033FC29468C
:10AE10002046BDE83840FEF797BE38B50D2380F8D0
:10AE20003F30836C5A6904460D461032FFF7CAF969
:10AE300029462046BDE83840FEF7B4BE836C496819
:10AE4000586910220931503000F014BC30B5836CC1
:10AE5000044658690D46102185B00844F6F760FF96
:10AE6000042384F83F30A36C2046DA689B68039281
:10AE70000293FFF7F7F9A16C49691031CDE90001A0
:10AE8000DDE9023229462046FFF7E0F805B030BD83
:10AE900038B504460D46FFF7D1FF29462046BDE8E8
:10AEA0003840FFF7D3BF38B504460D46FFF74CFFD7
:10AEB00029462046BDE83840FFF7C8BFFFF79ABFD4
:10AEC00030B5836C0D464968044685B05869093130
:10AED000102200F0CFFBA36C20469A68DB68039237
:10AEE0000293FFF7BFF9A16C4969DDE90232CDE9B0
:10AEF000000129462046FFF7A9F805B030BDF7B597
:10AF0000866C776904460D461022496807F15000A7
:10AF100018F0B6FB28B1204603B0BDE8F040FFF7BB
:10AF20000DBAF3780133DBB2132BF3700CD91B236A
:10AF30008DF8063094F83D30ADF8043001A9204674
:10AF4000FDF7C4FE03B0F0BD032384F83F3007F1E2
:10AF500010021A23294620468DF80630FFF732F9F1
:10AF6000E8E7042380F83F307047000030B5836C79
:10AF70000D464968044687B058691022093100F02F
:10AF800079FB94F82230012B05D0A36C1449586941
:10AF9000303000F040FBA36C94F829205869012A56
:10AFA00000F120000AD19B680190002200922946FE
:10AFB0001A462046FFF74AF807B030BD084900F0AE
:10AFC0002AFB94F83D30ADF80C301C238DF80E3080
:10AFD00003A9002320460593FDF778FEECE700BFA8
:10AFE000FF99070070B5836C5E6990F82930012BDA
:10AFF00004460D460BD14968102206F1500018F0A6
:10B000003FFB20B12046BDE87040FFF797B90D2304
:10B010001021701884F83F30F6F782FEA36C5A694D
:10B02000294620461032BDE87040FFF7CBB80F2309
:10B03000496880F83F30836C5869102209315030DC
:10B0400000F018BB0D22836C80F83F205A78032A49
:10B0500003D15A691032FFF7B5B8704738B590F888
:10B060003F300D2B04460D4607D1836C4968586963
:10B0700010220931503000F0FDFA29462046BDE883
:10B080003840FEF7EFBD0000836C73B50446586985
:10B090000D461030496800F0BEFAA66C71691022A6
:10B0A00001F1500018F0ECFA0146D0B994F82B30B9
:10B0B00094F82420B069934228BF13461030C3F19E
:10B0C0001002184418F00CFC012384F84430A36CDF
:10B0D0005A6929461032204602B0BDE87040FFF799
:10B0E00049B80B238DF8073094F8423094F83D00AE
:10B0F000ADF80400013384F84230FDF783FF084BBC
:10B100001A6894F84230D27901A993420CBF0D23FA
:10B110001D2320468DF80630FDF7D8FD02B070BD26
:10B12000D4630020024B034AC3F87C21FEF7C0BF62
:10B13000D449012054960700054B064AC3F87C21E8
:10B14000054AC3F88821054AC3F88C21704700BF1F
:10B15000D4490120F49807005D8D0500618E05003B
:10B160002DE9F84F06460F4600F0A6F8DFF8BC8040
:10B170002C4BC8F8000006EB460400EB84041E705C
:10B18000043700F10C0AD8F8005000F09BF820F0CA
:10B1900007000544AC4202D90020BDE8F88FD6B3C1
:10B1A00037F8043C072B25D95A0703D023F00703AF
:10B1B00008339BB22AF80C3C17F8029C0AF80A9C48
:10B1C0004AE90244DB08DD00B9F1010FD8F800B00C
:10B1D00012D800F077F820F0070083445C4507F1AF
:10B1E00004070AF10C0AD7D8013E00232360F6B207
:10B1F0002C44C8E70823DDE700F064F820F00700DE
:10B2000058448442C8D8631909F1FF3223605FFAB9
:10B2100082F91C46D8E7D8F80000034B201A1860C2
:10B22000BBE700BFFC4B0120F84B0120F44B012091
:10B23000F8B50E4B1E680E4B1C7807460CB9254618
:10B240000CE03388BB420DD304F08AF8B5683DB1F9
:10B250002B68B36000236B6004F084F82846F8BDC7
:10B2600004F080F8013CE4B20C36E7E7F44B01202F
:10B27000FC4B012038B50D4A0D4B14781B680C228D
:10B28000054602FB04340C3CA34200D938BD626879
:10B29000AA42F8D804F064F8064B6B60A3682B60F0
:10B2A000A560BDE8384004F05DB800BFFC4B01204C
:10B2B000F44B01200DD0ABFA014B1868704700BF6A
:10B2C000404C0120014B1868704700BF3C4C0120E6
:10B2D000083008B580B2FFF7ABFF00B1083008BDF9
:10B2E000084480B2FFF7F4BF0838FFF7C3BF02F885
:10B2F000041CA2F1080100F01FB813B50446019127
:10B3000004F068F82146019AFFF7F1FF0121204679
:10B3100002B0BDE8104004F04BB810B50C4600F088
:10B320001DF810B103792370083010BD006810B10A
:10B3300003790B700830704738B5002304460B6062
:10B340000D4604F00DF823682BB925606560BDE853
:10B35000384004F007B863681D60F7E738B5044665
:10B3600003F0FEFF25681DB12B68236003B96360FD
:10B3700003F0F8FF284638BD38B504460D4603F003
:10B38000EFFF23682B6003B965602560BDE8384096
:10B3900003F0E8BF70B506460D46144603F0E0FF23
:10B3A000336813B17368A34207D129463046FFF7CB
:10B3B000C3FFBDE8704003F0D5BF24B9294630462D
:10B3C000FFF7DAFFF5E723682B602560F1E770B53A
:10B3D00004460D46164603F0C3FF2368AB4209D16D
:10B3E0002B6823606368AB4208BF6660BDE87040AD
:10B3F00003F0B8BF002EF5D02B683360F2E713B529
:10B40000044603F0ADFF2368002290B201322BB94D
:10B41000019003F0A7FF019802B010BD1B68F4E78C
:10B4200010B5044603F09CFF2468B4FA84F4640960
:10B4300003F098FF204610BDD0E90020131A5842AF
:10B4400058417047084B10B51C68002204B910BD64
:10B45000844202D022462468F8E703482146FFF7D9
:10B46000B6FF00236373F2E7084C012038B50446A9
:10B470000D4603F07DFF637B13B12046FFF7E2FF2B
:10B4800001236373094BA5601B68002213B19968FF
:10B49000A94207D921460548FFF77CFFBDE838409F
:10B4A00003F068BF1A461B68F0E700BF084C012094
:10B4B00010B5044603F05CFF064A13682BB92370ED
:10B4C0001C4603F057FF204610BD0123237013686C
:10B4D0009C68F6E7084C0120044A0023C2E90033C7
:10B4E000034A1360034A1360704700BF084C0120F1
:10B4F000004C0120044C01204FF47A735943013170
:10B50000FFF7B4BF0131FFF7B1BF07B5019003F0FA
:10B510002FFF0198FFF796FF03B05DF804EB03F0EF
:10B5200029BF000070B5054603F022FF0A4B1C68D6
:10B5300000261CB9BDE8704003F01CBFA368AB42F5
:10B5400003D95B1BA3602468F3E7207BA66002217C
:10B5500003F02EFFF7E700BF084C012038B503F0D9
:10B5600007FF0948046854B1A56845B92A46214631
:10B57000FFF72DFF657303F0FDFE204638BD03F095
:10B58000F9FE0024F9E700BF084C01200B680360B6
:10B590008B888380704708B5062218F071F8B0FADE
:10B5A00080F0400908BD00230360838006307047A7
:10B5B00007B50023062269460093ADF8043018F061
:10B5C0005FF8B0FA80F0400903B05DF804FB034671
:10B5D000006859687047110A02704170110C120E10
:10B5E000C2701A0A037142711A0C1B0E81708271AB
:10B5F000C371704703794179006843EA01217047BC
:10B60000110A027041700371110C1B0A120E817035
:10B61000C2704371704701F1100351F8042B40F8D8
:10B62000042B9942F9D170470B6803604B68436063
:10B63000704710B500F1100210F8013B11F8014BF2
:10B64000824283EA040300F8013CF5D110BD0000FA
:10B6500010B5074C11448A4201D1C04310BD12F805
:10B66000013B4340DBB254F8233083EA1020F2E779
:10B67000109A070070B50024551E23B2934204F1BE
:10B68000010400DB70BDCE5CEB1AC654F5E710B5C3
:10B69000431800EB5101884200D110BD13F8012D71
:10B6A00004781C7000F8012BF5E703680BB108461D
:10B6B00018477047006803689B691847006803686B
:10B6C0009B6A184700680368DB6A184713B504468D
:10B6D0000CF030F8237E23B102B0BDE810400CF02E
:10B6E0003FB8012323760CF03BF86368201D1BB1A3
:10B6F0002369019401A9984702B010BD10B5044612
:10B70000002244F8041B4260C4E90122024942615C
:10B710000161027610BD00BFABB6050037B5174C0E
:10B72000174D2368BFF35B8F13F0010F09D120463B
:10B730000CF052FB28B100F0B1FD286020460CF05F
:10B740006DFB2B682BB90F490F4800931A460CF07C
:10B750006BF90E4C2368BFF35B8FDB070AD42046DE
:10B760000CF03AFB30B129680948FFF7C7FF2046C3
:10B770000CF054FB064803B030BD00BF144C012050
:10B78000344C0120109E070043011880104C01200A
:10B79000184C0120006804F093BC006803F0C1BF9E
:10B7A000006805F061BA0146006801F04FBB00680F
:10B7B00006F0BCBB006805F039BE006806F0C4BAEC
:10B7C00000207047704702207047F4F713BD000057
:10B7D000064BD3F8C0309A0605D5054B1B689B066F
:10B7E00001D5F4F735BBF4F78DBB00BFF03F012066
:10B7F00068630020024A02600022C0E90421704709
:10B80000B09E070010B50446406903689B689847DE
:10B81000236820461B6ABDE810401847036810B52E
:10B8200004465B6A984760690368BDE81040DB68BE
:10B830001847000007B50191FFF770FFFFF73AFFC7
:10B840000199FFF7AAFF20B1034904486D220BF0CC
:10B85000C7FE03B05DF804FB339E07007F9E070020
:10B8600030B50B780E2B85B005460C461DD10A79F4
:10B87000CB7803EB022399B242F20F03994204F111
:10B8800006025CD8B1F5005F11D840F663439942D7
:10B8900000F0A88032D840F60143994200F096802B
:10B8A00040F60343994200F0888005B030BDA1F511
:10B8B0000053013B0E2BF8D801A252F823F000BF31
:10B8C000D9B90500FFB9050033BA0500ABB80500CA
:10B8D000F5B90500ABB80500ABB80500ABB805007D
:10B8E000ABB80500ABB80500ABB80500ABB80500B8
:10B8F000ABB80500ABB8050021BA050041F2010361
:10B9000099424BD041F209039942CED16E4811467B
:10B910006C46FFF73BFE00230093A3802B68214673
:10B920005B6928469847002861D094E8030002909C
:10B93000ADF80C10284602A9FFF77CFFB5E742F2EC
:10B940002403994200F0A18012D842F218039942D0
:10B9500000F0AD8042F21C039942A6D1D4F8060053
:10B9600051685A4B03C305B0BDE83040F4F7FABA4A
:10B9700042F22F03994279D008D842F22A03994221
:10B9800093D1534BA27983F8C9206AE042F23B037A
:10B9900099420DD842F23903994286D94C4BD3F8DB
:10B9A000D830002B81D0104605B0BDE83040184794
:10B9B00042F24A039942F1D077E7464B46480022CB
:10B9C0001A7005B0BDE83040F4F726BC434805B016
:10B9D000BDE83040F4F74CBB414805B0BDE830400D
:10B9E000F4F72DBC05B0BDE83040F4F7DABBF4F74E
:10B9F00095FA5AE705B0BDE83040F4F78FBAE1791F
:10BA0000A279334B02EB0122A3F8B620227A83F805
:10BA1000BB2083F8BA2005B0BDE83040F4F796BAF1
:10BA2000A2792B4B83F8BC2005B0BDE83040F4F779
:10BA300081BAE279A37903EB0223254A0021C2F8F7
:10BA4000C4105906C2F8C03008D5264B1B685B06E7
:10BA500004D505B0BDE83040F4F769BC002382F896
:10BA6000C93005B0BDE83040FFF7B2BE627A237A34
:10BA7000A07903EB0223E27900EB022099B280B2B5
:10BA800005B0BDE83040F4F7ACB9114BD3F8D8207D
:10BA900022B105B0BDE83040F4F78FBBA3F8CA204F
:10BAA000A3F8CC2005B0BDE83040F4F72BBA094A22
:10BAB0001378022B02D801331370F3E705B0BDE809
:10BAC000304003F031BC00BF90400120884001208D
:10BAD000F03F0120384C0120FF8B07000F8C07003E
:10BAE000078C070068630020406910B4046824696B
:10BAF000A4465DF8044B6047036913B504462BB9AF
:10BB0000084909484FF49B720BF06AFD04301B682A
:10BB1000019098470198D4F761F80023236102B09F
:10BB200010BD00BF339E0700959E0700F8B5084F73
:10BB300005460C4604B9F8BDFF2C264628BFFF2653
:10BB400028463B68F1B2A41B9847A4B23544F1E7FC
:10BB50004864002008B520B90349044830220BF09E
:10BB60003FFD034B186008BDD89E07009F9E07004D
:10BB700048640020704770477047704770477047AF
:10BB8000704770477047704770477047704700793B
:10BB9000831E5842584170470048704740A1070033
:10BBA000FEE703680BB108461847704708B5FFF772
:10BBB000B5FDBDE80840FFF789BD38B504464068CB
:10BBC00008B9204638BD056914210CF019FB284638
:10BBD000F6E70000094B10B503F1800203609033D3
:10BBE000044642608360C06A10B103685B6898478E
:10BBF00004F10C00FFF7E1FF204610BDBCA80700D0
:10BC000010B50446FFF7D9FF20460C210CF0F8FAD6
:10BC1000204610BD38B50446406808B9204638BDF6
:10BC2000056914210CF0ECFA2846F6E710B5044635
:10BC3000FFF7F0FF20460C210CF0E2FA204610BD81
:10BC400038B50446406808B9204638BD0569142156
:10BC50000CF0D6FA2846F6E710B50446FFF7F0FFD9
:10BC600020460C210CF0CCFA204610BD38B5044615
:10BC7000406808B9204638BD056914210CF0C0FAA7
:10BC80002846F6E710B50446FFF7F0FF20460C21E2
:10BC90000CF0B6FA204610BD38B50446406808B925
:10BCA000204638BD056914210CF0AAFA2846F6E7AB
:10BCB0000B4B10B503601433044643603030FFF77C
:10BCC000EBFF04F12400FFF7D1FF04F11800FFF7A8
:10BCD000B7FF04F10C00FFF79DFF204610BD00BF29
:10BCE00000A8070010B50446FFF7D6FF20460C2138
:10BCF0000CF086FA204610BD38B50A4C00F0A8FFBB
:10BD00002368BFF35B8FDB07054608D420460CF0A1
:10BD100063F820B1044B20461D600CF07FF8024808
:10BD200038BD00BF4C4C0120CC4D0120FFF7E4BFD3
:10BD3000034600789B78272B02D0282B03D070472E
:10BD40000021F7F7DBB9F7F719BA00220260828009
:10BD50007047CB68C3600BB15B681847704738B554
:10BD60000446A06800B938BD0569D3F737FFA0685D
:10BD7000FFF780FAA560F4E710B5074B044640F8DA
:10BD8000183B08F077FF2046044B40F8083FFFF7C8
:10BD9000E6FF204610BD00BFF8A00700E8A007009E
:10BDA00010B50446FFF7E8FF204638210CF028FACA
:10BDB000204610BD30B5054687B040680191E8B116
:10BDC0001420FFF735FA0199044620B90F491048AD
:10BDD0004E220BF005FC02A8FFF7BBFF02A920468C
:10BDE000FFF7B7FF0023236102A8D3F7F7FEAB6884
:10BDF00033B9AC60284601F045FD012007B030BDE5
:10BE00001A461B69002BFBD11461F3E72D9F070035
:10BE1000799F070010B5064B044640F8183BD3F74E
:10BE2000DDFE04F10800D3F7D9FE204610BD00BFA7
:10BE300078A9070010B5034B03600446D4F76EF9E8
:10BE4000204610BDC0AC070037B50D460446019230
:10BE500006F0A0FB019B2A46214603B0BDE8304016
:10BE6000FFF742BE10B506F095FB0368BDE8104031
:10BE7000DB68184707B5019006F08CFB0368019951
:10BE80001B6903B05DF804EB184708B5D2F7BCF99D
:10BE900008BD000010B50D4C2368BFF35B8FDB07B6
:10BEA00011D420460BF098FF68B101F085FA0146E5
:10BEB000074806F011FA074A074905480BF079FFD1
:10BEC00020460BF0ABFF024810BD00BF584C0120CC
:10BED000484E01200060002015BE050038B50E4C0C
:10BEE0002368BFF35B8FDB07054612D420460BF0B7
:10BEF00073FF70B12846FFF7CDFF0146074804F0F5
:10BF0000D3FD074A074905480BF053FF20460BF0C5
:10BF100085FF024838BD00BF5C4C0120744E0120F3
:10BF200000600020B1BC050038B50A4CFFF7D6FF11
:10BF30002368BFF35B8FDB07054608D420460BF070
:10BF40004BFF20B1044B20461D600BF067FF0248F9
:10BF500038BD00BF484C0120C84D012038B50F4CFA
:10BF60002368BFF35B8FDB07054615D420460BF033
:10BF700033FF88B102F032FD4FF46173014605F1E1
:10BF80000802074804F0F4FE064A074904480BF08B
:10BF900010FF20460BF042FF014838BD684C0120DD
:10BFA000C84F012000600020F90D060030B5124D89
:10BFB0002B68BFF35B8FDB0785B0044619D4284696
:10BFC0000BF00AFFA8B101F087FF03902046FFF7AE
:10BFD000C5FF0A4B039A009004F10801084803F0DA
:10BFE000A5FE084A084906480BF0E3FE28460BF078
:10BFF00015FF034805B030BD444C01204C640020BF
:10C00000884C0120006000207100060038B50A4C01
:10C01000FFF7CCFF2368BFF35B8FDB07054608D42F
:10C0200020460BF0D9FE20B1044B20461D600BF0DA
:10C03000F5FE024838BD00BF6C4C0120485001207D
:10C0400038B50379022B044619D1FFF755FEFFF7E7
:10C05000AAFB2046FFF768FFFFF7A2FB2046FFF789
:10C06000D5FFFFF797FB04F10800FFF778FE054BBB
:10C07000002518682571FFF7D1FB284638BD092037
:10C08000FCE700BF704C0120FFF7C0BF70B54E4BFE
:10C09000196888B029B94D494D4840F2F9120BF0A2
:10C0A0009FFA0B684B4E9B684B4D04A89847049B26
:10C0B000059C06999DF81C0033602C60FFF750F832
:10C0C00083B223B94149454840F20D22E7E733687E
:10C0D00082B213FA80F02B6830609B1A94422B6076
:10C0E00006D900233E493F480093A21A0BF094FC66
:10C0F000FFF7F2F9F5F7F6FDF5F706FEF5F75CFC4C
:10C10000F5F73CFDF5F78CFD374803F067F9FCF7D0
:10C1100091F9364803F062F90390F9F77FFFFBF7D6
:10C1200019FDFAF7B7FAFAF767FDFAF76DFEFBF7B4
:10C1300001FEFBF75DF8FBF70DFFFBF7A3F9039892
:10C14000FAF79AFF2A4803F049F9FCF77DFBFCF760
:10C15000F7F9FCF71DFBFCF74FFA264803F03EF910
:10C16000F5F7F2FEF7F746FBF7F7C4F92248F7F7C1
:10C170006FFBF8F739FCF6F7EDF9F6F7ABFE1F4861
:10C1800003F02CF9FDF73EFAFEF7D6FFFEF7CAFFE3
:10C19000FEF72EFCFEF722FC194803F01FF9194B9D
:10C1A00018704620F3F750FC1748FAF733FF16498A
:10C1B0000320FAF793FA1548F5F71EFF144808B064
:10C1C000BDE87040F5F7FEBE704C01208E9F070061
:10C1D000DE9F0700404C01203C4C0120B276070056
:10C1E000F59F07000501188049840500917005003E
:10C1F000598805008D1F050099D00500519605004E
:10C20000CDC205004C50012085C6050031BD05009A
:10C21000B9D4050038B50C4A0C4B03600023044622
:10C22000C0E902230371036118300D4608F0B1FD27
:10C2300000220023C4E90C23054B20461D60FFF7B4
:10C2400025FF204638BD00BFE8A00700F8A0070082
:10C25000704C012010B50D4C2368BFF35B8FDB07DA
:10C2600011D420460BF0B8FD68B106F093F90146F1
:10C270000748FFF7CFFF074A074905480BF099FD2C
:10C2800020460BF0CBFD024810BD00BF544C0120EE
:10C29000104E01200060002079BD0500FFF7DABFD5
:10C2A00007B50191FFF7D6FFFFF718FE0368019964
:10C2B0001B689847FFF7CEFF00F0CAFC036801999E
:10C2C0001B6803B05DF804EB1847000013B50C467B
:10C2D000A9B302F0A1FD204602F0BEFD78BB02F03A
:10C2E0007DFB204602F07EFB48BBA378202B07D0C5
:10C2F0007A2B26D0204602B0BDE8104002F0EEB8FE
:10C30000CDE90000FFF70AFA0090F4F7DFFBC30461
:10C3100007D5F9F715FDFBF73FFBFAF71FFCFAF716
:10C3200031FDFFF797FF00F093FC00F051FBFFF7A2
:10C3300091FF022303710F486946C368984702B012
:10C3400010BDE378002BFAD1228842F21F039A42F3
:10C35000F5D1A3796279217902EB0322064BB1FA78
:10C3600081F1186892B2490902B0BDE81040FFF7A8
:10C37000C3BB00BF744C0120704C012008B5044BB6
:10C380001868FFF73FFABDE80840FAF7D3BD00BFD1
:10C39000704C012073B50479012C05460E461BD064
:10C3A000022C1BD0E4B91830019008F0C4FC0198AD
:10C3B00008F06AFC0B4BED609E421EBF96E807003A
:10C3C00083E80700F268284618BFC3E90324FFF793
:10C3D000D5FF204602B070BD0924FAE70024F8E733
:10C3E0000B24F6E7744C012070B5044688B025692B
:10C3F000002D65D104F118052946684608F077FC40
:10C40000D4E90C31009A9B18019A42EB0102C4E96D
:10C410000C32284608F08FFCD4E90C014FF47A72F4
:10C42000002313F07BFA0E46054670B1FFF77AF849
:10C430004FF47A72A5FB025302FB0631D4E90C32A9
:10C440005B1B62EB0102C4E90C322B4C02F0DCFFF7
:10C450002368BFF35B8FDB070ED420460BF0BCFCD8
:10C4600050B1264808F0F6FB254A264923480BF030
:10C47000A0FC20460BF0D2FC03A80AF003FC02F05B
:10C48000B9FFC0B10DF10F00FFF712F89DF80F30A2
:10C4900053B31D4B07931D4B04930023CDE9053384
:10C4A0004FF47A73A0FB032304A9144808F079FB26
:10C4B00004A8D3F793FB03A80AF0ECFB08B070BD07
:10C4C0002B692361EB682BB9114912484FF4FD72B7
:10C4D0000BF086F81B68284698472846D3F77EFB62
:10C4E0002846FEF7C7FE82E70AF0DEFB0A4B186813
:10C4F00003689B699847DEE7504C0120D04D01202E
:10C500000060002035BE0500447607008BBE0500A4
:10C5100058A0070087A00700704C0120FFF764BFF8
:10C5200010B510220446002117F0DAF9204610BD9C
:10C53000F8B5044636480568BFF35B8F15F0010572
:10C5400064D10BF049FC002860D002F065FC07467E
:10C550002046FFF72BFD06462046FFF7FFFC2D4C3B
:10C560002D4B236003F180029033A3602B4B62605C
:10C57000C4E903352A4B2063C4E90737294BA56179
:10C580000436C4E90A35666204F13400FFF7DDFBC6
:10C5900004F13A00FFF7D9FB04F14000FFF7C0FFB8
:10C5A00004F15000FFF7BCFF04F16000FFF7B8FF93
:10C5B00004F17000FFF7C9FB04F17600FFF7B0FF4C
:10C5C0004FF47063A4F886304FF48073A4F8883079
:10C5D00084F88A5004F18C067019143504F031FD8A
:10C5E000642DF9D1206A104D0368A5619B6FA5F1F8
:10C5F0001C01984701230D4A0D4984F86030A5F1CC
:10C600001C000BF0D6FB02480BF008FC0148F8BDFB
:10C61000644C0120D84E0120BCA80700D8A0070018
:10C620009CA0070050640020F44E01200060002010
:10C63000D5BB050038B50A4C2368BFF35B8FDB0719
:10C6400005460BD420460BF0C7FB38B12846FFF750
:10C650006FFF044B186020460BF0E0FB014838BD2B
:10C66000604C0120D44E0120044B0022C3E900227B
:10C670009A601A61024ADA60704700BF744C012068
:10C68000A3BB050070B54388412B04460DD101F0D2
:10C6900023FC01F019F980B10368E2885D68218804
:10C6A0006389AC46BDE870406047FFF7D3FD214683
:10C6B0000020BDE87040FFF709BE70BD816770477C
:10C6C00003680BB1084618477047814210B503460E
:10C6D0000C4606D007C983E80700E268DA6000224A
:10C6E0001A6110BD38B504460D46002100F8011B43
:10C6F000102217F0F5F86582204638BDB1F8E9211F
:10C700000280B1F8EB214280B1F8ED218280B1F8CE
:10C71000EF21C28070470B88A0F8E9314B88A0F860
:10C72000EB318B88A0F8ED31CB88A0F8EF31704762
:10C73000B0F858220346F3B40021C0F85011501C41
:10C74000A3F860014748C3F858014748C3F85C01A3
:10C7500003F5B270C3F854014448C3F86401444877
:10C76000444DC3F8680103F5B870C3F86C01571D58
:10C77000D01CA3F8D501A3F8DD7128883E4FA3F89B
:10C78000D70103F5EA70B7F800C0C3F87801C3F821
:10C79000845103F5C07003F5ED75C3E96215C3F864
:10C7A0007C01A3F8DFC13548354D364C364EC3F811
:10C7B000905103F5EE7C0225C3F898C103F5D07CB7
:10C7C000C3E967C0C3F87061C3F87441C3F880015E
:10C7D000A3F8DA11C3F89441A3F8E21183F8DC510D
:10C7E00003F5D871C3F8A471C3F8B061274EC3F83C
:10C7F000AC1103F5F171C3F8A8113188A3F8E71162
:10C8000003F5F271C3F8B81103F5E071C3E96F10D5
:10C810001F49C3F8B4410868496883F8E4516C467D
:10C8200003C46C4603CC03F2E917C3F8ED1103F51A
:10C83000E871C3E9727107321649C3F8E90192B28F
:10C8400003F5A870A3F85822A3F8E521C3F8C46142
:10C85000C3F8D01183F8D451A3F8622102B0F0BC20
:10C86000F6F7FCBF9DCD050091CC05009C8D07001F
:10C87000948D0700928D07008C8D07000500000144
:10C88000F80008018E8D0700020000019A8D070054
:10C8900038A2070008000001B0F85812394A4B1CB2
:10C8A00070B5A0F80432384BC0F8FC31374BC0F8F3
:10C8B000003200F50273C0F8F831354BC0F8083289
:10C8C000344BC0F80C3200F50573C0F81032324B0F
:10C8D000C0F81432CB1C044600259BB2C0F8F451BA
:10C8E000A0F85832A0F849321088A4F84B022B481F
:10C8F000C4F8180204F51270C4F81C0204F509709B
:10C90000C4F820022648C4F83452C4E9890204F568
:10C910000D72C4E98B52234AC4F8382294F844219A
:10C9200002F17A0004EB4000C4F83C0204F51170F7
:10C93000C4F840021C48C4F84402202084F848028D
:10C94000062000FB02400226A0F87C30A0F87E60A2
:10C9500080F8805004EB420031440132A0F81C11F1
:10C9600084F8442104F5FA70A4F80632F6F776FF4D
:10C9700094F844010D4A04F17C01BDE87040F6F7DB
:10C98000ADBB00BF9E8D07009DCD050091CC05007D
:10C990009C8D0700988D0700020000018E8D070016
:10C9A00005000001908D07000200201125D0050030
:10C9B00090F85A3210B504464BB9012380F85A3228
:10C9C000FFF7B6FE2046BDE81040FFF765BF10BD7B
:10C9D00010B504460348F6F73BFF2046BDE810407B
:10C9E000FFF7E6BF99D00500D0F8480100B97047BD
:10C9F000838D8B42FBD0806AF8E730B50023062593
:10CA0000137090F844419C4201D8002030BD05FBD2
:10CA10000304B4F87C408C4202D00133DBB2EFE770
:10CA20000120F3E737B515460DF107020446FFF77D
:10CA3000E4FF30B19DF8073004EB4304B4F81C3137
:10CA40002B8003B030BD38B5044640680D4610B1A8
:10CA500003689B689847E069206200B938BDC368E5
:10CA600029469847236A002BF5D01869F4E738B5B2
:10CA7000044640680D4610B10368DB689847A06A19
:10CA8000E06200B938BDC36829469847E36A002BC5
:10CA9000F5D01869F4E738B50446406808B9606015
:10CAA00038BD056914210BF0ABFB2846F6E7000002
:10CAB00010B5034B03600446FFF7EDFF204610BDA1
:10CAC00030A2070010B50446FFF7F2FF20460C2104
:10CAD0000BF096FB204610BD38B50446406808B9F7
:10CAE000606038BD056914210BF08AFB2846F6E723
:10CAF00010B5034B03600446FFF7EEFF204610BD60
:10CB000000A2070010B50446FFF7F2FF20460C21F3
:10CB10000BF076FB204610BD38B50446406808B9D6
:10CB2000606038BD056914210BF06AFB2846F6E702
:10CB300038B50446406808B9606038BD05691421FD
:10CB40000BF05EFB2846F6E710B50A4B044640F8AA
:10CB5000303BFFF7ADFF04F12400FFF75BF804F171
:10CB60001800FFF76DF804F10C00FFF7C1FF204635
:10CB700010BD00BF48A207000022C0E901220261E7
:10CB8000014A0160C2607047C1C605002B4B70B5F9
:10CB900003602B4B0025C0E903352A4B4560C0E9F3
:10CBA0000635294B0581C0E90935284B0446C0E903
:10CBB0000C3529463C30FFF7DFFF294604F15000D1
:10CBC000FFF7DAFF294604F16400FFF7D5FFA567F8
:10CBD00004F1820304F1FA0223F8065C23F8045CF2
:10CBE00003F8025C06339A424FF00006F4D1282283
:10CBF000002104F1F40016F073FE2822002104F550
:10CC00008E7016F06DFE84F84451C4F8485184F8D3
:10CC10004C61A422002104F5A87016F061FE5C228C
:10CC2000002104F5FA7016F05BFEC4E99455A4F8EF
:10CC3000585284F85A62204670BD00BF48A20700CF
:10CC400000A2070010A2070020A2070030A20700E0
:10CC500010B50B4C2368BFF35B8FDB070ED4204667
:10CC60000BF0BAF850B10748FFF790FF064A0749A2
:10CC700004480BF09EF820460BF0D0F8014810BD98
:10CC800050500120685001200060002049CB050071
:10CC90002DE9F04F87B00F461D46DDE9119ABDF82A
:10CCA000408006461446FFF7D3FF3946FFF79CFE47
:10CCB0000346A8B15A69143092B1002203921B6A4C
:10CCC00005920196ADF80870ADF80A50ADF80C80E9
:10CCD000CDF8109001A998479DF8140000283BD189
:10CCE000BAF80C3008EB050B9B4505DD29492A48AD
:10CCF00040F2CB420AF074FC162C2CD002F038FB28
:10CD0000DAF8040042464946284416F0EBFC9AF84B
:10CD10000E301A0744BFDAF80830A3F800B002F06A
:10CD200029FB522C30D01AD8182C2FD030D8A4F18F
:10CD300012035A425A410196ADF808708DF80A2044
:10CD4000ADF80C50ADF80E80CDF81090FFF780FFD5
:10CD500001A9FFF778FE002007B0BDE8F08FD22CC4
:10CD600016D1FFF775FF836F63B1FFF771FF846F13
:10CD700023683046D3F800A0F7F75EFE314602463E
:10CD80002046D0470322D6E70222D4E70622D2E784
:10CD90000022D0E74FA107009AA107002DE9F0413A
:10CDA00086B00E46DDF8308007461D46FFF750FF7F
:10CDB0003146FFF719FE002846D0046834B3B8F8AE
:10CDC0000C3001970024CDE903440594ADF80C30F4
:10CDD000ADF80860C368ADF80A5001A998479DF8FE
:10CDE00014405CBB0499D8F8040079B1BDF80C205C
:10CDF000B8F80C30934225D316F074FCBDF80C3013
:10CE0000D8F80820AB4238BF07241380D8F8083080
:10CE1000ADF80860ADF80A501B88ADF80C30002C56
:10CE2000D8F8043004930CBF0023032301978DF836
:10CE30001430FFF70DFF01A9FFF719FE204606B0D9
:10CE4000BDE8F0810E24E1E70446DFE7F0B50446D3
:10CE5000406887B00E4610B103681B69984704F11B
:10CE60003007656BA563002D4FD13846FFF713FEE1
:10CE700004F10C00258184F85A52FFF72DFE04F1CD
:10CE80001800FFF749FE04F12400FFF751FE294680
:10CE900001A8FFF771FE01A904F13C00FFF715FCA2
:10CEA000294601A8FFF768FE01A904F15000FFF729
:10CEB0000CFC294601A8FFF75FFE01A904F16400FC
:10CEC000FFF703FCD4F8505245BBD4F8545285BB4D
:10CED000B4F86001F6F7E2FCB4F80402F6F7DEFC01
:10CEE000D4F8880116F0BAF82846154AA4F8585222
:10CEF00084F8445184F84C51C4F8485104F17C0141
:10CF0000F6F7ECF8284607B0F0BDEB683146284646
:10CF10009847A36B002BA4D01D69A3E76B69288AEF
:10CF2000C4F85032F6F7BAFC182128460BF068F91D
:10CF3000C8E72B68C4F85432284616F08FF8C4E7C7
:10CF400025D0050038B504460D466068A06000B9DC
:10CF500038BDC36829469847A368002BF5D01869E7
:10CF6000F4E7000003297FB5044616461D4613D09A
:10CF7000042935D001290DD1406830B1ADF80C300D
:10CF8000036802925B6802A99847012104F10C0032
:10CF9000FFF7D8FF04B070BD0DF106021946FFF788
:10CFA00041FD28B940F2DF621C491D480AF018FB18
:10CFB000606850B1BDF80630ADF80E3003680296D7
:10CFC0005B69ADF80C5002A99847E36B04F13C0093
:10CFD000002BDFD0A36C294604B0BDE87040184791
:10CFE0000DF106021946FFF71DFD10B94FF4DE6280
:10CFF000DAE7606850B1BDF80630ADF80E3003686E
:10D0000002969B69ADF80C5002A99847236D04F174
:10D010005000002BBED0E36DDDE700BF4FA107003D
:10D02000B8A1070013B5C38813F0030F044614BF5B
:10D03000032104210191FFF70BFEA38822880199A7
:10D0400002B0BDE81040FFF78DBF10B54388162B26
:10D0500004460AD1FFF7FCFD406888B10368E28905
:10D0600021881B68BDE810401847122B08D1FFF734
:10D07000EFFD638922880121BDE81040FFF772BFF0
:10D0800010BD000008B542F602110248FFF72AFB66
:10D0900008BD00BF545001201FB50190FFF7DAF81A
:10D0A000FFF7C8FA002301998DF80C3003AAFEF7A8
:10D0B00081FB38B99DF80C30042B18BF052005B052
:10D0C0005DF804FB0520FAE7D0E90320B2FBF0F09D
:10D0D0007047C06880087047836803EB810233F8AB
:10D0E0002130002063F30F00538882B063F31F40A8
:10D0F00002B07047037CC06890FBF3F07047037C7C
:10D10000C06890FBF3F0704700207047704770478D
:10D110007047704708B5044B1B680846C0B2998831
:10D12000F5F779FC002008BDD063002010B5C8B227
:10D130001446F4F767FF2080002010BD07B50846AD
:10D14000114601920023120C89B2C0B2F5F710FC0F
:10D15000002003B05DF804FB70B586B000240A9D82
:10D1600002942E680196AD880592084611460095F6
:10D17000120C89B2C0B2F5F7D4FC204606B070BDDF
:10D1800030B51C7885B0C8B2039291B2120C54B974
:10D1900003F1120402230025CDE90045F5F7F2FC66
:10D1A000284605B030BD5C1C1023F4E708B50846DE
:10D1B000C0B21146F5F7F4FB002008BD08B50846DB
:10D1C000C0B211461A460023F5F70AFD002008BD3B
:10D1D00008B51346084612681979C0B2F5F71AFD6A
:10D1E000002008BD30B51C7885B0C8B2039291B25A
:10D1F000120C54B903F1120402230025CDE90045B5
:10D20000F5F733FD284605B030BD5C1C1023F4E76C
:10D2100008B5084611461A46C0B21B689288F5F751
:10D22000D7FB002008BD08B5084611461A46C0B213
:10D230001B689288F5F776FE002008BD13B50446FA
:10D24000084611461A6800929B886268C0B2F5F7DA
:10D25000FDFD636800200133636002B010BD30B58E
:10D26000002485B0CDE90144084611461A46089BC2
:10D270001D6800959B88C0B2F5F777FE204605B083
:10D2800030BD08B50846C0B21146F5F7B0FE002023
:10D2900008BD10B5142104460AF0B2FF204610BDA7
:10D2A00010B5102104460AF0ABFF204610BD10B5A2
:10D2B000142104460AF0A4FF204610BD10B5142125
:10D2C00004460AF09DFF204610BD70B50B698D68BD
:10D2D00004465A430020A070A082AB18AA5A2280AC
:10D2E0004A79012A86B01BD15D888DF80400014679
:10D2F00010220DF1050016F0F3FA05AEADF8165048
:10D30000A31C01AD2A4603CAB242186059601546F3
:10D3100003F10803F6D128681860204606B070BDF6
:10D3200001228DF80420991C0DF10502123351F8E9
:10D33000040B42F8040B9942F9D1BDF81130ADF855
:10D34000163001ADA31C05AE2A4603CAB2421860CE
:10D350005960154603F10803F6D1DCE710B5064B1A
:10D36000044640F8183BD2F739FC04F10800D2F724
:10D3700035FC204610BD00BF04A3070013B51830CC
:10D3800088420C4606D00190D2F728FC019821462D
:10D39000FEF7DFFC02B010BD13B5083088420C4622
:10D3A00006D00190D2F71AFC01982146FEF7D1FC75
:10D3B00002B010BD4160704738B50D4D2C68BFF309
:10D3C0005B8F14F0010410D128460AF005FD60B10E
:10D3D0000848094B094A0A494461C0E900344462DB
:10D3E0000AF0E7FC28460AF019FD024838BD00BFE4
:10D3F000C4520120C852012004A30700006000208D
:10D400005DD30500436913B11B68083018477047A6
:10D4100037B50546C07898B1FFF7CEFFAB7869897C
:10D42000EA78ADF802105B0001248DF80420298809
:10D430008DF800406A468DF80130FFF7E3FF204683
:10D4400003B030BD13B54388092B04460BD1FFF759
:10D45000B3FF132321888DF8043001AAFFF7D2FF10
:10D46000012002B010BD0020FBE713B543880C2B50
:10D4700004460BD1FFF7A0FF192321888DF8043053
:10D4800001AAFFF7BFFF012002B010BD0020FBE79B
:10D49000436A13B11B6818301847704710B5C3783A
:10D4A000712B044606D1FFF787FF2188FFF7F0FFB5
:10D4B000012010BD0020FCE770B54388162B044600
:10D4C00011D1FEF7C7FEFEF7E5FC03685B6D9847D8
:10D4D00020B10368E2891B68218898472046BDE88F
:10D4E0007040FFF7B2BD83780A2B0FD1FEF7B2FE72
:10D4F000FEF7D0FC03685B6D98470028EED0036808
:10D5000062895D682188E378A847E7E7054E0E2524
:10D5100056F8043B2046984710B9013DF8D1DDE7A5
:10D5200070BD00BF4CA30700002A08B5C0E9001277
:10D5300005DA0749074840F275220AF051F829B97F
:10D5400022B10349044840F27622F6E708BD00BF45
:10D550004CA2070077A2070082A2070038B50B7C17
:10D56000044688685A438118825A4D8822800431C3
:10D570001A1F201D6580FFF7D7FF204638BD10B564
:10D580000B7C04465A4388688118825A204602312F
:10D5900020F8042B9A1EFFF7C7FF204610BDF0B5F8
:10D5A00043880D2B87B004461AD1FFF705FF228967
:10D5B000616826886789054601A8FFF7B5FF1B2328
:10D5C0008DF80C30019B04932846029BADF80E7039
:10D5D00003AA31460593FFF715FF012007B0F0BD00
:10D5E0000020FBE7F0B543880E2B87B004461AD124
:10D5F000FFF7E2FE2289616826886789054601A84F
:10D60000FFF792FF1D238DF80C30019B04932846F1
:10D61000029BADF80E7003AA31460593FFF7F2FEA8
:10D62000012007B0F0BD0020FBE7F0B543880B2BCD
:10D6300087B004461DD1FFF7BFFE228961682688A6
:10D64000678905466846FFF76FFF17238DF8083096
:10D650000023ADF80C30009B04932846019BADF8E5
:10D660000A7002AA31460593FFF7CCFE012007B0ED
:10D67000F0BD0020FBE70000F0B54388082B89B01F
:10D6800004461ED1FFF798FE6168228911F8017BDC
:10D6900026880546013A01A8FFF746FF11238DF8B9
:10D6A0001030094B0393019B05932846029B069378
:10D6B00004AA31468DF81C70FFF7A4FE012009B0C2
:10D6C000F0BD0020FBE700BFECA2070070B5438867
:10D6D000072B86B0044617D1FFF76EFE22896168DA
:10D6E0002688054601A8FFF71FFF0F238DF80C3091
:10D6F000019B04932846029B059303AA3146FFF73A
:10D7000081FE012006B070BD0020FBE770B54388A4
:10D71000062B86B0044617D1FFF74EFE22896168BA
:10D720002688054601A8FFF7FFFE0D238DF80C3073
:10D73000019B04932846029B059303AA3146FFF7F9
:10D7400061FE012006B070BD0020FBE770B5438884
:10D75000052B86B0044617D1FFF72EFE228961689B
:10D760002688054601A8FFF7DFFE0B238DF80C3055
:10D77000019B04932846029B059303AA3146FFF7B9
:10D7800041FE012006B070BD0020FBE7F0B54388E4
:10D79000042B89B004461ED1FFF70EFE6168228972
:10D7A00011F8017B26880546013A01A8FFF7BCFE67
:10D7B00009238DF81030094B0393019B05932846EC
:10D7C000029B069304AA31468DF81C70FFF71AFEDF
:10D7D000012009B0F0BD0020FBE700BFD4A2070084
:10D7E00070B54388032B86B0044619D1FFF7E4FDDA
:10D7F00022896168268805466846FFF795FE07235B
:10D800008DF80C30074B0293009B04932846019B34
:10D81000059303AA3146FFF7F5FD012006B070BD60
:10D820000020FBE7BCA20700F0B54388022B89B0BB
:10D83000044623D1FFF7C0FD6168228911F8016B0E
:10D8400027880546013A01A8FFF76EFE05238DF8EB
:10D8500010300B4B0393019B0593012E029B069303
:10D8600028460CBF0423122304AA39468DF8116000
:10D870000793FFF7C7FD012009B0F0BD0020FBE7CB
:10D88000A4A20700406803685B681847012070473E
:10D8900070B501F10804064605460FCC0FC5236894
:10D8A0002B60304670BD0020704703468A89886827
:10D8B00018609A8018467047BF207047FB20704759
:10D8C000022070474160704740687047704710B54C
:10D8D0000C46F3F7FBF8E4B20123A340184001EA39
:10D8E000E371084314BF0120002010BD08B50346B2
:10D8F000086898608A889A810846F9F72DFB00200D
:10D9000008BD07B5009200220B4610460321F7F729
:10D91000E5FA002003B05DF804FB07B50B46009262
:10D92000032101220020F7F7D9FA002003B05DF8A7
:10D9300004FB000038B5094D0124AB7DE1B233B1E1
:10D940006B7D012B03D100220320F8F7D7FE0134B1
:10D95000062C05F13005F0D1002038BDE446012049
:10D9600008B5D2B2C9B20320F8F7C8FE002008BD3E
:10D9700037B59DF818509DF81C40ADF8062081730E
:10D9800001AA0DF106010120ADF80430F9F7BAFE45
:10D990002846F9F7E9FE21460120F9F717FB002098
:10D9A00003B030BD13B50446A9B1BDF81010019104
:10D9B0000A214B434FF6FF718B4228BF0B469BB2A7
:10D9C00000930021D3B200F10F02807CF9F752FEE0
:10D9D000002002B010BDF9F783FE012384F8443023
:10D9E000F6E77FB51C469DF828609DF82050084654
:10D9F0001146F8F7C3FEE1B20220F9F7E7FA304624
:10DA0000F9F748F8BDF82C30ADF80430BDF83030E7
:10DA1000ADF80630BDF83430ADF80830BDF8383018
:10DA2000ADF80A30BDF83C30ADF80C3001A8BDF8B7
:10DA30004030ADF80E30F8F7E9FE099B2A46012187
:10DA40000320F9F719F800280CBF0C20002004B0BF
:10DA500070BDF3F72FB808B5F9F790FA002008BDAC
:10DA600007B50846C0B2694681E80C00F9F782FAAA
:10DA7000002003B05DF804FB07B50846C0B2694654
:10DA800081E80C00F9F778FA002003B05DF804FB98
:10DA9000F0B5CDB285B0284617461E46F8F7A0FF70
:10DAA0000446D0B9BDF82830ADF80830BDF82C30A8
:10DAB000ADF80A30BDF83030ADF80C302846BDF86E
:10DAC0003430ADF8047001A9ADF80660ADF80E3041
:10DAD000F8F72CFE204605B0F0BD0620FBE71FB589
:10DAE000ADF80630BDF81830ADF80830BDF81C3080
:10DAF000ADF80A300846BDF82030ADF80C3001A969
:10DB0000BDF82430ADF80420C0B2ADF80E30F8F7FF
:10DB1000A1FE002005B05DF804FB08B50846C0B2C0
:10DB2000D1B2F8F7B3FE002008BD38B50D464FF06E
:10DB300008010446FFF7CBFE20B1E8B2F9F726FB57
:10DB4000002038BD4FF00B012046FFF7C0FE002833
:10DB5000F3D10220F5E713B512781B789DF8104039
:10DB6000C8B2B2FA82F149090BB941F0020100943E
:10DB7000F9F721FB002002B010BD10B51C210446AE
:10DB80000AF03EFB204610BD08B508461146F7F7DF
:10DB90003DFA002008BD13B5084614469DF8101044
:10DBA00001930090F8F7BCF8019A00982146F8F725
:10DBB000A3F80098F7F7DAFF002002B010BD1FB5F8
:10DBC0000846194614460390F8F786F8079B039811
:10DBD000009300229DF81830E1B2F7F77FF900209A
:10DBE00004B010BD1FB50846194614460390F8F757
:10DBF00073F8079B0398009301229DF81830E1B257
:10DC0000F7F76CF9002004B010BD08B508461146BE
:10DC1000C9B21A46029BF7F7BDFF002008BD08B540
:10DC2000104619B1F7F7D8FF002008BDF7F7E8FF55
:10DC3000FAE7F2F767BF08B5F2F76AFF032828BFD3
:10DC40000320C0B208BD08B50846F7F7B9F90020AF
:10DC500008BD08B5F7F7C8F9002008BD37B5144668
:10DC600000200A4603211D46F9F7B5F9BDF820301A
:10DC70000093069ABDF81C30E9B22046FAF76EFB15
:10DC800020B1034B1880002003B030BD0C20FBE70F
:10DC9000F452012008B5C8B2FAF7A0FB002008BD75
:10DCA00008B50846C0B211461A46FAF7ABFB002089
:10DCB00008BD08B50846C0B211461A46FAF7A4FBDB
:10DCC000002008BD08B5FAF7A1FB002008BDF2F757
:10DCD00025BF1FB5134671B1827B8DF80F2000213F
:10DCE000CDE900110DF10F020120F9F7C3FC00206E
:10DCF00005B05DF804FBF9F7F3FCF8E708B509781F
:10DD00001278B1FA81F040090AB940F00200F9F73F
:10DD100050FA002008BD000010B5044B044640F83E
:10DD2000483BD1F75BFF204610BD00BFA4A307000E
:10DD300037B50546483088420C460CD00190D1F7E3
:10DD40004DFFE3686B6533B15B680198214603B012
:10DD5000BDE83040184703B030BD2DE9FF4100F168
:10DD6000140600F1540400270DF108081036A642ED
:10DD700003D1002004B0BDE8F0816846FDF7E5FF5F
:10DD80008DF806708DF80D706A46A6F110031546E1
:10DD900003CD4545186059602A4603F10803F6D1C2
:10DDA00028681860AA889A80E0E7002202608280D2
:10DDB0000A6802608A888280704710B50446F2F7CC
:10DDC00075FE01462046FFF7F0FF204610BD0378A0
:10DDD000C3F38002C3F34000104403F0010318446E
:10DDE000704773B50446C8B215468DF80430069ED8
:10DDF000F9F7BAFC01A8FFF7EAFF04F10F020023CC
:10DE000083420DD39DF80400A074DDE90712F9F7F1
:10DE100079FCE9B20120F9F7D9F8002002B070BD11
:10DE2000F15C02F8011B0133EAE72DE9F04F8BB0FA
:10DE30000DF150080F4618F8044FDDF874B016467F
:10DE40002046DDE916121D46DDE91B9AF8F7ACFC09
:10DE5000F9B20220F9F7BAF8F0B2F8F71BFE404623
:10DE6000FFF7B5FF01AA00231146834202F10C021D
:10DE70000FD32046F8F7CEFC149BEAB221460320CC
:10DE8000F8F7FAFD00280CBF0C2000200BB0BDE80D
:10DE9000F08F189E36F8136022F80C6C199E36F835
:10DEA000136022F80A6C1A9E36F8136022F8086C88
:10DEB00039F8136022F8066C3AF8136022F8046C03
:10DEC0003BF8136022F8026C0133CEE7436D13B1C7
:10DED0001B68483018477047F8B516480568BFF307
:10DEE0005B8F15F0010523D109F076FF00B3124CCA
:10DEF000124B04F10800C4E9003504F11407FDF7E2
:10DF000024FF0326A573A5743846FDF71EFF013EC6
:10DF1000BD717D7307F11007F6D1094A094906481A
:10DF200084F84460666509F044FF024809F076FF12
:10DF30000148F8BDF0520120F8520120A4A30700C7
:10DF40000060002019DD05002DE9F04F8378272BB4
:10DF500093B0044647D1FFF7BFFF2388019304F134
:10DF60000A01054607A894F804B0B4F808A003AE67
:10DF7000FFF71BFF04F1170105A8B4F81090B4F8DF
:10DF80001280A78AFFF711FF04F11D013046FFF749
:10DF90000CFF019B07980A93BDF82030CDF82E00A6
:10DFA000ADF832300598BDF818308DF825B0012451
:10DFB0008DF82440ADF82CA0ADF83490ADF8368043
:10DFC000ADF83870CDF83A00ADF83E3096E8030071
:10DFD0001090ADF84410284609A9FFF777FF2046B6
:10DFE00013B0BDE8F08F0020FAE71FB58378282B27
:10DFF000044612D1FFF770FF21792288237A8DF829
:10E000000510052401A98DF8044002928DF80C300A
:10E01000FFF75CFF012004B010BD0020FBE77FB5D7
:10E020008378292B044618D1FFF756FF21892679DA
:10E0300025886289A389ADF80810032469468DF804
:10E0400000408DF801600195ADF80A20ADF80C3064
:10E05000FFF73CFF012004B070BD0020FBE77FB557
:10E060008378402B044618D1FFF736FF2189268894
:10E07000E5886289A389ADF80A10042469468DF801
:10E0800000400196ADF80850ADF80C20ADF80E3008
:10E09000FFF71CFF012004B070BD0020FBE770B546
:10E0A0000246002392F82160D57E022E1C4603F121
:10E0B000010305D1A94203D1143000EB041070BD57
:10E0C000032B02F11002EDD10020F8E710B5024653
:10E0D000002392F82140022C06D1D469A14203D139
:10E0E000143000EB031010BD0133032B02F11002BA
:10E0F000EFD10020F7E770B50246002392F82160C7
:10E10000D57E012E1C4603F1010305D1A94203D19E
:10E11000143000EB041070BD032B02F11002EDD19E
:10E120000020F8E730B50D4689B051B30021FFF764
:10E13000E2FF0446B8B1037B0290827901928B42E0
:10E1400014BF0B464FF4A063009114BF04220122B8
:10E1500003200D46F8F7CAFDA06020B302236373C5
:10E16000284609B030BD8DF81400ADF81C008DF8BC
:10E17000180006AB07AA05A90120F6F7D7FE20462E
:10E18000EFE7FFF78CFF044630B1017A1622032037
:10E19000F8F7B4FA6573E3E78DF81C0007A90120CE
:10E1A000F6F7F0FEEBE70C20DBE72DE9F04F032A52
:10E1B0008BB0824691469B4670D8002951D10C46BF
:10E1C0000D460F46A14552D808A92846F6F7DAFEB3
:10E1D00032E0149B1BF8041033F814307343BB4235
:10E1E00028BF3B4650460593FFF785FF059B054634
:10E1F00020B3027B0290002A8279019208BF4FF47B
:10E20000A0634FF0000200929BB20CBF01220422D7
:10E210000320F8F76BFDA86018B90C200BB0BDE81F
:10E22000F08F02236B730134A145D2D807AB08AA43
:10E2300006A94046F6F77AFE0020EFE708F128022B
:10E240006A4402F8101C1599095D02F80C1C0AAA10
:10E2500002EB480208F1010822F8083C5FFA88F84E
:10E26000E1E70024A0460A264FF6FF77DCE71BF81B
:10E2700004105046FFF713FF064638B1017A162204
:10E280000320F8F73BFA777301349BE705F1280385
:10E290006B44013503F8081CEDB2F5E70420BDE737
:10E2A00090F8213033B190F831303BB190F84130E3
:10E2B00033B90223143000EB031070470123F9E750
:10E2C0000020704782B070B5064614460593FFF7EC
:10E2D000E6FE9DF81C50014620BB3046FFF70BFFC1
:10E2E000034698B1012C01D0042C09D19D71DDE9C0
:10E2F0000501221F54425441186099801C7300E0AC
:10E3000041730020BDE8704002B07047012C01D07D
:10E31000042CF6D13046FFF7C3FF034620B101229B
:10E320004273E3E70620EDE70C20EBE72DE9F04729
:10E330009DF820A09DF82C900A9E9DF824709DF8D1
:10E34000308005460020DCB2F6F77CFE5046F6F73A
:10E350009BFE49460020F6F789FE41460020F8F76B
:10E3600035FE33463A4621460020F6F797FD8DF8F4
:10E370002470B388ADF82030336822462846002147
:10E38000BDE8F047FFF79EBF2DE9F04F2DED068B5E
:10E3900083B09E469DF96030DDF848C09DF84CA0E2
:10E3A0009DF850B09DF85470169E9DF85C9009EE53
:10E3B000103A9DF86430904608EE900A9DF874205B
:10E3C000C8F3800009EE903A9DF86830019018F08B
:10E3D000100FC8F300100AEE103A0AEE902A08EE69
:10E3E000100A0C469DF86C30019808F00102C8F341
:10E3F0004001C8F3C00513D048B915B9002A62D04E
:10E40000C1B9042003B0BDEC068BBDE8F08F002934
:10E41000F7D1002AF5D0002D0CBF0425012509E015
:10E42000002854D1002DECD1002A4CD0002914BF73
:10E43000002505251FFA8CF21FFA8EF12046019364
:10E44000F6F700FE5846F6F71FFE51462046F6F74F
:10E450000DFE4A4600212046F8F7BDFD1AEE901A3F
:10E460002046F7F729FC019B1AEE102A19EE901AA4
:10E470002046F7F70BFC19EE102AC8F3801120464E
:10E48000F7F7F2FB18EE101A2046F7F7CDFBC8F3AA
:10E4900040112046F7F7D8FB33463A462946204636
:10E4A000F6F7FCFC8DF84C70B388ADF84830336853
:10E4B00018EE900A2A46214603B0BDEC068BBDE853
:10E4C000F04FFFF7FFBEC1F10301CDB2B2E712B1C9
:10E4D0000029A0D095E78D1DACE700002DE9F04F95
:10E4E000044697B0002854D002880B92FFF7F4FC42
:10E4F000A37845680B9A213B352B41D8DFE813F010
:10E50000910098004000E100DA00400080015701CE
:10E5100040004000400040004000400040004000FB
:10E5200040004000400040004000400040004000EB
:10E5300040004000400040004000400040004801D2
:10E54000400040004000360040004C00AE00BB00E0
:10E550009D00E100ED00010140004000510040003D
:10E5600089004000400040004000760045B12B6823
:10E570001E68637A8DF80030237AE1782846B04728
:10E580009D4E062556F8043B2046984708B9013DA4
:10E59000F8D117B0BDE8F08F002DF1D02B689E6840
:10E5A000E7E7002DECD02B6894F804801F69934BAB
:10E5B00094F809901A88237A0C9214AE04F10A0197
:10E5C00030460B93FFF7F1FB217C608A94F814C06E
:10E5D0008DF810C003908DF80810DDE90B3201961C
:10E5E0008DF8009041462846B847C9E7002DC7D0AE
:10E5F0002B68E2685E69637A0292A27A01928DF8D2
:10E60000003094F9073094F90620A1882846B047D5
:10E61000B6E7002DB4D02B68A1889B69284698479F
:10E62000AEE7002DACD02B689B6A28469847A7E739
:10E63000002DA5D02B68DB6AF7E7002DA0D02B6852
:10E64000277994F805809E6BA11D14A8FFF7ADFBF8
:10E6500014AB424639462846B04791E7002D8FD08B
:10E660002B6822791E6B611D14A8FEF75DFF14A9AB
:10E670002846B04784E7FFF72FFC6179FFF70FFDCD
:10E6800008B100234373002D3FF47AAF217969B9B3
:10E69000E2884FF6FF739A420AD023882A68566BA5
:10E6A000227A009262792846B04769E70023F5E7AD
:10E6B0000B46F3E7002D3FF463AF2B68E1781B6A4C
:10E6C00005E0002D3FF45CAF2B68E178DB69B1FA1F
:10E6D00081F149092846984752E725B9FFF7FCFB25
:10E6E00080F844504CE7FFF7F7FB90F844302BB12B
:10E6F000FFF7F2FB002380F84430DEE72B685B6A0B
:10E7000093E7002D3FF43CAFA379A67B8DF8403012
:10E710008DF844602A6894F80490D2680B92FF2B1D
:10E7200004F1070112A80CBF002710AFFFF73DFB53
:10E7300094F80DA006B111AEE37B0C930DF15008D7
:10E7400094F9113094F910200D9304F11501638AA6
:10E7500094F814B00F9240460E93FFF726FB216AFF
:10E760000E9B0991217F05930D9B04930C9B0F9A9F
:10E770000392CDE90781CDE9016328468DF818B0F1
:10E780000B9D8DF800A012AB3A464946A847F7E624
:10E79000002D3FF4F5AEA2892B68019262890092A8
:10E7A0001E6CE288238921882846B047E8E6237951
:10E7B0003C2B7FF4E5AEFFF78FFB2188FFF786FC4B
:10E7C000064600283FF4DCAE00274773002D3FF4D7
:10E7D000D7AEFFF781FB4FF00C01FFF778F82B68FD
:10E7E00000283FF428AFD3F83480F27900972179DC
:10E7F0003B462846C047C3E674A40700F4520120F4
:10E80000FFF76AFB2188FFF761FC00283FF4B8AEF0
:10E8100000234373B4E600BF70B58378262B8CB019
:10E82000044628D1FFF758FBA37A8DF8003004F195
:10E830000C01E37A8DF8013006460DF10200FFF776
:10E84000B4FA227A616802A8FEF76EFE637A8DF848
:10E85000103002238DF818306D46084B05930FCD0C
:10E8600007AC0FC42B682360304606A9FFF72EFBC8
:10E8700001200CB070BD0020FBE700BF8CA3070097
:10E8800013B50C46FEF7E4F901466846FDF736FF7E
:10E89000009B2360019B6360002002B010BD07B5A0
:10E8A0000191FEF7D5F90199FDF735FF002003B07E
:10E8B0005DF804FB002070474160704708B5F8F729
:10E8C000E1FD002008BD38B5054608462C7A34B96C
:10E8D0002146F8F7A3FE01232B72204638BD0620FF
:10E8E000FCE7034610B55C7A0846114624B9224677
:10E8F000F8F7DAFD204610BD0620FCE708B5F2F770
:10E90000F7F8003818BF012008BD08B50846F8F729
:10E910004FFE002008BD10B50C46F2F7E9F820B113
:10E92000A0B2F8F75BFE002010BD0220FCE7F2F772
:10E93000D9B830B585B0CDB203920293F2F7D8F8CA
:10E9400088B1DDE902210024089B02912846CDE927
:10E950000044F8F7CBFD284602990122F8F740FE63
:10E96000204605B030BD0220FBE737B50C460192CA
:10E970001D46F2F7BDF838B1E0B20199EAB2F8F7F6
:10E980002FFE002003B030BD0220FBE713B50C467C
:10E990000192F2F7ADF838B1E0B201990022F8F730
:10E9A000D7FD002002B010BD0220FBE708B5F2F74A
:10E9B0009FF818B1F8F7EAFD002008BD0220FCE737
:10E9C00010B50446FDF7C1F920460621F3F7A8F972
:10E9D000637903F03F036371204610BD0048704720
:10E9E0005464002037B5034620B916491648CE2294
:10E9F00008F0F6FD82781549382A4C6806D03A3A74
:10EA0000022A1DD8BCB9012003B030BD00220A7211
:10EA1000002CF8D022681568C27842B940681B897A
:10EA20000090ADF8043069462046A847EBE76846F9
:10EA3000FDF78BF9F7E7236820465B689847E2E724
:10EA40000020E1E79CA40700F8A40700546400201C
:10EA500070470020087070470220704702207047FE
:10EA600021B101230372C160002070470172FBE7EE
:10EA7000024B1B6800201971704700BFD46300204F
:10EA8000CB1F092B07D8914205D8044B1B680020E7
:10EA900059719A7170470420704700BFD4630020F9
:10EAA000416070474068704710B500240472C4602C
:10EAB000047414222146543014F012FF204610BD75
:10EAC00008B50846C0B21146F7F7F6FE002008BDAB
:10EAD00008B50846C0B2D1B2F9F7BDFA002008BDAA
:10EAE000F0B589B0002301ACCDE90533ADF81C3099
:10EAF00002F1100713460E4622461868596825464B
:10EB000003C50833BB422C46F7D1F0B20321F9F715
:10EB10005FFA002009B0F0BDF0B589B001AD144630
:10EB200002F1100C0F462A46206861682E4603C683
:10EB3000083464453546F7D1186859680E9B05AC12
:10EB400003C49DF83C101B88ADF81C300131F8B2AD
:10EB5000C9B2F9F73DFA002009B0F0BD08B5084682
:10EB600000231A461946C0B2F9F786FA002008BDFC
:10EB700010B508469DF8081049B95C1CE4B213466C
:10EB800001212246C0B2F9F777FA002010BD032414
:10EB9000F5E710B500F1310301F11002184651F804
:10EBA000044B43F8044B9142F9D1F9F7E1F8002006
:10EBB00010BD08B5084682F00101F9F7E5F800201C
:10EBC00008BD37B50B4600F141041146204603F15C
:10EBD000100253F8045B44F8045B9342F9D10191AD
:10EBE000F9F7BAF8FEF7E8FB0199FEF7E3FB00201E
:10EBF00003B030BDF7B514461A464B1E042B0E4623
:10EC00002CD800EB81073D6D9DB104F1100354F841
:10EC1000041B45F8041B9C42F9D1F0B2396D0190F8
:10EC2000F5F7F8FE01980899F5F7FEFE002003B00D
:10EC3000F0BD0B490192102009F0DEFA019A40B1B3
:10EC4000034604F1100154F8045B43F8045B8C4262
:10EC5000F9D138650028E0D10720E8E70420E6E78D
:10EC600004C2070038B54B1E042B0D460FD800EB2D
:10EC70008104206D20B1102109F0C2FA0023236520
:10EC80000022E8B21146F5F7C5FE002038BD042089
:10EC9000FCE707B5084611461A469DF81430009364
:10ECA000D2B29DF81030C0B2F9F772F9002003B06B
:10ECB0005DF804FB07B5084611461A469DF8143066
:10ECC0000093D2B29DF81030C0B2F9F7A5F9002038
:10ECD00003B05DF804FB08B50846C0B2D1B2F8F73E
:10ECE000FFFF002008BD08B508460821F3F718F813
:10ECF000002008BD07B508460192032101AAC0B251
:10ED0000F8F7FEFF002003B05DF804FB08B50846E5
:10ED1000C0B21021F8F7F4FF002008BD08B508467E
:10ED2000C0B21146F9F7ECF8002008BD08B5084656
:10ED3000C0B21146F9F784F8002008BD1FB504469B
:10ED400010216846F2F7ECFF684604F11101F9F76B
:10ED500089F8002004B010BDF0B593B015460E46FA
:10ED60001022002106A81C4614F0BAFD02AB2A4668
:10ED700005F1100C1F46106851681D4603C5083286
:10ED800062452B46F7D1234603F110050AAC1868FB
:10ED90005968224603C20833AB421446F7D1189B88
:10EDA0000EAC03F1100518685968224603C20833F7
:10EDB000AB421446F7D1F0B239460190F9F750F85A
:10EDC000002201981146F8F79BFF002013B0F0BD18
:10EDD00038B500250F4B0360044645600572C560D9
:10EDE000057429462022113014F07AFD294610229C
:10EDF00004F1310014F074FD2946102204F14100A1
:10EE000014F06EFD1422294604F1540014F068FD3C
:10EE1000204638BD98A5070010B50B4C2368BFF3FA
:10EE20005B8FDB070ED4204608F0D6FF50B10748B1
:10EE3000FFF7CEFF064A0749044808F0BAFF20460C
:10EE400008F0ECFF014810BD50530120545301203D
:10EE50000060002051EA05002DE9F0438FB0044620
:10EE6000FFF7DAFF45680646002D00F090812CB9C7
:10EE7000A149A24840F2572208F0B2FBA3782A3BEE
:10EE80000C2B00F28481DFE813F00D001100280044
:10EE90002E0033006F00FB00210132013D015B01B8
:10EEA0006C017B012B68DB68218813E0E278218804
:10EEB0002B68501E0D2804D85B682846984701240B
:10EEC00035E0E02A03D15B684FF00802F5E7E12A5C
:10EED000F9D19B6828469847F1E72B689B694FF06A
:10EEE00002022188E9E72B684FF000029B69F8E7EE
:10EEF000237926881BB12B685B6B3146EAE763797F
:10EF00007BB3FFF789FF047AF7B2A4B12B68D3F87B
:10EF10002080FFF781FF3146C2682846C047FFF7CF
:10EF20007BFF032100F10C023846F8F7E9FE20468A
:10EF30000FB0BDE8F0830AA80421F2F7F1FE0A9AA7
:10EF40006F4BB2FBF3F103FB11222B680A9231469F
:10EF500028461B6A98470AAA03213846F8F7D0FECC
:10EF6000ADE72B689B6AC8E7A37F2688013B072B88
:10EF7000A5D801A252F823F099EF0500E7EF0500AC
:10EF8000BFEE05001BF00500BFEE0500BFEE05005B
:10EF9000BFEE050059F005002B680DF1280CD3F8E1
:10EFA0004880271D04F11402634638687968E646F4
:10EFB000AEE8030008379742F446F6D11A463146C8
:10EFC0002846C0472A68D2F84C8060697968A28BCD
:10EFD000ADF818200AAB9C46ACE8030006AA3146FF
:10EFE0002846C0476BE72B680DF1280CD3F840800A
:10EFF000271D04F11402634638687968E646AEE8D6
:10F00000030008379742F446F6D11A46314628469F
:10F01000C0472A68D2F84480D7E72B6860695F6DE3
:10F02000238BA27E0A90ADF82C3031460AAB2846DD
:10F03000B8472B681F6D04F114080AAA043420682D
:10F040006168134603C3083444451A46F7D10AAA37
:10F0500031462846B84732E72B680AAFD3F85880C4
:10F060003A46231D143418685968BC46ACE80300BE
:10F070000833A3426746F6D131462846C0471EE70B
:10F080000023CDE906332646B4F80E80D5F800906B
:10F0900036F8067BB8F1000F09D1082206A93046E0
:10F0A00014F0EEFA18B1D9F86030394612E7D4F806
:10F0B00006007168D9F85C90ADF814800AAB03C300
:10F0C00005AA0AAB39462846C847F8E62B68627994
:10F0D0001E68E179A3798DF800308DF80410003AAC
:10F0E0002379218818BF01222846B047E7E62B681C
:10F0F00022795B69F5E600BF3CA50700F8A407008C
:10F1000040420F002B6806AA9F6B04F1140304F120
:10F1100024089E46944618685968164603C6083364
:10F1200043453246F7D10AAB04341A462068616879
:10F130001E4603C6083474453346F7D1614688E756
:10F14000251D2846F8F7CEFE24342B4606F1110281
:10F1500053F8041B42F8041BA342F9D10124347470
:10F16000E5E620462B6830F8041B1E6A0391F8F789
:10F17000DFFE039902462846B0472B685B6A93E698
:10F180002B682279DB6A21882846984797E6002475
:10F19000CDE600BF70B500F1540500F1680400260B
:10F1A000A54200D170BD286818B1102109F028F8D7
:10F1B0002E600435F4E708B5FFF7ECFF002008BD2A
:10F1C00010B50446FFF7E6FF2046FFF76DFC002070
:10F1D00010BD0A46C9789378043303EB012189B244
:10F1E0000220FCF731BE8178024603310120FCF792
:10F1F0002BBE00002DE9F047424EDFF82081054686
:10F200004718BD4201D1BDE8F087337815F8011BDE
:10F2100033B93D4A11703D4A138001233370F0E742
:10F22000012B59D1DFF8E4A0394BBAF8000019548A
:10F2300035490978421C481EC0B203289CBF354C92
:10F24000245C92B288BF0024A242AAF80020A0B297
:10F25000D7D102290AD0042933D001294FD193F8FC
:10F260000290484480B2FCF733F80BE0D9789878E4
:10F2700000EB01201FFA80F912FA80F0002180B221
:10F28000FCF72EF8C8F80000002834D0224ADFF836
:10F2900080C010600346044400219C4214D101B197
:10F2A0001460AAF80090B9F1000F13D10323337052
:10F2B000D8F8001019B1144B1878F1F7B1FB0023FE
:10F2C000ACE793F80190CCE71CF8011B03F8011B95
:10F2D0000121E2E70223A1E7022B0CD10E4A1368B9
:10F2E000581C1060094A19701388013B9BB21380A7
:10F2F000002BDBD085E73378032BD9D081E74FF0A3
:10F300000009AEE7CD530120CC530120C0530120AA
:10F31000BC53012018A60700C4530120C853012084
:10F32000FCF7A0BDFCF7A6BD07B5074A002382F88D
:10F330002130ADF804308DF8063001A89368984765
:10F3400003B05DF804FB00BF144901201220704790
:10F35000024B0022C3F8D820704700BFF03F0120C5
:10F3600000F002B800F002B808F0E4B908F0F8B90B
:10F37000FFF7F6BFFFF7F6BF38B500F00F040D46F4
:10F38000FFF7EEFF094B04F1140033F8102015438A
:10F3900093F8442023F8105042F0040283F84420EC
:10F3A000FFF7E0FFBDE83840CEF72EBFD053012075
:10F3B00010B50C46FFF7D4FF054B93F844201443D7
:10F3C00083F84440FFF7CEFFBDE81040CEF71CBFE6
:10F3D000D0530120004870470C540120044A92F891
:10F3E0004530591C42F8230082F8451018467047F2
:10F3F000D0530120034B93F84400B0FA80F0400949
:10F40000704700BFD0530120F0B5284C85B0FFF7FE
:10F41000A7FF94F84460002384F84430FFF7A2FF6C
:10F42000F10708D504F13C070DF10F013846FBF751
:10F4300074FF054628B9B20714D4730718D405B071
:10F44000F0BD9DF80F30294654F82330002098472E
:10F450002846FBF749FFE7E7037B011D54F82330FB
:10F46000002098470020FCF779F80028F4D1E4E761
:10F470000F4D0A24A5F12806002735F8023B73B189
:10F48000336863B1FFF76CFF35F8020C25F8027C96
:10F490000190FFF767FF3368019800219847013C0E
:10F4A00014F0FF0406F10406E7D1C8E7D0530120A9
:10F4B000F853012070B5421E00234D1E9D420BD80B
:10F4C000435D03F03F033F2B13D1014411F8020CBD
:10F4D000FF3818BF012070BD12F8016F741EE4B22E
:10F4E000FD2C0CD91BB112F8014CB44207D10133E9
:10F4F000E4E723B9014411F8020C0038E9E70120E0
:10F50000E9E7437903F0C003C02B02D10621FFF7DE
:10F51000D1BF00207047437903F0C003402B03D1D3
:10F5200003210844FFF7C6BF0020704730B4C9B2BA
:10F5300080699DF80850002918BF0B2130B104687C
:10F540008DF80850646BA44630BC604730BC7047EF
:10F55000806910B428B10468A46BA4465DF8044B1C
:10F5600060475DF8044B7047F0B5806987B09DF83F
:10F5700030709DF838609DF84050C8B1C9B2046839
:10F580008DF8083000290D9B039318BF0C21BDF89E
:10F590003C308DF804106469ADF806208DF80970D0
:10F5A0008DF81060ADF812308DF8145001A9A04705
:10F5B00007B0F0BD07B5806928B10368ADF8041045
:10F5C000DB6901A9984703B05DF804FB13B58069B6
:10F5D00040B1046824688DF800108DF80120019373
:10F5E0006946A04702B010BD10B50446FCF796F876
:10F5F000FCF768F82168BDE81040FCF7DEB810B5EC
:10F600000446FCF78BF8FCF75DF821680322BDE89F
:10F610001040FCF7CCB890F8443007B553B1002344
:10F6200080F8443080F84C30806918B1036801A933
:10F630001B69984703B05DF804FB07B590F81531D6
:10F6400043F0010380F8153190F81D3123F00103D8
:10F6500080F81D3190F8233113F0010206D023F019
:10F66000010380F8233103B05DF804FB80690028B2
:10F67000F9D00368ADF804205B6801A99847F2E768
:10F6800010B4D0E901320168541001EB6200D207D6
:10F6900048BF0A595DF8044B48BFD358184730B4E7
:10F6A000D0E901320468551004EB6200D20748BF6C
:10F6B000625930BC48BFD358184700001FB5C36912
:10F6C00008491A68126803910749019100210090C6
:10F6D00002911846694690476846D0F77FFA05B010
:10F6E0005DF804FBDCA607006D0506001FB5036886
:10F6F0000849D8690268126800930023CDE90133F4
:10F700000391694690476846D0F768FA05B05DF8FE
:10F7100004FB00BFB4A70700006A0368D3F8B43045
:10F72000184737B5054608688B88009068460C4630
:10F73000ADF80430FFF7E5FEB0B195F838305BB1B5
:10F74000012385F82C302368C5F83E30A388A5F83E
:10F750004230002003B030BD286A036821461B698F
:10F7600098470028ECD0F5E70420F3E737B54B784D
:10F7700005460C468BB9406820B103680A7A5B687D
:10F7800049689847A86940B103686168227A009186
:10F79000DB6A8DF804206946984703B030BD2DE937
:10F7A000F041436888B005460C4623B30B7813BB81
:10F7B00006AE3046FCF7C9FA296A95F82C200B688A
:10F7C000E2B99B68304698476F68A27B3B6896E831
:10F7D0000300D3F8008095F82C3003908DF80830A2
:10F7E000A068A389ADF810100090ADF804306168EE
:10F7F000E37B3846C04708B0BDE8F081DB68E1E74D
:10F800007FB58B7B012B04460E4603D0012528468D
:10F8100004B070BDCB7B012BF8D101F10800FFF7DC
:10F820007AFE05460028F1D094F83B307668022B2A
:10F8300012D0032B1FD0012BE9D1A06A01F0CEFA20
:10F840000028E3D0206A03684FF00502D3F8B030F7
:10F85000314698470025DAE7E06903681A68084BE3
:10F8600003930023CDE9013300966946904768462B
:10F87000D0F7B4F9CBE7E06903681A68014BEFE70A
:10F88000A8A707009CA7070070B505460C46FFF720
:10F89000B7FF50B121462846FFF781FFA8690368EA
:10F8A00021461B6ABDE87040184770BD70B505461B
:10F8B000806A0C4601F092FA48B195F83D30022B6F
:10F8C00005D1E3791BB12046FFF725FE30B9A869C1
:10F8D00003682146DB68BDE87040184770BD4FF0F3
:10F8E0000C01FFF719BF73B590F81051044605BB22
:10F8F00090F8443080F84C50012B0FD1FFF7EFFF08
:10F900000246206A036882B19E6E00952B462A4605
:10F910002946B04738B9032384F8443004F19000F5
:10F9200005F012F9002002B070BD5B6E11469847D9
:10F93000F0E70520F7E7000090F84420022A08B518
:10F9400005D00A490A4840F2FE4207F049FE49B193
:10F9500090F84C30012280F844202BB9BDE80840D3
:10F96000FFF7C1BF80F8441008BD00BF1CA6070008
:10F970005AA6070090F8443013B504463BB1FFF790
:10F98000B2FFA06918B1036801A91B69984702B0CA
:10F9900010BD0068FFF7EEBF10B50446FFF79FFFEC
:10F9A00038B1206A03681B6D98470F2828BF0F20C5
:10F9B00010BD0120FCE7B1F5486F28BF4FF4486146
:10F9C000062938BF062101807047B1F5486F28BF6E
:10F9D0004FF448610A2938BF0A21018070470000AE
:10F9E0002DE9F04190F83A318AB00C46002B34D022
:10F9F00085695DB32B68D1F8048009895F6A04A822
:10FA0000FFF7D9FF618905A8FFF7D5FFA689E1892E
:10FA100040F2F3139E4206A828BF1E46FFF7D5FF0B
:10FA2000BDF81030ADF82030BDF81430ADF82230FC
:10FA3000BDF81830CDF81C80ADF82460ADF8263044
:10FA400007A92846B8470AB0BDE8F0810A490B4823
:10FA500000952B462A4607F0E7FF006A0268CDE9C9
:10FA60000233CB8901938B890093D2F8A8504B893C
:10FA70000A894968A847E6E781A607004801188077
:10FA80002DE9F043866987B00C463EB34D78336864
:10FA9000D1F804900989D3F82880002D684618BF52
:10FAA0000B25FFF788FF6789A18940F2F3139F4276
:10FAB00001A828BF1F46FFF788FFBDF80030ADF84A
:10FAC0001030BDF804308DF80850CDF80C90ADF82A
:10FAD0001270ADF8143002A93046C04707B0BDE837
:10FAE000F083F0B585690C4687B01646194625B3F4
:10FAF0002B68E4B2002C684618BF0B249F6AFFF7FE
:10FB00005AFFBDF8341001A8FFF75FFFBDF80030C1
:10FB1000ADF81030BDF830308DF8084040F2F312E7
:10FB2000934228BF1346ADF81230BDF80430039657
:10FB3000ADF8143002A92846B84707B0F0BD000060
:10FB40002DE9F04790F83A418AB00D46BDF848805B
:10FB5000BDF84C901E468CB3846944B323681146AB
:10FB600004A8D3F824A0FFF726FF314605A8FFF725
:10FB700022FF494606A8FFF728FFBDF81030ADF870
:10FB80002030BDF81430ADF8223040F2F313434575
:10FB900028BF4346ADF82430BDF818300795ADF8BE
:10FBA000263007A92046D0470AB0BDE8F0870849AB
:10FBB000084800942346224607F036FF006A05688D
:10FBC000CDE90244CDE90089D5F8A840A047EBE78C
:10FBD00081A60700480118802DE9F0410B7A90B00A
:10FBE00005460C460BB980F810316378002B36D0EF
:10FBF000AC698CB3236801AF03AE3846D3F82080DC
:10FC000005ADFCF7A2F83046FCF79FF82846FCF754
:10FC10009CF80D238DF81C30FF23089397E8030010
:10FC20000990ADF8281096E803000B90ADF830105D
:10FC300095E803004FF47F43ADF82A3000224FF4DB
:10FC400048630D90ADF83810ADF83230ADF83A2079
:10FC50000F9307A92046C04710B0BDE8F0812846A1
:10FC6000FFF73DFE40B9237A012B11D195F81531EC
:10FC700023F0010385F81531237A012B08D105F112
:10FC8000500004F061FF286A036800219B6B9847CD
:10FC9000218AD4F8048003A8FFF78DFE668AA18A22
:10FCA00040F2F3139E4205A828BF1E46FFF78DFEC3
:10FCB000D4F80A000990E089ADF82800607A8DF840
:10FCC0002B000023D4F81600BDF80C108DF81C3062
:10FCD0000B90ADF83E30608BAB69277ABDF81420ED
:10FCE000ADF83000ADF83210E069218C0D90ADF820
:10FCF0003810CDF820808DF82A70ADF83A60ADF854
:10FD00003C2007A9284613B1FFF7BEFDA4E7FFF783
:10FD100046FDA1E708B5062213F0B2FCB0FA80F068
:10FD2000400908BD002202704270704770B5044659
:10FD300086B0002545604A4863620A9B256300F14E
:10FD400008065C30C4E90A35A0604FF000734548EE
:10FD50002660A36304F13E064FF48073C4E90712E2
:10FD6000A387C4E90305A5863046FBF7EEFF84F8B8
:10FD70004450A4F8465084F84850A4F84A5084F8F7
:10FD80004C5004F1500004F065FF04F1900004F0C1
:10FD900061FF04F1D00004F023FF84F8105104F255
:10FDA0001110FFF7BFFF04F21310FFF7BBFF04F2BF
:10FDB0001510FFF7B7FF04F21710FFF7B3FF04F2B7
:10FDC0001910FFF7AFFF04F21B10FFF7ABFF04F2AF
:10FDD0001D10FFF7A7FF04F21F10FFF7A3FF04F2A7
:10FDE0002110FFF79FFF04F22310FFF79BFF206A0B
:10FDF00084F836510368A4F826511B68A4F82851EA
:10FE0000A4F82A51A4F82C51C4F838519847206A14
:10FE1000154A03680592154AD3F8C4300294CDE917
:10FE2000032502A9984702A8CFF7D8FE216A0B68DC
:10FE30006846DB689847009BC4F83E30206ABDF8EE
:10FE40000430A4F8423003682146D3F8C8309847FC
:10FE5000A06A04F1080100F0BBFF204606B070BDA7
:10FE6000FCA60700D4A60700E8A60700350906008F
:10FE7000CB0801F00701C05C084100F001007047A9
:10FE800090F838302DE9F74F0546884693462BB950
:10FE900000F13E04204603B0BDE8F08F806A00F018
:10FEA00093FF0446A86A00F091FF95F8103195F889
:10FEB0003CA095F83A900746002B3DD195F8443088
:10FEC00003B3BAF1000F14BF06462646B8F1010F7E
:10FED00034D0B8F1020F06D0B8F1000F3AD1BAF120
:10FEE000000F18BF3C466846FBF72FFF69462046C7
:10FEF000FFF710FF80BB002ECCD0B4420CBF3446BD
:10FF00000024C7E7594605F21510FFF7B1FF38B9CD
:10FF1000594605F21D10FFF7ABFF06460028D5D065
:10FF2000594605F21B10FFF7A3FF28B9B9F1000FDE
:10FF30000CBF26463E46C9E72646C7E7594605F2A6
:10FF40001B10FFF795FF0028CDD1B9F1000F18BFA6
:10FF50003C46C8E70024C6E700249BE730B50022F2
:10FF600089B011460446FFF78BFF0390002858D054
:10FF70002046FFF7B4FC0399B0B194F844301BB9A4
:10FF8000206A03681B699847206AB4F84A2003680E
:10FF900000929D6E94F84820B4F846300121A8479D
:10FFA000002839D009B030BDB4F84A30002B3AD11E
:10FFB00094F844305BB994F81531DA0707D494F813
:10FFC0001D31DB0703D4206A03681B699847206A48
:10FFD00094F848200368003A5B6E18BF01220121A3
:10FFE000984705460028DDD104F19000039004F005
:10FFF000ABFDB4F84630039873B10C4A079242F255
:0200000260009C
:100000001072A3FB022304A9CDE90445069504F070
:10001000C8FD04A8CFF7E2FD022384F84430002095
:10002000C0E70620BEE70420BCE700BF60A70700CA
:1000300038B50446406808B9606038BD05691421C8
:1000400008F0DEF82846F6E710B5034B03600446D7
:10005000FFF7EEFF204610BDD4A6070010B50446FA
:10006000FFF7F2FF20460C2108F0CAF8204610BD29
:1000700038B50E4B0E4D03F108025C3383600D4B17
:100080000260044640F8D03FD0F748F8204640F8D8
:10009000905FD0F743F8204640F8505FD0F73EF825
:1000A00004F10C00FFF7D0FF204638BDFCA6070086
:1000B000C0AC0700C8A60700002303704370704758
:1000C00038B5044600250C30FFF7B2FF04F190006C
:1000D000A56184F8105184F8395084F8445084F8AC
:1000E0004C5084F83B5104F02FFD206A03689B6D4F
:1000F000984704F2111084F83651A4F83851FFF7EC
:10010000DBFF04F21310FFF7D7FF04F21710FFF71D
:10011000D3FF04F21510FFF7CFFF04F21D10FFF715
:10012000CBFF04F21F10FFF7C7FF04F22110FFF707
:10013000C3FF04F21910FFF7BFFF04F21B10FFF713
:10014000BBFF04F1500004F0FFFC284638BD10B599
:10015000CC080122035D01F007018A4023EA020373
:10016000035510BDCA08012301F007018B40815CD3
:100170000B43835470472DE9FF4190F836710025F9
:10018000044680F83851002F3ED000F21D18294651
:100190004046FFF76DFEB8BB01350F2DF7D1206A41
:1001A00004F599720368019204F593760096DD6B6D
:1001B0003A4604F597730121A8470746C8B9254672
:1001C00004F2211794F836212B1B9A4219D936F8DC
:1001D000023B95F82E1138465BBB95F8323143BB94
:1001E000FFF7C0FF95F82E114046FFF7BBFF013522
:1001F000E8E7A3692BB1254694F836212B1B9A42D8
:1002000005D8002384F8363104B0BDE8F08195F8B4
:100210002E114046FFF79BFFA06995F82E21036839
:100220008DF80C205B688DF80D7003A99847013597
:10023000E2E7FFF78CFFD5E72DE9F041044686B0F1
:1002400000F21D100D4616469846FFF711FE0028D5
:1002500040F0AF80294604F21F10FFF709FE002886
:1002600040F0A7802046FFF797FBA84204D804255A
:10027000284606B0BDE8F081294604F21110FFF7C8
:10028000F7FD0028F3D0294604F21910FFF7F0FD1E
:1002900038B1294604F21B10FFF7EAFD08B1062524
:1002A000E6E72A4601212046FFF7EAFD0746002837
:1002B000F5D02046FFF713FB00283FD0294604F273
:1002C0001510FFF7D5FD50B9206A036839461B6940
:1002D0009847206A03683A465B692946984794F82C
:1002E0003631042B21D094F83621A31804EB4201B7
:1002F00083F82E51A1F8266183F8328194F83851A1
:10030000013284F83621002D55D1E0692B4A03686B
:1003100002A91B680592CDE902450495984784F827
:10032000380102A8CFF75AFCA2E72046FFF723FFC7
:1003300094F83631002BD6D0072599E7002D96D1B9
:1003400094F8443043B994F81531DB0704D4206A9B
:10035000036839461B699847206A036801219B6B33
:1003600098470546002883D104F15000019004F01D
:10037000EBFBB3B201987BB1114A0592114A02948A
:10038000CDE9032542F21072A3FB022302A904F077
:1003900008FC02A8CFF722FC94F8213143F00103B6
:1003A00084F8213194F81D3143F0010384F81D31A4
:1003B0005EE705255CE700255AE700BF78A7070040
:1003C000DCA60700BDF6050010B5044699B1002370
:1003D00080F84430FFF783FA20BB94F81F2194F88B
:1003E000153112F0010103F0010305D02BB194F88F
:1003F0001D31DB0716D510BDA3B994F81D3113F0DC
:1004000001030FD171B122F0010284F81F211946B6
:100410001A462046FFF710FF94F8233143F00103FA
:1004200084F8233194F84C30002BE4D02046BDE80A
:100430001040FFF793BD1FB590F8153190F81F21BC
:1004400023F0010380F8153190F81D3123F00103EA
:1004500080F81D31D307044619D590F84430B3B95C
:1004600022F0010280F81F2119461A46FFF7E4FE28
:1004700094F8233143F0010384F8233194F84C308D
:100480003BB1204604B0BDE81040FFF767BDA0694E
:1004900008B904B010BD03689A680023CDE90133A0
:1004A0004FF48033039301A99047F2E70068FFF708
:1004B00062BE0068FFF75FBE30B587B004460191A9
:1004C000FFF76AFA0199884203D80425284607B045
:1004D00030BD04F211100191FFF7CAFC0028F4D0DE
:1004E000019904F21D10FFF7C3FC00283AD10199CD
:1004F00004F21510FFF7BCFC019908B90025E5E7E7
:1005000020460191FFF7EBF90199B8B104F21310FD
:10051000FFF728FE94F83951002DEFD1E069124A17
:10052000036802A91B680592CDE902450495984726
:1005300084F8390102A8CFF751FBC7E70029C4D1DD
:10054000206A03689B6B984705460028BED104F1DA
:10055000500004F0F9FA94F81D3143F0010384F8D7
:100560001D31B3E70525B1E76CA7070090F81531F9
:10057000DB0702D50021FFF79FBF70472DE9F0434D
:1005800000248BB00746264600F213152146284664
:10059000FFF76EFC50B106F128036B44013603F8F7
:1005A000104C21462846F6B2FFF7D1FD01340F2C3E
:1005B000ECD116B3386A00240368CDE900440DF18C
:1005C0001808DD6B324643462146A8470546D0B1A0
:1005D000A146B86918F8042003688DF80C209B68C0
:1005E000CDF81090ADF814908DF816908DF8175046
:1005F00003A901349847A642EBD8002387F8393184
:100600000BB0BDE8F08307F21D1418F8011B20465B
:100610000135FFF7A7FDAE42F7D8EEE70068FFF718
:10062000ADBF0068FFF7AABF2DE9FF47D1E900562B
:1006300004462E4400F2151800F21D1900F223178B
:10064000B54214D194F8383173B9E0691949026898
:1006500012680391CDE9004302936946904784F8FC
:1006600038016846CFF7BAFA04B0BDE8F0872978B8
:100670004046FFF777FD15F8011B4846FFF767FD79
:1006800015F801AC38465146FFF7F2FB20B1514650
:100690003846FFF75CFDD3E7A369002BD0D01A687A
:1006A000694652688DF801008DF800A01846904701
:1006B000C6E700BF84A707002DE9F04390F8383063
:1006C00085B004460E46002B5ED090F83930E3B179
:1006D000806A00F079FB05466846FBF736FB694601
:1006E0002846FFF717FB80B9A06A00F06FFB0546AC
:1006F00002A8FBF72AFB02A92846FFF70BFB20B94B
:1007000084F83900A069002841D1002504F21D17A2
:1007100004F2151804F21B1929463846FFF7A8FB06
:10072000D0B929464046FFF7A3FBA8B12946484661
:10073000FFF79EFB86420FD1294604F22110FFF7F6
:1007400097FB48B1E9B22046FFF7B6FE20B929462B
:1007500004F21F10FFF706FD01350F2DDCD194F8D0
:100760003C3083F001039E420ED194F84450012D99
:100770000AD1B4F846303BB9B4F84A3023B9204620
:10078000FFF7B1F884F84C5005B0BDE8F08303687A
:10079000DB6B9847B9E70121FFF78EBFA0F1080096
:1007A000FFF7F9BF0021FFF787BFA0F10800FFF7AF
:1007B000F9BF00002DE9F043CDB285B004461646DE
:1007C0001F4645BBB3F1000818BF4FF00108314682
:1007D00004F21510FFF7BBFC04F21F19314604F2B6
:1007E0001D10FFF7B4FC31464846FFF741FBE8B166
:1007F000E7B931464846FFF7AAFC31463B463A4640
:100800002046FFF719FD314604F22310FFF7AAFC3A
:1008100005B0BDE8F0833C2D4FF0000803D0432D18
:1008200003D10F25D3E70E25D1E70B2594F83931F5
:1008300073B9E0691149026812680391CDE9004378
:1008400002936946904784F839016846CFF7C6F9A4
:10085000A0690028DCD003689DF830209B688DF8E3
:10086000082000228DF8006001978DF809808DF82E
:100870000A208DF80B5069469847C9E790A70700F2
:100880002DE9F04F064693B00C460025236820461C
:100890009B689847A84202D813B0BDE8F08F236840
:1008A000EAB2DB68214605A89847B2699DF815A011
:1008B000002A39D09DF814209DF924B0042A98BF4D
:1008C0001A4B0DF1040803AF404694BF13F8029091
:1008D0004FF00009FBF739FADDE907123846FCF75B
:1008E00023FE134B0C930023DDF81600ADF83430D3
:1008F000BDF81A200A90FF238DF83730ADF82C2070
:100900008DF82E908DF82FA08DF836B098E8030062
:100910000E90ADF83C1097E8030012AB03E903001A
:100920000AA93046FEF7C2FF0135AFE7F4A607007B
:100930000100FF7F0B78013B042B0FD8DFE803F0A9
:100940000603080C0A000439FFF79ABFFFF744B901
:10095000FFF796B8FEF70ABFFFF742B870472DE9D8
:10096000F04F88468BB081699DF850A0159C1E46BB
:1009700005469DF8683000293CD0002A3DD092F809
:1009800000B004B124789DF870201D996F46384658
:100990005FFA83F9FCF7C8FD1B9B3068B2880290B0
:1009A0001868ADF80C2006909DF858209B888DF8AB
:1009B000122097E803009DF95C208DF81320ADF814
:1009C0001C30BDF86420ADF814200AAB03E9030025
:1009D0009DF960208DF80E8002A928468DF80FB091
:1009E0008DF810A08DF811408DF816208DF8179015
:1009F000FEF75CFF0BB0BDE8F08F4FF0FF0BC0E7D8
:100A00002DE9F047846986B088469DF838A01746DE
:100A10001E46CCB1236810999DF83C20D3F818905D
:100A20006D462846FCF780FD95E8030006AB03E918
:100A30000300ADF808808DF80A708DF80B608DF812
:100A40000CA002A92046C84706B0BDE8F087416562
:100A50007047806810B103681B6818477047A0F1A1
:100A60000400FFF7F6BF03680BB10846184770474C
:100A700030B4D0E901320468551004EB6200D207AB
:100A800048BF625930BC48BFD358184770B4D0E94A
:100A900001340568661005EB6400E40744BFAC59F7
:100AA000E35870BC18470000224B30B5044603F1F0
:100AB00008021C336360204B22600025C4E9033523
:100AC0001E4BA564C4E906351D4B1E4AE163C4E90B
:100AD0001055C4E909351C4BA560C4E90C351B4B06
:100AE000E36485B00B6825659B6C0392184A84F813
:100AF0005C50CDE901250846C4E9155569460094C6
:100B000098476846CFF76AF8E06B124A0368DB6CD7
:100B10000392114A0094CDE9012569469847684639
:100B2000CFF75CF8E06B0368211D1B6D98472046EA
:100B300005B030BDF8A7070020A2070010A20700EB
:100B4000C8A70700ECA70700D8A70700670A060098
:100B5000050C0600E0A70700850B0600806D10B1AC
:100B600083688B4200D17047C068F8E710B504462F
:100B7000FFF7F4FF28B1036821469B68BDE81040E9
:100B8000184710BD10B50246FFF7E8FF28B103680B
:100B9000BDE81040DB681146184710BD38B5044663
:100BA000806A0D4630B938BDC36829469847E36A64
:100BB00023B9A06AE0620028F6D1F4E71869F9E7E2
:100BC0001FB50023CDE90133137800911B2B04D00E
:100BD0001D2B11D005B05DF804FB5388ADF804302F
:100BE00001238DF806309368ADF8083069465368E4
:100BF0000393FFF7D3FFEDE75388ADF804300223EA
:100C0000EFE7000010B414781D2C0FD80123A34087
:100C1000084C1C4034B913F0205F07D05DF8044B3A
:100C2000FFF7CEBF5DF8044BFFF7A0BF5DF8044BA4
:100C3000704700BFAAAA8A0238B50446406808B9BE
:100C4000606038BD0569142107F0DAFA2846F6E736
:100C500038B50446406808B9606038BD056914219C
:100C600007F0CEFA2846F6E770B5044600F13006E4
:100C7000FAF754FDFAF722FD0546606BA063B0B9A0
:100C80003046FFF7D9FF04F10C00FBF751FF04F1E8
:100C90001800FBF741FF04F12400FFF7D9FF0123FF
:100CA00084F85C30A06D50B984F85C0070BDC368F6
:100CB00029469847A36B002BDFD01869DEE703684D
:100CC00021461B699847EDE738B504460D46606834
:100CD000A06000B938BDC36829469847A368002BB7
:100CE000F5D01869F4E71FB50024CDE90144039459
:100CF00000910224694618308DF80640ADF80420B2
:100D0000ADF80A30FFF7E0FF04B010BDA0F1040019
:100D1000FFF7E9BF0A46034600F1680110689866CC
:100D2000186A9288A3F86C2010B103681B681847F2
:100D3000704773B54D6801F10F022B6800920C46A5
:100D40005E6A017A00F10F0300F109022846B047FC
:100D500094F879300020013384F8793002B070BD06
:100D6000704710B52021044607F04AFA204610BD0E
:100D700038B504461348A381C4E9000100250021C9
:100D8000A26004F10F00102212F0AAFD256204F106
:100D9000280003F025FF04F16800FAF7D6FF04F1FC
:100DA0006E00FAF7D2FF6068A4F8785003686567B0
:100DB0001B6898476068036821465B6B984720462C
:100DC00038BD00BF38A80700683070476E307047E4
:100DD00001627047406803685B69184790F87900C2
:100DE000704738B50446606F00B938BDD0E90035AA
:100DF0005B6898476567F6E738B504460B4B0360B8
:100E0000FFF7EFFF606803685B68984704F1280507
:100E1000074BA362284603F097FE04F15000CEF77B
:100E2000DDFE284603F0EAFF204638BD38A807005B
:100E3000A8AC070090F8783070B504460BB109B93A
:100E400070BD31B1606F20B1D0E900355B68984763
:100E50006567656F1DB984F87850F1E735462B68F2
:100E600021469B682846984740B1D5E90036284678
:100E70005B689847002EF1D16667E1E7012384F8AB
:100E800078302E46F8E70121FFF7D4BF436F1BB936
:100E900041670021FFF7CEBF1A465B68002BFBD1EC
:100EA0005160F6E7F8B506460F4620201149154671
:100EB0001C4607F0A1F90146D0B1002343600E4B58
:100EC00003602B68C0F80930AB88A0F80D300772BA
:100ED00000F10F02234604F1100053F8044B42F8CE
:100EE000044B8342F9D13046FFF7D0FF0020F8BD14
:100EF0000720FCE704C2070024A80700F0B585B06E
:100F000004460D4616460021102268461F4612F080
:100F1000E7FC1022694604F10F0012F0B1FB60B14A
:100F20002046FFF757FF58B13B4632462946204638
:100F300005B0BDE8F040FFF7B5BF062005B0F0BD35
:100F40000220FBE77047806903684FF000021B69CD
:100F5000184770B505468069134602680C46D66A84
:100F60000A4605F13401B047603522461034106856
:100F700051682B4603C30832A2421D46F7D170BD0B
:100F800070B5C46A2CB90849084840F2927206F05C
:100F900027FB236820465D6DDB6C98472B46411C80
:100FA0002046BDE87040184740A807008AA80700FF
:100FB000A0F10800FFF7E4BF13463AB1917D006B42
:100FC000C943063301F00101FFF798BF704770B4C1
:100FD000D0E901340568661005EB6400E40744BFFE
:100FE000AC59E35870BC184770B4D0E901340568B7
:100FF000661005EB6400E40744BFAC59E35870BCCD
:10100000184770B4D0E901340568661005EB640038
:10101000E40744BFAC59E35870BC1847037819B1D2
:1010200043F004030370704703F0FB03FAE7C36A5D
:101030002BB1006A03684FF008025B69184709206A
:10104000704738B504460025C0E900550830FAF766
:101050007CFEE5732574204638BD10B500F18C0385
:10106000F030834201D1002307E0DC7B2246E40715
:1010700005D442F00102DA731960184610BD14332A
:10108000EFE710B58C23F02B00EB030202D1002216
:10109000104610BDD47BE40702D5C4588C42F7D06B
:1010A0001433F0E7C36A70B504468BB1FFF7E9FF6C
:1010B00080B1037C206A94F88620DB070368BDE8D2
:1010C0007040DB6A4CBF42F0040202F0FB0218479A
:1010D000092070BD0420FCE710B51446FFF7D1FFCE
:1010E00040B1037C64F3410303741CB9DBB264F3C5
:1010F0004513037410BD10B504460022FFF7ECFF42
:10110000A0690368BDE810405B6801221847000031
:10111000F7B5144601220646FFF7DEFF0C4A0D46DE
:1011200005230A20B4FBF2F101F130070DF803703A
:10113000013B02FB1144591C92FBF0F2F2D1B06961
:1011400020B103686A465B692946984703B0F0BD41
:10115000A086010010B504460122FFF7BDFFA0697B
:1011600020B10368BDE81040DB69184710BD70B5B9
:10117000054614460122FFF7AFFFA86928B10368AE
:1011800022461B6ABDE87040184770BD10B5044682
:101190000122FFF7A1FFA06920B10368BDE810405C
:1011A0009B69184710BD000013B5C46A2CB90A49E1
:1011B0000A4840F2617206F013FA0192FFF761FFEC
:1011C00040B1236841685B6C019A204602B0BDE8DB
:1011D0001040184702B010BD40A807008AA80700B9
:1011E000A0F10800FFF7E0BF2DE9F041C76A05460E
:1011F00016462FB91549164840F69A0206F0F0F93E
:10120000FFF73FFF0446F0B13B6841689B683846F2
:101210009847C0B1237CC279C3F340039B0102F01D
:101220003F0263F07F031343C371E86A6168036898
:1012300032469B6A9847E86A6168036832469B6950
:10124000BDE8F0411847BDE8F08100BF40A80700A5
:101250008AA807002DE9F041C76A054616462FB94E
:101260001049114840F6B60206F0BAF9FFF709FF37
:101270000446A0B13B6841689B683846984770B106
:10128000237CC279C3F3400363F38612C271E86A18
:101290006168036832469B6ABDE8F0411847BDE8C3
:1012A000F08100BF40A807008AA8070037B5C46ACC
:1012B0002CB90C490C484FF40D6206F091F9CDE9B8
:1012C0000023FFF7DEFE50B12168DDE90023CD6A7F
:1012D0004168AC46204603B0BDE83040604703B0EB
:1012E00030BD00BF40A807008AA807002DE9F041E3
:1012F000C76A054616462FB90C490D4840F6E1026B
:1013000006F06EF9FFF7BDFE044668B13B68416820
:101310009B683846984738B1E86A61680368324686
:101320009B69BDE8F0411847BDE8F08140A807007F
:101330008AA8070037B5C46A2CB90C490C4840F696
:10134000F90206F04DF9CDE90023FFF79AFE50B1FE
:101350002168DDE90023CD694168AC46204603B031
:10136000BDE83040604703B030BD00BF40A8070073
:101370008AA807002DE9F041C76A054616462FB92D
:101380000C490D4840F60B1206F02AF9FFF779FEDA
:10139000044668B13B6841689B683846984738B155
:1013A000E86A6168036832461B6BBDE8F041184784
:1013B000BDE8F08140A807008AA807002DE9F041A8
:1013C000C46A0646884617462CB91649164840F6A0
:1013D0003A1206F005F9FFF754FE0546F8B1236806
:1013E00041689B68204698470446C0B12B7CC2796F
:1013F000C3F3400363F34512C271F06A696803687E
:101400003A461B6C9847B069E3790268146B414611
:101410003A46A446C3F34013BDE8F0416047BDE837
:10142000F08100BF40A807008AA8070070B5C66A0F
:1014300014464EB3FFF725FE054608B9042070BDDB
:10144000336841689B68304698470028F6D0EB7BAC
:1014500013F0200211D0C3795A0603D4287C10F06F
:10146000020007D01B0603D5042323700020E6E703
:101470000323FAE702232370E1E713F0080001D009
:101480000123F2E72070DAE70920D8E737B5C56A0B
:1014900014462DB90C490D4840F6251206F0A0F867
:1014A0000193FFF7EEFD68B12968019BE2B24C6B36
:1014B0004168B2FA82F252092846A44603B0BDE858
:1014C0003040604703B030BD40A807008AA807003D
:1014D00070B5044615460022FFF7FEFDA0690E46D2
:1014E00028B1036865F07F025B68D2B29847314645
:1014F0002046FFF7C6FD68B1C37B03F01803182B25
:1015000008D1A06930B10368BDE870401B694FF095
:101510000002184770BD00007FB5C66A04460D463C
:101520002EB9114911484FF4E86206F059F8FFF757
:10153000A8FD78B10E4A336803920E4A0192002248
:10154000029242689B6B0094304669469847684611
:10155000CEF744FBA06903685B680022294604B00B
:10156000BDE87040184700BF40A807008AA80700E0
:1015700090A80700B90F060000F18C03F0308342F9
:1015800002D1002318467047DA7BD20702D55A6889
:101590008A42F7D01433F2E7F7B5C76A0646144615
:1015A0002FB91549154840F2B95206F019F8FFF75E
:1015B000E3FF0546F0B13B6841689B6838469847B1
:1015C000C0B1BCB1C779306A296802683D06C7F36B
:1015D000801306D5556B2246AC4603B0BDE8F040FB
:1015E0006047019304F110030093156B04F112039B
:1015F0002246A84703B0F0BD40A807008AA807000C
:10160000F7B5C76A064615462FB9124912484FF476
:10161000BB6205F0E5FFFFF7AFFF044690B13B6802
:1016200041689B6838469847034658B1306A21683C
:1016300002684DB1DB79DC090094D46BC3F38013ED
:101640002A46A04703B0F0BD136C03B0BDE8F040DC
:10165000184700BF40A807008AA8070073B50646D0
:101660001546FFF789FF044690B18DB1F06A6168B5
:1016700003689B689847034650B1306ADB7902687B
:1016800029690091166D2168C3F340132A46B047BB
:1016900002B070BD2DE9F041C76A064615462FB964
:1016A000104911484FF4C36205F09AFFFFF764FF39
:1016B0000446A0B19DB13B6841689B683846984795
:1016C000034660B1B06950B10268DB79166B2168DE
:1016D0002A46B446C3F34013BDE8F0416047BDE875
:1016E000F08100BF40A807008AA8070030B587B086
:1016F0000C4601A8FFF7A5FC05AD01AA2346144638
:1017000003CCAC4218605960224603F10803F6D1BD
:1017100022781A7007B030BD38B5C36A04462BB9B9
:101720000D490E484FF4D46205F05AFFFFF7A9FCAB
:10173000054678B1206A03685B6D9847E06A69687E
:10174000036801225B6F984729462046BDE8384070
:10175000FFF7CCBF38BD00BF40A807008AA807002C
:10176000A0F10400FFF7D8BF73B5C66A05462EB9CD
:101770001A491B484FF4C76205F032FFFFF781FC9E
:10178000044688B1336841689B683046984758B131
:1017900095F886301B0709D505F13A01FEF7BAFA2C
:1017A000237C60F30413237402B070BD237CC3F365
:1017B000800262F30413237405F170010191FEF7B6
:1017C000A9FA30B9019904F10800FEF7A3FA00283C
:1017D000EAD0237C43F01003E5E700BF40A80700F0
:1017E0008AA807002DE9F043C36A85B004460E4677
:1017F000002B54D0FFF745FC0546002851D094F843
:1018000089301BB994F886301B074CD5314600222D
:101810002046FFF761FC2046FFF7A6FF95F81080F1
:1018200094F8872095F80F9094F8867095F90F50EA
:1018300018F0010FC2F3C00318BF47F00407002DD2
:1018400043F00203ACBFC2F38001C9F3801102A8C8
:101850008DF80830FFF7E2FB94F88A2094F887307F
:101860000AB18DF80830002D8DF80C3004DAC9F378
:10187000801103A8FFF7D2FB206A0368DC689DF89B
:101880000C308DF804309DF808308DF80030C8F326
:1018900000123B463146A04705B0BDE8F083092061
:1018A000FAE70420F8E70620F6E738B504460D46C7
:1018B000FFF7E7FB28B390F90F30C17B002B17DA55
:1018C00011F0400F1DD0037C40330374DAB203F0F3
:1018D000C003C02B15D113466FF3871311F0040F0B
:1018E00003742946204608D0BDE83840FFF77ABF88
:1018F00094F8873013F0040FE4E7BDE83840FFF7B1
:10190000D1BB38BDA0F10800FFF7CFBF2DE9F041F2
:1019100005461746FFF7B5FB0E46044640B3FBB23B
:10192000022B0DD1C37B23F0380343F02003E37374
:10193000A86903683A4631461B69BDE8F04118477B
:10194000DA1E012A05D8C37B23F03A0343F02203B1
:10195000EDE7002BECD1C37B03F01803082BE7D194
:1019600001682846FFF73EFFE37B43F01003E37373
:10197000BDE8F0812DE9F043C36A85B006460F4605
:10198000002B54D0FFF77DFB0446002851D0304691
:10199000FFF7EAFE94F81080A37B96F8869096F8FD
:1019A0008A1096F8875018F0010F03F00F0218BF45
:1019B00049F0040903F00403002935D02A408DF8CA
:1019C00008205BB194F90F30002BB6BFE17BC5F363
:1019D0008001C1F3801102A8FFF720FBA37B05EA79
:1019E00013138DF80C305B070BD594F90F30002BD7
:1019F000B6BFE57BC5F38001C5F3801103A8FFF7EF
:101A00000DFB306A03681C699DF80C308DF80430BA
:101A10009DF808308DF80030C8F300124B46394667
:101A2000A04705B0BDE8F08302F00A02C7E709202D
:101A3000F7E70420F5E72DE9F04190F889709DF86B
:101A400018509DF81C6004460A462FB91B0703D4A2
:101A5000BDE8F041FFF7EBBA11462046FFF711FB56
:101A6000B8B1037C05F00F056FF3410345EA061595
:101A70008573037494F8883033B1A06948B1036862
:101A8000BDE8F0411B6818472046BDE8F041FFF76C
:101A900071BFBDE8F08100002DE9F041C76A04463E
:101AA0000E462FB92049214840F62C0205F098FD3A
:101AB000FFF7E7FA054648B33B6841689B6838463C
:101AC0009847804610B304F170073946FEF722F9B3
:101AD00028B9394605F10800FEF71CF998B13146DE
:101AE00001222046FFF7F8FA206A036804F1760223
:101AF0009B6E984739464046FEF70CF930B10023FB
:101B00002367BB8002E02B7C9A0601D5BDE8F081FB
:101B100043F020032B74A0690028F7D003683146F6
:101B20005B6ABDE8F041184740A807008AA8070093
:101B3000F7B504460122FFF7CFFA20460D46FFF71E
:101B4000A0FAE8B1E36A41681A68184692689047BB
:101B5000B0B104F13A063146FEF7DCF80246206ADD
:101B600003687AB104F1500200925F6E04F16002E2
:101B700004F140032946B8470023C4F83A30E3870C
:101B800003B0F0BD5B694FF00202294603B0BDE827
:101B9000F040184710B586B00446684680E80C004F
:101BA00006A800E90C00039110E90700034BE3606D
:101BB00084E80700204606B010BD00BFA8A80700B3
:101BC000F0B51F46C36A87B0064615462BB92B49A8
:101BD0002B4840F2716205F003FDFFF73EFA044620
:101BE000002844D0EAB2DDE90F01E37BA181B2FA1B
:101BF00082F2520962F38203A060E373F06A036821
:101C00000CAA9B6E3946984760600146F06A0368EB
:101C10009B68984702460C981060BDF8343093805A
:101C200017F0FD0FD3790CBF0121002161F30003F0
:101C3000D37194F90F30002B1BDAE37B13F0400FC4
:101C400015D0D3799B0712D5F56A0E4A2B681F6A07
:101C50000C4B00933146002302A80193FFF79AFF33
:101C60002846626802A9B84702A8CDF7B7FF07B0B7
:101C7000F0BD96F8873013F0040FE1E740A80700A5
:101C80008AA807005D160600A0F10400FFF798BFC0
:101C900010B586B00446684680E80C0006A800E946
:101CA0000C00039110E90700034BE36084E8070090
:101CB000204606B010BD00BF9CA807002DE9F041EA
:101CC000C76A86B004460D46002F39D0FFF7D9F910
:101CD000064618B9042006B0BDE8F0813B684168AB
:101CE0009B68384698470028F4D0F37B5A0720D5E4
:101CF000C3795B0716D5E76A124A3B680025D3F81B
:101D00002480104B009321462B4602A80195FFF733
:101D1000BFFF726802A93846C04702A8CDF75EFF30
:101D20002846D8E72946204606B0BDE8F041FFF72F
:101D300059BD2946204606B0BDE8F041FFF7B2B9CB
:101D40000920C8E799150600F8B5C76A05460E468A
:101D50005FB3FFF796F9044608B90420F8BD3B6865
:101D600041689B68384698470028F6D0C279E37BE3
:101D700051060AD59A071AD443F00803E373314693
:101D80002846BDE8F840FFF799BF227C5B0742F088
:101D9000010222743146284603D5BDE8F840FFF71A
:101DA00021BDBDE8F840FFF77DB90920D6E7002046
:101DB000D4E700002DE9F041D0F82C8086B004462D
:101DC0000D461746B8F1000F43D0FFF75AF9064603
:101DD00018B9042006B0BDE8F081D8F80030416899
:101DE0009B68404698470028F3D0C379990719D5D6
:101DF0009A0600D4BFB9E76A174A3B680025D3F8B2
:101E00002080154B009321462B4602A80195FFF731
:101E1000C1FE726802A93846C04702A8CDF7DEFEAF
:101E20002846D7E737B12946204606B0BDE8F0413D
:101E3000FFF78ABFF37B5B072946204604D506B02F
:101E4000BDE8F041FFF7CEBC06B0BDE8F041FFF7BA
:101E500029B90920BEE700BF951606002DE9F74312
:101E6000C76A05460E469046002F5BD0FFF709F97A
:101E7000044618B9042003B0BDE8F0833B6841680C
:101E80009B683846984707460028F3D001AA4FF0D0
:101E90000009314628468DF80490FFF7C7FA9DF8EF
:101EA0000420012A40D05FFA88F3934230D0042BFB
:101EB000E0D801A252F823F0291F0600751E060083
:101EC000CD1E0600E31E0600F11E0600E37B43F074
:101ED000080331462846E37303B0BDE8F043FFF73B
:101EE000EDBEFB79590608D5E37B9A0605D4EEE7EB
:101EF000FB7903F0C003C02BF6D0E37B314643F0FF
:101F000008032846E37303B0BDE8F043FFF71CBFA6
:101F1000A8690028AFD0036842461B69314698473C
:101F20004846A8E70920A6E70820A4E7C36A70B5D9
:101F300004460D46164623B3FFF7A3F828B3C37B28
:101F40001B0720D4721E042A1FD8DFE802F0030BFF
:101F50000E1118004FF0000229462046BDE87040DF
:101F6000FFF77CBF4FF00202F6E74FF00302F3E702
:101F7000002229462046BDE87040FFF71BBF012222
:101F8000F7E7092070BD0820FCE70420FAE700000D
:101F90002DE9F041D0F82C8005460F46D6B2B8F1B5
:101FA000000F05D11B491C484FF4F46205F018FBE3
:101FB000FFF767F8044658B3D8F8003041689B68CB
:101FC0004046984720B316F0080308D090F9073030
:101FD000002BAABF95F886300023C3F3C003710716
:101FE00002D5C279520609D563B9E37B1B070FD42A
:101FF00039462846BDE8F041FFF760BE237C43F038
:102000000103237439462846BDE8F041FFF7EABBD7
:10201000BDE8F08140A807008AA807002DE9F04339
:10202000D0F82C8089B0054616461F46B8F1000F3F
:1020300005D11649164840F65A1205F0D1FAFFF7B5
:1020400020F80446F0B1D8F8003041689B6840465B
:102050009847B8B1D5F82C800E4AD8F80030D3F89C
:1020600010900C4B02932946002304A80393FFF71A
:102070000FFE404600973346221D04A9C84704A816
:10208000CDF7ACFD09B0BDE8F08300BF40A8070064
:102090008AA8070001160600F0B5C66A87B0054693
:1020A0002EB90F490F4840F68A1205F099FAFEF74B
:1020B000E8FF044688B133680B4A5F690A4B009316
:1020C0002946002302A80193FFF7E2FD304662682B
:1020D00002A9B84702A8CDF781FD07B0F0BD00BF47
:1020E00040A807008AA80700011606004160704753
:1020F00040687047806A03689B681847806A036875
:10210000DB681847806A036882B01B69019202B0DD
:102110001847806A0368DB69184717B4806A019220
:102120000468A469A44603B05DF8044B6047806A64
:1021300010B40468246AA4465DF8044B6047806AC2
:1021400003685B6A1847806A10B40468246BA4466D
:102150005DF8044B6047806A10B40468646BA44661
:102160005DF8044B6047806A10B40468E46AA446D2
:102170005DF8044B604730B4806A1D460468BDF8C2
:1021800008300295A46BA44630BC6047806A03689F
:10219000DB6B1847806A03681B68184710B586B068
:1021A000806AADF80C204FF6FF720468ADF80E207F
:1021B0001A7864695AB912330222CDE9043204ABA9
:1021C0000093039A4FF42053A04706B010BD01338B
:1021D0001022F2E7436A13B11B68183018477047A2
:1021E00030B4D0E901320468551004EB6200D20724
:1021F00048BF625930BC48BFD358184770B4D0E9C3
:1022000001340568661005EB6400E40744BFAC596F
:10221000E35870BC1847436913B11B68083018476E
:10222000704713B5183088420C4606D00190CDF7A0
:10223000D5FC01982146F9F78CFD02B010BD13B50D
:10224000083088420C4606D00190CDF7C7FC0198B3
:102250002146F9F77EFD02B010BD70B5856A2B6886
:1022600086B09E6AADF800200C464FF6FF734FF41F
:10227000205101A8ADF80230FAF734FA009A01AB08
:1022800021462846B04706B070BD70B5856A88B053
:102290002B6801920C4603A842F602019E69FAF7E8
:1022A00021FA019A03AB21462846B04708B070BD19
:1022B00070B5856A88B02B6801920C4603A842F677
:1022C00003019E69FAF70EFA019A03AB21462846EC
:1022D000B04708B070BD000030B504460025C4E921
:1022E00009516561114B236085B00B68104A1B6C66
:1022F0000392104A6560CDE90125084600946946BD
:1023000098476846CDF76AFCA06A0B4A03685B6C85
:1023100003920A4A0094CDE9012569469847684628
:10232000CDF75CFC204605B030BD00BF78A90700A2
:1023300064A907001722060058A90700D521060046
:10234000C36810B52BB9054905484FF4FD7205F077
:1023500047F9BDE810401B68184700BF58A00700A8
:1023600087A00700044A026041F224324260034A17
:1023700082600522C260704740540120E8AA07002D
:10238000704707B50190F3F7DBFC019803B05DF8E7
:1023900004EBF9F71ABA000010B50C46062200202B
:1023A00001F0E8F9637903F0C003C02B05D00449BC
:1023B000044840F2551205F013F9012010BD00BF8A
:1023C000D0A9070046AA0700F0B5017E89B0002910
:1023D00069D1364B0393364B0493364B059343F642
:1023E000B8630793C36906934FF0804301220276D6
:1023F000C3F800111A60D3F80021002AFBD0022292
:10240000C3F818250022C3F8042101229A604FF076
:102410008043D3F80421002AFBD0274A274900240F
:10242000C3F80441012353609360C2F80845136068
:10243000A2F520420820C2F8FC4FC2F8FC3F06F08B
:10244000B5FD1F490A2006F0B1FD1E4A40211319AF
:10245000013493F800033F2898BF83F80013202C21
:10246000F5D103A8D4F72FFB4FF0805301A9D3F87F
:10247000A470D3F8A86008460023C3F12005A3F197
:10248000200427FA03F206FA05F52A4326FA04F493
:1024900008332243302B01F8012BEED1E7F7D4FCAF
:1024A00001A8E9F769FE09B0F0BD00BF78AA0700EE
:1024B0000404040084AA070000B0004019270600A5
:1024C0006D3D060000E100E0194B70B50360194B4B
:1024D00002210446C3F88010BFF34F8FBFF36F8F04
:1024E0004FF48072C3F88020BFF34F8FBFF36F8F1C
:1024F00011480025C0F8FC5F00F5E0400126466069
:10250000C660E069C3F88011C3F8802120B90B4987
:102510000B48CE2205F064F810F0A0FD094B2360B3
:102520002369E56113B19B68201D9847204670BD63
:10253000C0AA070000E100E000100040D0A9070099
:1025400062AA0700B09E070010B50446FFF7BCFF63
:102550002046202105F054FE204610BD10B504464B
:10256000F9F748F9084B23600023237643F6B86057
:1025700010F06CFDE06120B904490548BA2205F06D
:102580002FF8204610BD00BFC0AA0700D0A9070041
:1025900062AA070010B5154C2368BFF35B8FDA07FA
:1025A0000BD4204605F018FC38B1114A11491248E5
:1025B00005F0FFFB204605F031FC104C2368BFF30B
:1025C0005B8FDB070FD4204605F006FC58B10A49A3
:1025D0000B48FFF7C3FF064A0A49094805F0E9FB23
:1025E000204605F01BFC064810BD00BF1C5401200E
:1025F00000600020092606006064002018540120B5
:1026000020540120C92406007047704710B50421EA
:10261000044605F0F5FD204610BD0020EDF746B854
:1026200037B514461D468DF807100DF1070001213E
:10263000F9F77CFA28462146F9F778FA204603B0E4
:1026400030BD000010B50A4B0A4800241C700A4B2C
:102650000122C3F8FC4F2146C3F8FC2F142211F0CD
:102660003FF921460548BDE81040142211F038B961
:102670006867012080670120001000406C6701201E
:10268000024A137801331370704700BF6867012056
:10269000024A13780BB1013B137070476867012041
:1026A000044B187820B1044B0122DA64D3F84C05AE
:1026B000704700BF6867012000800040054B1B7811
:1026C00033B1012320B1044AD364D2F84C2502600F
:1026D000184670476867012000800040034B43F8AC
:1026E0002020034B43F82010704700BF6C67012087
:1026F00080670120014B1870704700BF64640020A0
:10270000034B1A78034B53F8223003B11847704734
:10271000646400206C670120034B1A78034B53F864
:10272000223003B11847704764640020806701209D
:10273000464B4178027B10B51970454B1A70454BDA
:10274000427B1A70444B827B1A70444BC27B1A70D6
:102750000A291DD84B1CDBB20133414ADBB25B00B6
:1027600041F04001C2F80835C2F854154368190E0B
:102770001B02C2F82415C2F81C358368C2F83C3528
:1027800090F90230072B14DD0823C2F80C351BE04A
:10279000242901D88B1CDEE7252906D0262906D05E
:1027A00027290CBF27230023D6E70023D4E70C23D7
:1027B000D2E7991E052913D8DFE801F0100E0C0AA4
:1027C00008030721C2F80C15837010BD0621F9E734
:1027D0000521F7E70421F5E70321F3E70221F1E7FB
:1027E000002B01DB0023D0E7191D05DBFC23C2F819
:1027F0000C356FF00303E7E713F1080F184A05DB08
:10280000F823C2F80C356FF00703DDE713F10C0F66
:1028100005DBF423C2F80C356FF00B03D4E713F19A
:10282000100F05DBF023C2F80C356FF00F03CBE778
:102830001433ABBFEC23D823C2F80C35C2F80C35E7
:10284000ACBF6FF013036FF02703BDE7986701205B
:10285000FE6A0120E46A0120FF6A01200B6C01205E
:102860000010004010B5054C206830B1044B0549FC
:102870001A7810F037FF0023236010BDF46A01209E
:10288000F06A0120EC6A012002280A4B07D00328D5
:1028900009D003220128C3F810250AD17047042269
:1028A000C3F810257047012901D10622F8E7052257
:1028B000F6E770470010004038B5224B1B78032B19
:1028C00004460ED1204AD2F83C3743F00043C2F808
:1028D0003C37D2F83C3723F0FF0343F05C03C2F8E7
:1028E0003C371A4B1878012822D0022825D003281B
:1028F000174A4FF040751ABF4FF4847200234FF40B
:1029000000032B431343104AC2F81435114B1B78B4
:10291000023941EA436141F440310F4BC2F81815C6
:10292000C2F804451978FFF7AFFF0C4B1C6038BDA7
:102930004FF4847200250023E3E74FF484724FF0D4
:102940008075F8E7FE6A012000100040E46A01206B
:1029500008010060DC6A0120FF6A0120046B01208D
:10296000F8B54E490B78032B0ED14D4AD2F83C37BF
:1029700043F00043C2F83C37D2F83C3723F0FF0362
:1029800043F05C03C2F83C370D78012D25D0022DB1
:1029900014BF4FF040714FF08071424B404A1B789A
:1029A000414EE3B9032D414C1ABF00234FF4847408
:1029B0004FF4000323430B43C2F8143533785B060E
:1029C00043F44033C2F81835394BC2F8040519787E
:1029D0002846BDE8F840FFF757BF0021DDE7032D8B
:1029E000324C344F1ABF4FF4847400234FF4000369
:1029F00023430B4343F48013C2F8143533782E4E2F
:102A00005B0643F44033C2F81835C2F804652B4B1B
:102A100042781A800146002411F8023B3B70F81CF2
:102A20007A70BC7010F05EFE254B0222C3F80045A0
:102A3000C3F80025234AC3F80825022D224AC3F80B
:102A40001425C3F80C75C3F8106524D0032D07D1E5
:102A5000174B1B78012B0CBF4FF440344FF400345C
:102A6000174B002244F08074C3F80445C3F80421D6
:102A7000C3F80021C3F80821144A127832B1FF22AA
:102A80007270D3F800210122C3F804230122C3F895
:102A900000221A60F8BD4FF48034E1E7FE6A01209D
:102AA00000100040CB6A0120DC6A012008010060B0
:102AB000FF6A0120CB690120BA670120FC6A01206E
:102AC00000F0004099670120BE680120CC6A012017
:102AD0000129F8B54368044628D00288022A1BD190
:102AE000C2681B8822F8023C0229A2F1020511D912
:102AF0000389C668077C0E481E443A46314610F0EA
:102B0000F1FD0C4B61691F700B4B3A461E6030465D
:102B100010F0E8FD2846F8BD084D1946284610F08B
:102B2000E1FD20882289E1682844F1E71D46F1E7AC
:102B3000EC6A0120F06A0120F46A0120086B012090
:102B400030B51A4C0221C4F88010BFF34F8FBFF389
:102B50006F8F174B174A01204FF48045586018615A
:102B6000C2F80855144D00222A70144D2970D3F86C
:102B70003C5725F00045C3F83C57C3F80021D3F873
:102B80000051C3F80821D3F80851C3F80C21D3F839
:102B90000C51C3F81021D3F81031094B9860C3F8D9
:102BA0000803C4F88011216030BD00BF00E100E0DF
:102BB0000010004000F001400A6C0120096C012067
:102BC00000F00040A44BD3F804232DE9F341D607CD
:102BD00043D5D3F80021002A3FD00022C3F80021BA
:102BE000D3F800219D4A4FF48041C2F808159C4A51
:102BF0001178012903D1D3F850350A2B07D0137867
:102C0000022B09D1944BD3F85035022B04D102B0DA
:102C1000BDE8F041FFF794BF924B1978032918BF24
:102C200011781B78042B02D01378022B10D18A4B19
:102C30000021C3F80411D3F804318B4B4FF4003159
:102C4000C3F80413D3F8441111B10121C3F844119E
:102C50000023137002B0BDE8F081D3F804235507B8
:102C600040F12981D3F80821002A00F024810022B4
:102C7000C3F808217C48D3F808114FF40031C0F89C
:102C800008137A494FF48074C1F8804102257849CD
:102C9000C3F800520C78012C40F0A58071490878E7
:102CA000032855D1734B1B78AB4249D0032B49D134
:102CB000714B1B78012B15BF18220622C02330232D
:102CC0006E49097802293FD0032915BF04206E20E0
:102CD00020244FF4807414BF082550256249D1F890
:102CE00048651344334403F16A029D33C1F840251B
:102CF0002B445A4A624EC2F88465234403444FF47D
:102D00008046C2F80465C1F844350023C1F8443157
:102D1000D1F84431524B02221A70534A0123D36432
:102D2000D2F84035D2F84C259B1A002B92DA4B4B47
:102D30004FF48042C3F80825494B00221A7089E7F6
:102D40000C23BDE71823BBE7142010240825C5E792
:102D500009780429E1D1D3F850014A49012804BF78
:102D60000870C3F85021454B18BF0D701A78022A1D
:102D70002FD0032A30D10B78012B0BBF062018204F
:102D80006FF030026FF0B3020CBF3024C024394B17
:102D90001978022925D003294FF0FF3118BF0021EF
:102DA000314E394BD6F8485593F9003065352B44F0
:102DB0002344034413440B44C6F84035274B264AAA
:102DC000C3F884254FF48042C3F80425244B012224
:102DD000A2E700200C24DAE700206FF0010218249B
:102DE000D5E70121DCE7022C97D11E4A1478042C88
:102DF0004CD1224B1B78022B2AD0032B15BF042069
:102E00006E2020244FF4807414BF082550254B6891
:102E1000154A1B4E333BC2F84035104BC3F884654E
:102E20004FF48046C3F80465D2F8403551332B4443
:102E300023440344C2F8443588680023C2F844316F
:102E4000D2F8443100283FF465AFFFF771FC61E729
:102E5000142010240825DAE70010004000F001409B
:102E60000A6C0120096C01200080004000E100E0B4
:102E7000D06A0120FE6A0120FF6A0120E46A012075
:102E800004100040E56A0120006B01201278032A3B
:102E90007FF443AF4A68283AC0F84025444A88681E
:102EA000C2F884354FF48043C2F8043500288DD031
:102EB000FFF73EFC8AE73F4BD3F8042314077FF566
:102EC000C9AED3F80C21002A3FF4C4AE3A4D002419
:102ED000C3F80C41D3F80C312B78032B0AD1022311
:102EE0002B70FFF7BFFC354B1B68204602B0BDE8D6
:102EF000F04118472B78042B7FF4ACAE304A3149AF
:102F00001278314B0968D3F848354C782F4E022A95
:102F100009D0032A31D0012A04F1070445D10B3B23
:102F2000A3EBC40403E0063B0834A3EB8404DFF8FE
:102F30008480D8F8487500F01BFB254A02232B70CB
:102F40001278337807F07F070744002A14BF104631
:102F50001846204A1070D8F800241F4812F0010FBC
:102F6000C7F100010568D8F80C24009349B2234644
:102F70000CBF04200020A8476CE632786FF4C070C4
:102F8000012A14BFA0211421034404F1020414BF38
:102F900040221022A3EB010302FB14330CBF6FF09D
:102FA0001C046FF013041C44C1E7093BB8E700BFE1
:102FB00000F0014000100040096C0120F86A012077
:102FC000E46A0120046B012000800040E56A0120D2
:102FD0000B6C0120FF6A0120E06A01200B4B37B522
:102FE0004FF40032C3F80823A3F5E043D3F80441BB
:102FF0004CB9FFF7A5FD064B00941D6822462346F9
:1030000021460320A84703B030BD00BF0080004028
:10301000E06A012070470000194A08B500231360D8
:10302000184A1360184A1360184A012040F203310D
:10303000C2F85006C2F8341540F25B61C2F8381588
:10304000C2F82C35C2F83005114A12491376124ADB
:103050001070124A1370124A1370124A1070124AFA
:103060001370124A1370124A1370124AFFF736FB9C
:10307000BDE808400F4A07490220FFF72FBB00BFF9
:10308000F86A0120E06A0120E86A0120001000408F
:1030900099670120DD2F0600DC6A0120006B01200A
:1030A000CB6A0120096C0120FF6A0120E56A01203A
:1030B0000B6C0120C52B0600294B2A4AF0B40021D5
:1030C0000120032482F80113274D82F80813586069
:1030D000D860C3F80415C3F80845244C0426C3F887
:1030E00010651860C4F88055A5F5E045383DC4F872
:1030F000885505F5DE454035C4F88C554FF400453C
:10310000C4F804554FF0FF34C3F808434FF48073FC
:10311000C2F880311360164B0227C3F80843C2F887
:1031200080711760134FC7F80843C2F880511560CB
:10313000C3F80011D3F80021C3F80403C3F8081141
:10314000D3F80821C3F80463C3F81011C3F80C11B5
:10315000D3F80C210822F0BCC3F80423FFF7F0BC1D
:103160000080004000E100E04081004000F00140AC
:103170000010004000F0004010B5FFF7E1FC1A4BD2
:103180004FF48042C3F808254FF40042C3F80825E5
:10319000164B4FF48070C3F88000BFF34F8FBFF31E
:1031A0006F8F134C4FF0FF31C4F80813C3F8800140
:1031B0000220C3F88000BFF34F8FBFF36F8FA4F5D9
:1031C000E044C4F80813C3F88001C3F88020BFF3BB
:1031D0004F8FBFF36F8F0748C0F80813C3F88021E3
:1031E000054B01221A7010BD00F0014000E100E023
:1031F0000080004000F00040096C0120064B02688E
:103200001A60064B42681A60054B82681A60054BCB
:10321000C2681A60704700BFF86A0120E06A0120A6
:1032200094670120E86A012007C8024B83E8070081
:10323000704700BFD06A012007B50190FFF780FCFE
:10324000019803B05DF804EBFFF772BA034B08B9BD
:103250001870704701221A70704700BFDC6A0120A5
:1032600038B50A4C0A4D68B1FFF76AFC0323C4F86D
:1032700010354FF40073C4F8503601232360052342
:103280002B7038BDC4F850060223F9E70010004047
:10329000096C01207FB52B4DFFF71AFCD5F850358E
:1032A00013BB294B294D1C68264E283C0023C5F82A
:1032B0004045C5F84031D5F84031FFF751FB0323B5
:1032C000C6F8003203A8FFF7F9F9039BE41A002CB3
:1032D00025DAFFF7C7FA1E4B01201B68984704B098
:1032E00070BD0A2A0ED0DCE703240190FFF728FC0A
:1032F00001980023D5F85015DAB20029F1D0013336
:103300000B2BF7D1013C14F0FF04EED1FFF7AAFA22
:103310000F4B1B68012004B0BDE8704018470D4BEF
:103320004FF48042C3F88465C3F80425D5F84031D2
:103330001BB1D6F85035002BCBD0074B03221A70A7
:10334000CDE700BF001000409467012000800040DE
:10335000F86A012000F00140096C012007B5FFF771
:10336000B7FBFFF7FDFA134B1B78012BD8B21AD12C
:10337000114B0322C3F80022D3F800216AB1D3F81D
:1033800050350B2B09D00190FFF76CFA0B4B0198CD
:103390001B6803B05DF804EB1847094B03221A7051
:1033A00003B05DF804FBFFF75DFA044B01201B68D6
:1033B000EFE700BF0A6C012000100040F86A01200E
:1033C000096C0120074B1B785BB1074B0122C3F846
:1033D0000823064B5A78FF2A00D1FEE7044A1288D8
:1033E0005A707047CC6A012000F00040BA67012093
:1033F000FC6A0120F0B587B0CDE90210FFF7A0FB11
:103400002E4B2F4C1D680022333DC4F84055C4F8A4
:103410004021D4F840312B4B1B78022BDDE9021000
:1034200032D0032B0BBF642220264FF4807608276E
:1034300008BF5027DFF8A4C0D4F84035DCF800C03E
:10344000634433333B44334413440026C4F84435C7
:103450001D4FC4F84461D4F84431FFF72DFA40F20F
:103460001313C7F8003205A8FFF728F9059BED1ADA
:10347000B5420CDA154B00961C6833461A461946BD
:103480000120A04707B0F0BD10260827D2E7104B57
:10349000104AC3F884254FF48042C3F80425D4F8B9
:1034A000403133B1D7F850351BB9084A009314683E
:1034B000E4E7094B04221A70E4E700BF9467012097
:1034C00000800040E46A012000100040E06A012012
:1034D00000F0014004100040096C0120E86A01205E
:1034E00013B5FFF7E9F90F4B1B78022B0BD10E4BED
:1034F00040F21312C3F80022D3F8002162B1D3F8CE
:103500005035032B08D00023084A0093146819464D
:103510001A460120A04702E0054B04221A7002B0AF
:1035200010BD00BF0A6C012000100040E06A0120BD
:10353000096C012008B5FFF703FBBDE80840FFF761
:1035400091B9000008B5084B4FF40032C3F80823C6
:10355000064B4FF48072C3F88021FFF7F1FABDE803
:103560000840FFF77FB900BF0080004000E100E0A5
:10357000054B1888054B00F5A06080B2A0FB030343
:10358000800D803840B2704768640020676606008E
:10359000024A00231380024A1380704768640020A7
:1035A00066640020D823037009230B707047000065
:1035B000044BB3F900300380034BB3F900300B80A8
:1035C000704700BF6864002066640020024B1880CA
:1035D000024B012019807047686400206664002057
:1035E000082808B502461EDC831EDBB2062B13D961
:1035F00000281ADA031D1ADA10F1080F1ADA10F18E
:103600000C0F1ADA10F1100F1ADA10F1150FCCBFE7
:103610006FF013026FF0270219B1FFF7A9FF1044F2
:1036200042B2104608BD0922F6E70022F4E76FF027
:103630000302F1E76FF00702EEE76FF00B02EBE732
:103640006FF00F02E8E740F6060340F27261038074
:1036500004234180837281814FF4007341F204019D
:103660004382C18103830821FB2300220174438329
:103670004FF4016140F20263C280C1828383C2833E
:10368000038470474FF08053F0B51F6E5E6E451E89
:103690000023C3F12004A3F1200127FA03F206FA64
:1036A00004F4224326FA01F108330A43302B05F8CB
:1036B000012FEED1437963F03F034371F0BD4FF02A
:1036C000805370B501381E6E5D6E0023C3F1200477
:1036D000A3F1200126FA03F205FA04F4224325FAA5
:1036E00001F108330A43402B00F8012FEED170BDE1
:1036F0004FF0805310B51A6E02701A6E120A4270A3
:103700001A6E120C82701A6E120EC2705A6E02710C
:103710005A6E120A42715A6E120C82715A6E120E51
:10372000C271D3F800110172D3F80041240A447227
:10373000D3F80041240C8472D3F80041240EC472E3
:10374000D3F804410473D3F80441240A4473D3F832
:103750000441240C8473D3F804311B0EC37302F0AC
:103760000F0201F03F0342F0400263F07F03C27199
:10377000037210BD042816D8DFE800F003060C0F12
:1037800012000846FFF77EBF01230B704B708B7051
:10379000CB7070470846FFF756BF0846FFF78FBF4C
:1037A0000846FFF7A5BF7047094B0022C3F8002168
:1037B0000121C3F804211960D3F8002102B1704738
:1037C000D3F804010028F7D0C3F80421F3E700BFC1
:1037D00000E000402DE9F041254C1F4603682361BD
:1037E000436863610E468368A361C368E36105466D
:1037F0009046FFF7D9FF337894F820205340337078
:1038000094F8212073785340737094F82220B37891
:103810005340B37094F82320F3785340F3702B682F
:1038200023616B686361AB68A3610026EB68E361A9
:103830003546B74201D8BDE8F081E37F0133E37735
:10384000FFF7B2FF05F110030A489BB22A4610F8B1
:10385000011B18F802C00135ADB281EA0C01AF427C
:1038600008F8021001D09D42F0D11036E1E700BF08
:10387000CC6D0120EC6D012083784278417910B540
:10388000C47801321B029B184FEA04442CBF01226A
:1038900000221B1904794FEA046442F100021B194B
:1038A00001F07F0442EB04021C0A437084701C0C7C
:1038B0001B0E037121F07F0102F07F030B43C470E4
:1038C000437110BD2DE9F843089EBDF824801746CA
:1038D0001D46002838D0012814BF4FF03C094FF096
:1038E0005C092C4C0B6823614B6863618B68A36196
:1038F000CB68E36184F81F80FFF756FF4FF48073B5
:1039000023822B78226A23EA09030025A374E57435
:10391000236953402361636A6361A36AA361E36A15
:10392000E361FFF741FF2946884510D894F820301D
:103930003B7094F821307B7094F82230BB7094F87F
:103940002330FB70BDE8F8834FF01C09C9E701F193
:103950001009C84534BFA8EB0102102231440E48BB
:10396000C4E90455C4E906550FF0BCFE2369226A78
:1039700053402361626A636953406361A26AA36929
:103980005340A361E26AE3695340E361FFF70CFF30
:103990004946C9E7CC6D0120DC6D0120C3681ABA25
:1039A000074B1A60826812BA5A60426812BA9A606B
:1039B000026812BADA60034AC2F80435704700BFE1
:1039C000CC6D012000E00040F0B5044699B00E46F1
:1039D00015460BF0D5F9234603F110076C4618681D
:1039E0005968224603C20833BB421446F7D1039BF1
:1039F0001BBA0493029B1BBA0593019B1BBA069347
:103A0000009B04A81BBA079308AC0BF007FA2A46E0
:103A1000103510685168234603C30832AA421C4679
:103A2000F7D10B9B1BBA0C930A9B1BBA0D93099BF6
:103A30001BBA0E93089B1BBA0F930CA910A80BF08E
:103A4000B9F90028F9D0139B1BBA1493129B1BBA27
:103A50001593119B1BBA1693109B1BBA179314ACAA
:103A6000334618AD224603CAAA421860596014466C
:103A700003F10803F6D119B0F0BD00000A4B012292
:103A800010B501441A600022884202D101225A6016
:103A900010BDC3F80021D3F80041002CFBD0D3F8AF
:103AA000084500F8014BEFE700D000400E29F8B5BB
:103AB0000546164630D8194F07EB41134C0120221A
:103AC000002118460FF00CFF4FF0010CF10107F830
:103AD00004C0C9B241712A69C0F8062010346A696D
:103AE000C0F80A2007F804C095F82920624598BF5D
:103AF000B6FA86F2034698BF520907EB040098BF56
:103B0000D10141712A69C0F806206A69C0F80A200B
:103B1000C5E90B3005F1100EF8BD00BF0C6C01209B
:103B20002DE9F3410546007E17461E4690B34B78BB
:103B3000AA7EEC6A98460AB104334B70EB7E012BE7
:103B40002BD1EB6963B118880023013080B2E37098
:103B5000237163796070000AA07023F07F036371A2
:103B60002846FFF71BFFAB7E43B10B46CDE900783B
:103B700095F8290032462146FFF7A4FE43463A460F
:103B800031462046FFF726FEEB7E13B92046FFF7AD
:103B900073FEA87E02B0BDE8F081022BE0D12B6A53
:103BA000002BDDD0D3E90023100A6270120CE27002
:103BB0006279A070DBB2237122F07F0203F07F03F1
:103BC0001343CCE72DE9F043437E85B005460E460E
:103BD0001BB9012005B0BDE8F08300230393827E6A
:103BE0004B78046B1F4601F102092AB1042BF0D96E
:103BF0001F1F043BBFB24B70EB7E012B09EB070884
:103C000048D1EB6983B116F8012C16F8023C03EB9E
:103C100002239BB263701B0AA3700023E37023711D
:103C2000637923F07F0363712846FFF7B7FE4146AF
:103C30003B464A462046FFF7CDFDAB7E43B1CDE97A
:103C4000009795F82900334603AA2146FFF73AFE6C
:103C5000EB7E13B92046FFF70FFEAB7E002BB8D0EA
:103C60009DF80C2098F800309A4211D19DF80D2053
:103C700098F801309A420BD19DF80E2098F8023046
:103C80009A4205D19DF80F2098F803309A42A0D0AF
:103C900000209FE7022BC7D16B6A002BC4D0D3E969
:103CA0000023110A6270120CE2706279A170DBB21B
:103CB000237122F07F0203F07F031343B3E7000078
:103CC00070B5134C00214FF4806584F80A13C4F8D2
:103CD0008050BFF34F8FBFF36F8F0E4B012203262F
:103CE0005A60DA60C3F80415C3F808650426C3F8FF
:103CF00010654FF0FF361A60C3F80863C3F840112F
:103D0000C4F880512560044B1A70C3E9011070BDDE
:103D100000E100E000A00040FC6D01200A490B4BCF
:103D20000A781AB101225A64D3F8442510440022BB
:103D3000C3F840214FF48032C3F84005C3F8042390
:103D4000022348600B707047FC6D012000A000400A
:103D5000044B4FF48032C3F80823034B01221A703E
:103D6000704700BF00A00040FC6D0120074B4FF4DE
:103D70008032C3F808230022C3F84021044B0122FB
:103D80001A709B6803B11847704700BF00A000403D
:103D9000FC6D0120F8B50546064655F8044B8CB974
:103DA0000D4F386818B14FF0FF31CFF76FF8346816
:103DB00024B9284604F0DEFB2C463560386808B18B
:103DC000CFF77CF8AC4204D0044905488B2203F0BD
:103DD00007FC2046F8BD00BFE010012018AB07002B
:103DE0004BAB0700704710B50C21044604F008FAED
:103DF000204610BD37B50546044655F8043B0191F1
:103E00009B6898472846019905F04EFA2368DB68BD
:103E1000204603B0BDE83040184738B50546044693
:103E200055F8043B9B689847284605F071FA2368CB
:103E30000546DB6820469847284638BD08B5034844
:103E4000FFF7A8FFBDE8084004F09CBB086E012006
:103E500008B50348FFF79EFFBDE8084004F0B0BB7B
:103E6000086E012013B5084B03600446826001917F
:103E7000FFF7E4FF0199201D05F0FEF92046FFF74A
:103E8000E7FF204602B010BD78AB070003680122AF
:103E90001B6900211847036800221B691146184757
:103EA00007B5019003F046FC0198012105F0A0FC44
:103EB00003B05DF804EB03F053BC07B5019003F0C9
:103EC00039FC0198002105F093FC03B05DF804EB88
:103ED00003F046BC07B5CDE9001003F02BFCDDE98B
:103EE000001005F063FC03B05DF804EB03F038BC90
:103EF000416830B4034671B1D0E9032000F00104F9
:103F000002B944B1451001EB60000CB149598A581F
:103F1000996830BC104730BC7047000008B5431C9E
:103F200004D10E490E48212203F05AFB012351B15E
:103F30001F2886BF0B4A00F01F004FF0A0428340AD
:103F4000C2F8083508BD1F2886BF064A00F01F00CA
:103F50004FF0A0428340C2F80C35F3E788AB07006E
:103F6000AD7C070000030050064B10B5044603600B
:103F7000806A08B102F07EFE201DCBF72FFE20469E
:103F800010BD00BFCCAB070010B50446FFF7ECFF37
:103F90002046A82104F034F9204610BD036870B50E
:103FA00004460D461B68984704F13000A567294672
:103FB00005F02EFD236820465B68BDE87040184779
:103FC0007FB506461D4656F8303BCDE902211B68F9
:103FD000044698479DF8203083F00103DDE9022173
:103FE000009330462B4605F06FFD236806465B685C
:103FF00020469847A81B18BF012004B070BD7FB5AC
:1040000006461D4656F8303BCDE902211B680446A2
:1040100098479DF8203083F00103DDE902210093E9
:1040200030462B4605F034FD236806465B68204683
:104030009847A81B18BF012004B070BD7FB50024AD
:10404000012615462346224602A800968DF8084010
:1040500002F081FB03A800962346224629468DF8EC
:104060000C4002F078FB03A805F072FB002853D047
:1040700002A805F06DFBB04202D1002004B070BD73
:10408000214603A8FFF726FF03A8FFF709FF0A242C
:10409000002103A8FFF71EFF00219DF90C00FFF788
:1040A0003DFF052004F0E2F9032103A8FFF712FF0A
:1040B0009DF90C000121FFF731FF052004F0D6F92E
:1040C000013CE5D102A8FFF7EBFE21469DF908006F
:1040D000FFF724FF052004F0C9F901219DF90C0028
:1040E000FFF71CFF052004F0C1F901219DF908002C
:1040F000FFF714FF052004F0B9F902A8FFF7DDFE71
:1041000003A8FFF7DAFE03A805F022FB20B102A8FE
:1041100005F01EFB0028B0D16FF00100AEE710B52E
:1041200000210446242240F8041B0FF0D9FB20464E
:1041300010BD08B57C30FFF72DFEBDE8084004F047
:1041400021BA08B57C30FFF725FEBDE8084004F031
:1041500037BA0000F8B5194B03600D46184B4361A0
:10416000002100F130070446C0E90711C0E9091138
:104170000161818516468061482238460FF0B0FB08
:10418000104BA36704F17C00FFF7C9FF2046FFF73F
:10419000D0FF3246294684F8A45084F8A560204612
:1041A000FFF74CFF94F9A52094F9A410384605F0C8
:1041B000E9FB2046FFF7C5FF2046F8BDCCAB070062
:1041C000F13E0600A086010070B504460D46164675
:1041D000002148220FF084FB32462946204605F094
:1041E000D1FB2046044905F013FC2046012105F0CF
:1041F0008DFC204670BD00BFA086010005F008BC04
:10420000CAB2002342F00102194605F0E3BC05F0F2
:104210008FBC05F09FBC10B5144605F0BBFC001B1D
:1042200018BF012010BD05F00BBC07B5CDE900108B
:1042300003F080FADDE9001005F0CCFE03B05DF874
:1042400004EB03F08DBA07B5CDE9001003F072FA64
:10425000DDE9001005F013FF03B05DF804EB03F097
:104260007FBA90F8213010B5044623B903F0A0FCC2
:10427000012384F8213010BD90F8213010B5044698
:1042800023B103F0ABFC002384F8213010BD10B53E
:10429000044603F04FFA94F8223053B994F92010F1
:1042A000204605F04FFE2046FFF7DBFF012384F890
:1042B0002230BDE8104003F053BA10B500230022AD
:1042C000044680F8201080F8213080F822304262C5
:1042D0008362FFF7DCFF204610BD10B5044603F0F3
:1042E00029FA94F8223043B1204605F059FE2046C1
:1042F000FFF7C2FF002384F82230BDE8104003F02E
:104300002FBA10B50446FFF7E8FF204610BD4168FC
:1043100030B4034671B1D0E9032000F0010402B9C2
:1043200044B1451001EB60000CB149598A589968B5
:1043300030BC104730BC704713B590F93530446835
:10434000009390F9343090F9332090F93210201D09
:1043500006F020FD02B010BD38B5054603F0EAF9BD
:10436000074B1B68002B08DD064C2378AB4218BFB7
:10437000002403F0F5F9204638BD0024F9E700BF1A
:10438000A86E0120306E0120084A08B51368002B82
:1043900004DD07490748AF2203F022F9591C1160D8
:1043A000054A782000FB032008BD00BFA86E01204D
:1043B000DCAB0700FDAB0700306E012000230822B4
:1043C00010B5C0E90E2303860B4B03640446FF239C
:1043D000A0F8443003F0AEF994F84C00FFF7BCFFAE
:1043E000606028B9FFF7D0FF94F84C30606003702C
:1043F000BDE8104003F0B4B940420F0038B50446A0
:10440000124820601248A0602046002584F834300D
:104410009DF9103084F8321084F8332084F8353058
:10442000C4E90455E460A561E561E5624FF0FF3140
:1044300000F8365F02F08CF9064BA5642046236530
:1044400084F84C50FFF7BAFF204638BD30AC070067
:104450000F4306003943060043685B6F834210B583
:1044600004460FD0036D98476068D4E90E1200230C
:10447000043006F0EDFC6068216C043006F00CFDA1
:1044800063685C6710BD036870B504461B690D4620
:10449000164698476068436FA342C4E90E560BD195
:1044A000002332462946043006F0D2FC2368204619
:1044B0005B69BDE8704018472046FFF7CDFFF5E780
:1044C000036870B504461B690D469847606825640B
:1044D000436FA34209D12946043006F0DDFC23686E
:1044E00020465B69BDE8704018472046FFF7B4FFDF
:1044F000F5E7000090F936305A1C16D0012251B170
:104500001F2B86BF094903F01F034FF0A0419A40BB
:10451000C1F8082570471F2B86BF044903F01F030D
:104520004FF0A0419A40C1F80C257047000300509D
:1045300038B5036804461B69984794F945506B1CCD
:1045400084F8453045B92046FFF786FF29462046C6
:10455000BDE83840FFF7CEBF38BD10B590F8453004
:10456000013B5BB2044680F8453013B90121FFF7E7
:10457000C1FF236820465B69BDE81040184737B586
:1045800004460191FFF7D4FF60680199043006F0FA
:10459000BBFC05462046FFF7E0FF284603B030BDD0
:1045A00030B5044687B0CDE904210393FFF7C0FF7F
:1045B00094F84450606801950A9D05990095DDE9DD
:1045C0000332043006F0CAFC05462046FFF7C5FF5B
:1045D000284607B030BD08B540684C30FFF7DAFB1D
:1045E000BDE8084003F0CEBF08B540684C30FFF787
:1045F000D1FBBDE8084003F0E3BF000010B50C4B51
:1046000003600446FFF7E7FF63685A6FA24204BFE6
:1046100000225A672046FFF7E7FF04F12000CBF79E
:10462000DDFAE06908B102F025FB204610BD00BFAD
:1046300030AC070010B50446FFF7E0FF20465421D8
:1046400003F0DEFD204610BD7047416830B40346DC
:1046500071B1D0E9032000F0010402B944B1451062
:1046600001EB60000CB149598A58996830BC104779
:1046700030BC704770B500F14C0690F9DF2090F91E
:10468000DE100446304605F0B9FFD4E939530DB9C0
:10469000DA070ED55A1004EB6300DB0748BFA358B6
:1046A00094F8EC1048BF5D5994F9ED2094F9EE3080
:1046B000A847D4F8D810304606F0B6F8224630465F
:1046C0000249BDE8704006F08DB900BFA14906005F
:1046D0002DE9F0411F46D0F8E03004460D4616465D
:1046E0002BB11749174840F22B1202F079FF164AF6
:1046F000C0E9392303681B68984784F8EC5084F8B4
:10470000ED6084F8EE70032D0BD8DFE805F015029C
:1047100010154FF0FF333246012104F14C0006F032
:104720003BF9236820465B68BDE8F04118473346F3
:104730004FF0FF320221F0E73B4632462946ECE7D4
:1047400048AC070070AC0700D14606002DE9F041E7
:1047500098461D4B03601D4B436000251C4B856034
:104760000446C0E90555C0E907550F461646C36023
:10477000858445634564A0F848506C222946006151
:104780004C300FF0ADF840F20113A4F8DC304FF4D8
:104790007F43A4F8EC30FF232046C4E93558C4E930
:1047A0003855C4E93C55C4F8C45084F8DE7084F828
:1047B000DF60C4F8E85084F8EE30C4F8F850FFF732
:1047C00059FF2046BDE8F08190AC07007546060011
:1047D0004B46060070B50646044656F84C3B0D465F
:1047E0001B6898473046294606F01EF82368C4F82F
:1047F000D85020465B68BDE8704018477FB5054635
:10480000044655F84C6B0193CDE902213668B04758
:10481000DDE901322846039906F086F823685B68D3
:10482000204604B0BDE87040184738B50546044638
:1048300055F84C3B1B689847284606F087F92368D3
:1048400005465B6820469847284638BD38B505467A
:10485000044655F84C3B1B689847284606F096F9E5
:10486000236805465B6820469847284638BD03689C
:104870002DE9F34105461B6816460F46984795F803
:10488000DC30340103B1B6B195F8DD300BB1012E47
:1048900011D0B8342819B84206D00190CBF79EF950
:1048A00001983946F7F755FA2B685B68284602B03D
:1048B000BDE8F0411847B83402F03CFF2C44FA68D8
:1048C000E36805F14C089AB10BB903F071F9A742FE
:1048D00006D02046CBF782F939462046F7F739FA59
:1048E00001223146404606F08DF802F039FFDBE741
:1048F0000BB103F073F92046CBF770F90022E260A8
:10490000EFE7000030B51B4B036085B000252A4659
:10491000694604460395FFF7AAFF6846CBF75EF9A0
:104920000122694620460395FFF7A1FF6846CBF7B1
:1049300055F994F8DC3013B994F8DD301BB104F16B
:104940004C0005F03BFF04F1C800CBF747F904F138
:10495000B800CBF743F904F13800CBF73FF904F185
:104960002800CBF73BF9206A08B102F083F9204612
:1049700005B030BD90AC070010B50446FFF7C2FF8C
:104980002046FC2103F03CFC204610BD4C3006F0D4
:1049900065B810B54C300C4606F0A2F8204610BDA4
:1049A00000EB0110B83008B5C3680BB1FDF7C8FCC7
:1049B00008BD036870B504461B680D46984794F817
:1049C000DC30AB422BD065B194F8DD304BB9A26836
:1049D0006368511004EB6200D20744BF6258D35899
:1049E000984702F0A7FE05B3D4F8C4305BB104F1D8
:1049F000B800FDF7A5FC03F0DBF80122002104F16B
:104A00004C0005F0FFFF02F0ABFE84F8DC5035B936
:104A100094F8DD301BB904F14C0005F0CFFE23689B
:104A200020465B68BDE8704018472A46294604F1D5
:104A30004C0005F0E7FFD4F8C430002BE3D003F0BE
:104A4000CDF8E0E7036870B504461B680D4698474B
:104A500094F8DD30AB422BD065B194F8DC304BB923
:104A6000A2686368511004EB6200D20744BF625829
:104A7000D358984702F05EFE05B3D4F8D4305BB14A
:104A800004F1C800FDF75CFC03F092F80122114626
:104A900004F14C0005F0B6FF02F062FE84F8DD5030
:104AA00035B994F8DC301BB904F14C0005F086FEF2
:104AB000236820465B68BDE8704018472A460121FC
:104AC00004F14C0005F09EFFD4F8D430002BE3D065
:104AD00003F084F8E0E770B5D0E90213D0E90825C7
:104AE0000446521845EB030300F078F9636B2BB1D1
:104AF00004F128001B68BDE87040184770BD88426B
:104B000070B504460D460AD0CBF768F8EB68E36051
:104B10002BB1294620465B68BDE87040184770BD40
:104B200038B50446154600F043F9064B23600022D1
:104B30000023C4E908230023636384F83850204627
:104B400038BD00BFA8AC070013B5044601A802F0A9
:104B500099F8204600F04CF9636B23B194F8383093
:104B60000BB103F03BF804F12800CBF737F8002332
:104B7000636301A802F08EF802B010BD70B505465F
:104B800014461E4600F034F9C5E90846A86902F04B
:104B900033F8221846EB01032846BDE8704000F0C8
:104BA0001DB9F7B5044601A81D460F46164602F08A
:104BB00069F8636B23B994F838300BB102F0F8FF51
:104BC000394604F12800FFF79AFF32462B4620466B
:104BD000FFF7D4FF01A802F05DF803B0F0BD0000BC
:104BE00010B5044601F0D4FD002201462046FFF72F
:104BF00097FF024B2360204610BD00BFC8A60700E8
:104C000030B5436B85B00446F3B100F1280503933A
:104C10005B682946684698472846CAF7DFFF0023A5
:104C2000636394F838300BB102F0D8FF039B2BB9C3
:104C3000064907484FF4FD7202F0D2FC68461B6833
:104C400098476846CAF7CAFF05B030BD58A00700AC
:104C500087A0070010B5044601F09AFD0022014626
:104C60002046FFF75DFF024B2360204610BD00BFCA
:104C7000B4AC0700437D10B504461BB1037D0BB1F6
:104C800002F0ACFF204610BD13B5044601A801F0A8
:104C9000F9FF637D53B9237D0BB102F089FF2069D1
:104CA00001F0AAFFC4E900010123637501A801F026
:104CB000F1FF02B010BD37B504460D4601A801F062
:104CC000E1FF00230022C4E900236B7D4BB128697A
:104CD00001F092FFD5E90032C01A61EB0201C4E98C
:104CE000000101A801F0D6FF204603B030BD30B569
:104CF00085B004460D4603A801F0C4FF2946684666
:104D0000FFF7D9FFD5E90221009B9B18019A42EBDE
:104D10000102C4E9003203A801F0BCFF204605B03F
:104D200030BD07B501466846FFF7E1FFDDE9000148
:104D300003B05DF804FB13B5044601A801F0A2FF1F
:104D4000206901F059FF00220023C4E90001C4E9F1
:104D5000022301A801F09EFF02B010BDD0B50023D0
:104D600000260027C0E90067C0E902670446016128
:104D700002754375FFF7DFFF2046D0BD10B504462E
:104D800001F064FF012201462046FFF7E7FF2046BD
:104D900010BD10B5044601F0FBFC00220146204680
:104DA000FFF7DCFF204610BD03681B6818470000B2
:104DB00010B50446074B236000220023C4E90223F8
:104DC00000230846A161C4E90433034901F0A4FEAD
:104DD000204610BDCCAC0700A94D060007B50090D9
:104DE00000F10801806901F0D4FE03B05DF804FB16
:104DF00000F10801806901F0E4BE000010B5034B2A
:104E000003600446FFF7F4FF204610BDCCAC07005A
:104E1000002070476FF01C0070476FF01C00704757
:104E20006FF0150070476FF0150070470120704754
:104E300001207047002070470020704770B511F0C6
:104E4000010405468EB204D0FFF7EFFC041E18BF24
:104E50000124F30605D52846FFF7F8FC08B144F015
:104E60001004204670BDA0F1FC00FFF7E7BF08B5B5
:104E7000FFF79FFD002008BDA0F1FC00FFF7F7BF82
:104E800008B5FFF7DFFD002008BDA0F1FC00FFF72B
:104E9000F7BF000010B5034B03600446FFF732FD77
:104EA000204610BDD8AC0700A0F1FC00F2E700BF1F
:104EB00010B50446FFF7EEFF20464FF4807103F073
:104EC0009FF9204610BDA0F1FC00F1E72DE9F0416B
:104ED00006460D461746C2B102F029FC80F00103D8
:104EE00013F0FF0403D0336830461B68984705EB86
:104EF000070815F8011B3046FFF74BFDA845F8D110
:104F00001CB1336830465B6898473846BDE8F0818D
:104F1000A0F1FC00FFF7DABF38B504460D4662B1D8
:104F200003681B6898472046FFF730FD2870236808
:104F300020465B689847012038BD1046FCE7A0F189
:104F4000FC00FFF7E9BF000010B50446FFF7FEFBC9
:104F5000044B03F1080244332260C4F8FC302046BD
:104F600010BD00BFD0AC070030B5056885B0044661
:104F7000CDE9022101932D68A847DDE901322046E1
:104F80000399FFF7A5FB23685B68204605B0BDE8E1
:104F90003040184730B5044685B004F1080502F0EA
:104FA000C9FB29466846F6F7D4FE2846CAF716FE1E
:104FB000E0690023C4E9053308B103F063FB02F0A4
:104FC000CFFB039B13B11B68684698476846CAF736
:104FD00005FE05B030BD0000002204494260C0E972
:104FE00005220160C2610284704700BFACAD0700BA
:104FF000074B10B503608369044623B10549064891
:10500000262202F0EDFA0830CAF7E8FD204610BD6E
:10501000ACAD07005CAD070085AD070070B5044678
:105020000E4602F087FBA56965B104F10800CAF7D6
:10503000D5FD00230122636184F82020E36184F818
:105040002160A36102F08CFB2DB121462846BDE80A
:10505000704000F02EB970BD08B103F093BA02F0B1
:1050600069BB08B103F0ACBA02F07ABB2DE9F0419C
:10507000044686B00E46174602F05CFBA56902F0B6
:105080006FFB35B301AD0021284603F0D5FA02F0DD
:1050900051FBD4E9068323B10F491048392202F0AD
:1050A0009FFAE56102F05CFBB8F1000F0ED03946C3
:1050B000284603F0C9FA48B93046FFF7CDFF20462D
:1050C0000121FFF7ABFF3046FFF7CBFF284603F087
:1050D000DCFA06B0BDE8F0815CAD070093AD0700D7
:1050E0000022C0E90122012201600273704770476B
:1050F000037B33B1D0E90023126893428CBF0023B5
:105100000123184670472DE9F0410468012606FA8C
:1051100001F10023271D82EA060E17F813400C4206
:1051200004D004F030043AB1102C07D10233202B04
:10513000F3D14FF0FF300DE0002CF7D0D0F808C0CD
:1051400042EA030506FA05F818EA0C0FEED1202C06
:1051500002D02846BDE8F0814EEA030406FA04F4C2
:1051600014EA0C0FF5D0E1E770B50D4611462A465A
:1051700004461E46FFF7C7FF002802DA002020730E
:1051800070BD25686368420805EB8205E98819440B
:105190006B7906FB031363600121A36881400B4315
:1051A00042EAC010A360C0B2EAE713460A460121F2
:1051B000FFF7DABF13460A460021FFF7D5BF13B544
:1051C0000A46019100210446FFF7EFFF019A0021F2
:1051D000204602B0BDE81040FFF7ECBF0022C0E956
:1051E0000022704770470068704700230B604368D7
:1051F00013B90160416070471960FBE703682BB188
:105200001A6802B94260026000221A6018467047AC
:1052100010B50468002223468B420ED10AB10B68F8
:1052200013608C4204BF0B68036043688B424FF0ED
:10523000000308BF42600B6010BD002BFCD01A4673
:105240001B68E9E710B50446FFF7C8FF204610BD0C
:1052500008B5FFF7C8FFB0FA80F0400908BD70B587
:1052600005462846FFF7BFFF044678B150F8043CD6
:10527000061F9B683046984740B12846FFF7BEFF9F
:1052800054F8043C3046DB689847EAE770BD70B5D7
:1052900004460D46FFF7A7FFAC610646291D2046D0
:1052A000FFF7A3FF26B92046BDE87040FFF7D7BF40
:1052B00070BD70B505460C46FFF795FF064604B174
:1052C000043421462846FFF7A3FFA64204D128460E
:1052D000BDE87040FFF7C3BF70BD10B5044620465F
:1052E000FFF781FF28B150F8043C0438DB68984789
:1052F000F5E710BD10B50446FFF7EFFF2046FFF7B6
:1053000071FF204610BD7047704703689B6D1847BA
:1053100070B586B0154B01930023ADF808308DF8B9
:105320000A3040F20123ADF8123040F2031390F836
:10533000204341680289ADF8143000F10A038DF86A
:105340000B400391ADF8102001AC05AE1D4622467E
:1053500003CAB24218605960144603F10803F6D13B
:1053600012881A80284606B070BD00BF12010002E4
:105370000048704794B0070000487047CCB0070061
:105380000048704798B0070000487047DEB007003B
:1053900000487047C4B0070000487047AEB007002F
:1053A000036810B504465B6F9847D4F8EC020368B5
:1053B0001B6F9847236820469B6FBDE81040184735
:1053C00038B5D0F83433012B044610D10025D4E988
:1053D000C93000F0010203B94AB14110C4E9C9550E
:1053E00004EB60000AB16258D3589847EFE7D4F84D
:1053F00034332BB90649074840F2C66202F0F0F890
:10540000013BC4F83433BDE8384002F0A9B900BF0D
:10541000BCAD0700E7AD070008B5D0F834332BB9B1
:105420000349044840F2CD6202F0DAF808BD00BF3B
:10543000BCAD0700E7AD070010B5044602F07AF9ED
:10544000D4F834330133C4F834332BB90349044856
:105450004FF4D76202F0C4F810BD00BFBCAD070026
:10546000E7AD0700036837B5DB6F0D460446984784
:1054700015F0700F01D12B0706D1002310491148F8
:1054800000931A4602F0D0FA6B0003F01E0343EAC1
:10549000D5118B1E182000FB034393F831206AB10D
:1054A000013900FB0140013A043083F83120C36820
:1054B00023B11B6803B0BDE83040184703B030BDCE
:1054C000F3AD070004011580036873B50446DB6F74
:1054D0009847B4F8F8120B0A022B25D0032B56D0AC
:1054E000012B04D1236820461B6B984708B9002084
:1054F00018E0236820461B6B98470678122EF6D1D9
:10550000236820461B6B98474578012DEFD123680F
:10551000C4F804631B6B2046984784F80853C4F80A
:105520000003284602B070BD2368C9B25B6B0191CD
:10553000204698470028DAD0236801995B6B204603
:10554000984703780199092BD1D1236820465B6BDA
:10555000984743780199022BC9D1236820465B6B99
:105560009847236885785B6B019920469847C378F4
:10557000019945EA03252368C4F804535B6B204670
:105580009847C4F80003012084F80803CAE7C9B2A9
:105590000529ACD8DFE801F0030F19232D37236864
:1055A00020469B6B98470378C4F8043323689B6BB1
:1055B00020469847E5E723682046DB6B9847037849
:1055C000C4F804332368DB6BF2E7236820461B6CC6
:1055D00098470378C4F8043323681B6CE8E7236812
:1055E00020465B6C98470378C4F8043323685B6CEF
:1055F000DEE7236820469B6C98470378C4F80433A1
:1056000023689B6CD4E723682046DB6C98470378BB
:10561000C4F804332368DB6CCAE70B78DB0913702A
:105620000B78C3F3411353700B7803F01F0393708F
:105630004B78D3704B8893808B88D380CB88138131
:1056400070470000036870B504465B6F0D469847CD
:1056500094F80C33022B05D009490A4840F23D1258
:1056600001F0BEFF084BC4F824330023C4F82833EC
:10567000236884F8105320469B6FBDE8704018479C
:10568000BCAD070012AE07006D5B060038B50368BD
:105690000446DB6F984794F8083313B10025284679
:1056A00038BDD4F8EC0203685B6C9847D4F8042347
:1056B0009042F3D8D4F80013121A0144C4F800132E
:1056C000C4F80423A2B994F80A53022384F80C33D3
:1056D00045B1236884F80A239B6E04F53D7120468A
:1056E0009847DCE701212046FFF7ACFF0125D6E70C
:1056F000D4F8EC02D4F820430368A2421B6C28BF04
:1057000022469847F2E70000036813B50446DB6FB2
:10571000984794F81C33012B06D800230F490093B7
:105720001A460F4802F080F994F80C3323B1002395
:105730000C4900931A46F4E794F80B33032B0BD073
:105740002046FFF7A3FF38B9D4F8EC020368DB6CFE
:1057500002B0BDE81040184702B010BD3DAE0700D2
:105760000E01158065AE070038B503680446DB6F8F
:10577000984794F80833012B3BD1D4F8045335B93A
:1057800094F809330BB901252CE084F80953D4F8B7
:105790002033D4F8EC02D4F800139D4228BF1D46F4
:1057A00003682A469B6C9847D4F800332B44C4F80E
:1057B0000033D4F804335B1BC4F80433002BE2D16C
:1057C00094F80923002ADED194F80A53022384F8BE
:1057D0000C334DB1236884F80A239B6E04F53D71A8
:1057E00020469847284638BD01212046FFF72AFF6A
:1057F000C9E70025F6E70000036813B50446DB6F30
:10580000984794F81C33012B06D800230B490C4809
:1058100000931A4602F008F994F80B33032B0BD0CF
:105820002046FFF7A1FF38B9D4F8EC020368DB6C1F
:1058300002B0BDE81040184702B010BD3DAE0700F1
:105840000E011580036870B504465B6F0D469847DE
:1058500094F80C33032B05D009490A484FF4C3725E
:1058600001F0BEFE084BC4F824330023C4F82833EB
:10587000236884F8105320469B6FBDE8704018479A
:10588000BCAD0700AFAE07002B66060010B503687D
:105890000446DB6F9847012004F21D33C4F800333F
:1058A000C4F8040384F8080310BD036810B5044667
:1058B000DB6F984794F81C33042B01BFB4F82E33E8
:1058C000A4F8FA32012004F54C7303BFC4F8003386
:1058D000C4F8040384F80803002010BD036810B561
:1058E000DB6F04469847042384F80C33236894F84C
:1058F000F8221B6FB4F8FA1220469847012010BD19
:10590000036870B504465B6F0D46984794F80C33F6
:10591000042B05D009490A484FF4EB7201F060FEF0
:10592000084BC4F824330023C4F82833236884F8D0
:10593000105320469B6FBDE870401847BCAD070070
:10594000DBAE0700FD5B0600036810B50446DB6FA5
:10595000984794F81C33042B02D0B4F8FA3233B9C8
:1059600094F8F632012B25D0022B02D023B300206D
:105970001FE0B4F8FA2222F08F03002BF7D112F0C7
:105980000F030CD0530003F01E0343EAD213023B73
:10599000182202FB034393F83030C3F34003074A55
:1059A000C4F80023138001200223C4F8043384F8D0
:1059B000080310BD0023F2E70123F0E7AC6E0120DD
:1059C00010B50368044690B0DB6F9847D4F8EC023A
:1059D000D4F8202303686946DB6B984704F53D72D1
:1059E00069462046FFF719FE0023C4F80833C4E9CE
:1059F000C033012384F80C33236811465B6E98474B
:105A000010B010BD036813B50446DB6F984794F8D7
:105A10001C33012B06D800230A490B4800931A4671
:105A200002F002F894F80C23012384F82C332AB9ED
:105A3000204602B0BDE81040FFF7C2BF84F82D3306
:105A400002B010BD3DAE07000E0115802DE9F041FA
:105A50001D46036804465B6F0F461646984794F848
:105A60000C33012B05D00B490B4840F2BA2201F050
:105A7000B7FD0A4BC4F824330023C4F82833236845
:105A800084F81073C4E9C56520469B6FBDE8F041FA
:105A9000184700BFBCAD070003AF07009F640600B6
:105AA000036870B50446DB6F9847B4F8FC2292B3E4
:105AB00094F8F41294F80833012925D1012B06D06B
:105AC000D4F8EC020368DB6CBDE870401847D4F8EA
:105AD0000433934201D9C4F804230129D4F80433D0
:105AE00026D1934208D2D4F82023B3FBF2F002FB74
:105AF00010330BB984F80913022384F80B332046C2
:105B0000BDE87040FFF730BE002BD9D1D4F8043384
:105B10009342E2D0D4E7D4F8EC02D4F8042303682B
:105B2000002AD0D1032184F80B139B6C11460EE0A0
:105B3000D4F8EC020122016884F80B23D4F8202366
:105B40000D6CD4F800139A4228BF1A462B46BDE8C4
:105B50007040184710B503680446DB6F9847002370
:105B600084F82D33032384F80B3310BD036810B57C
:105B7000DB6F04469847002284F80C2394F82D2309
:105B800094F8103322B12046BDE81040FFF7E2BF81
:105B900033B9D4F8EC020368BDE81040DB6C184759
:105BA00094F80B33012B0AD1D4F8EC02032384F8C8
:105BB0000B3303689B6CBDE8104011461847022B5D
:105BC00007D1D4F8EC02032384F80B3303681B6C71
:105BD000F1E710BD036810B5DB6F0446984700235A
:105BE00084F82C3394F80C3323B92046BDE81040D8
:105BF000FFF7B0BF012384F82D3310BD036810B543
:105C0000DB6F04469847002284F80C2394F82D2378
:105C100094F8103322B12046BDE81040FFF79ABF38
:105C200063B1B4F8FA32A4F82E33B4F8F83284F839
:105C300030332046BDE81040FFF732BFD4F8EC0205
:105C40000368BDE81040DB6C1847036810B50446D4
:105C50005B6F984794F8F03283B9D4F8EC0203688C
:105C600021469B689847D4F8EC02036840219B6B5F
:105C700098470123C4F8200384F8F03223682046B3
:105C80009B6FBDE81040184738B5036804465B6F4A
:105C9000984794F81C53236820469B6FEDB29847B1
:105CA0002B1F5842584138BD036810B55B6F04463E
:105CB00098472046FFF7C9FF94F8F1323BB9D4F872
:105CC000EC0203685B699847012384F8F13223688A
:105CD00020469B6FBDE81040184700002DE9F04FAB
:105CE000904685B002680391526F0293DDF83890B8
:105CF00005469047039911F0700F03D111F00F0F73
:105D0000029B06D100232B492B4800931A4601F031
:105D10008BFE95F8F2723FB92B6828469B6F984727
:105D2000384605B0BDE8F08F4C0004F01E0444EA8C
:105D3000D114A61E4FF0180B0BFB065A9AF8302010
:105D4000D20705D51D491E484FF48E6201F048FC6C
:105D5000B8F5806F04D919491A4840F27142F5E745
:105D6000D5F8EC020268176D4246B847074600288E
:105D7000D2D0601E0BFB0050043048450BD002907F
:105D8000C9F72CFFD9F80C30CAF828301BB15B6872
:105D9000029849469847182303FB065696F8303078
:105DA000A6F82C8043F0010386F83030002386F8F3
:105DB0003130B1E7F3AD070004011580BCAD070039
:105DC00026AF070048AF0700D0F8EC0203685B6B12
:105DD00018470000F8B50F461949044640F81C1B47
:105DE0000025064604F53B71F5601836B142FBD13B
:105DF000E380BDF818302381A28000214FF4347273
:105E00000DF06EFD2822002104F53D700DF068FDB7
:105E10000123C4E9C855C4E9CA55C4F8EC72A4F812
:105E2000F05284F8F252C4F8345384F8305384F8B2
:105E30001C3384F81D5384F81E532046F8BD00BF60
:105E400014B0070038B503685B6F0D4604469847E9
:105E50002B071FBF6B0003F01E0343EAD5118B1EF7
:105E60001BBF182202FB0343D4F820539D8D2368E7
:105E700020469B6F9847284638BD00000368F7B559
:105E80005B6F0E460546984736F08F0701D1320703
:105E900006D100231749184800931A4601F0C4FDA3
:105EA000740004F01E0444EAD6141823023C03FBD9
:105EB000045494F83030DB0709D42846FFF7E4FE99
:105EC00080B10E490E4840F28C5201F089FB94F8E3
:105ED00031303BB1D5F8EC0203683146DB6E9847B0
:105EE00084F831702B689B6F284603B0BDE8F04002
:105EF000184700BFF3AD070004011580BCAD0700D3
:105F000060AF0700036873B55B6F0E4604469847A1
:105F100016F0700F01D1310706D100231A491B4832
:105F200000931A4601F080FD750005F01E0545EA54
:105F3000D6151823023D03FB054595F83030DA07E6
:105F400009D42046FFF7A0FEB0B11149114840F234
:105F5000CC4201F045FB43F0020385F83030D4F821
:105F6000EC02036831469B6D984795F831301BB1C0
:105F700031462046FFF782FF23689B6F204602B020
:105F8000BDE87040184700BFF3AD0700040115805D
:105F9000BCAD070060AF0700036810B50446DB6FB7
:105FA000984794F81C33042B02D0B4F8FA32A3B902
:105FB00094F8F632022B10D1B4F8FA1231F08F00B7
:105FC0000BD111F00F030AD0B4F8F83223B92046F0
:105FD000C9B2FFF797FF012010BD0020FCE718466B
:105FE000FAE700000368F7B55B6F0E460446984772
:105FF00016F0700F01D1310706D100231C491D484E
:1060000000931A4601F010FD750005F01E0545EAE3
:10601000D615023D182707FB054393F83020D20719
:1060200009D42046FFF730FED0B11349134840F29F
:10603000F14201F0D5FA93F831301BB131462046D8
:10604000FFF71CFF07FB0545314695F8303023F07C
:10605000020385F83030D4F8EC020368DB6D984712
:1060600023689B6F204603B0BDE8F040184700BF8F
:10607000F3AD070004011580BCAD070060AF070059
:10608000036810B50446DB6F984794F81C33042B63
:1060900002D0B4F8FA32A3B994F8F632022B10D138
:1060A000B4F8FA1231F08F000BD111F00F030AD0BF
:1060B000B4F8F83223B92046C9B2FFF793FF0120A4
:1060C00010BD0020FCE71846FAE700002DE9FF416B
:1060D0009846036803920E465B6F0746984736F072
:1060E0008F0403D116F00F0F039A06D10023204925
:1060F000204800931A4601F097FC750005F01E0534
:1061000045EAD6151823023D03FB057595F8303096
:10611000DB070AD43846FFF7B7FD044688B11649B5
:10612000164840F2AF5201F05BFAAB8D434505D9FA
:1061300013491448009423462246DCE795F83110B1
:1061400039B13B6838469B6F9847204604B0BDE89C
:10615000F081D7F8EC0201680C6E3146A047044686
:106160000028EED095F83130013385F83130E8E77A
:10617000F3AD070004011580BCAD070060AF070058
:106180006EAF070005011580036837B55B6F0D46DC
:106190000446984715F0700F01D12A0706D1002355
:1061A0001549164800931A4601F03EFC6B0003F0B7
:1061B0001E0343EAD513023B182202FB034393F864
:1061C0003030DB070AD42046FFF75EFD054660B19C
:1061D0000B490C4840F2E95201F002FAD4F8EC0203
:1061E000036829465B6E98470546236820469B6FE7
:1061F0009847284603B030BDF3AD07000401158071
:10620000BCAD070060AF07002DE9FF419846036869
:1062100003920E465B6F0746984736F08F0503D111
:1062200016F00F0F039A06D100232249224800934B
:106230001A4601F0F9FB740004F01E0444EAD61477
:106240001823023C03FB047494F83030DB070AD4B3
:106250003846FFF719FD054688B11849184840F23D
:106260000A6201F0BDF9A38D434505D215491648D0
:1062700000952B462A46DCE794F831303BB13B6869
:1062800038469B6F9847284604B0BDE8F081D7F8A0
:10629000EC02036831469D6E4346A847054638B177
:1062A00094F83130A4F82E80013384F83130E6E7D9
:1062B000E085E4E7BFAF070004011580BCAD07002F
:1062C00060AF0700DDAF070005011580036837B533
:1062D0005B6F0D460446984715F0700F01D12907F2
:1062E00006D100231249134800931A4601F09CFB83
:1062F0006B0003F01E0343EAD51118228B1E02FB2C
:10630000034393F83020D2070AD42046FFF7BCFCA1
:10631000054630B10849094840F2496201F060F988
:10632000DD8D236820469B6F9847284603B030BD1B
:10633000F3AD070004011580BCAD070060AF070096
:10634000036870B50446DB6F0D46984794F81C232C
:1063500084F81C53AA42D3B226D0032B09D9032DAB
:106360008CBF00260126012B05D9012D03D88EB143
:1063700003E00026F7E786B100264FF434720021CF
:1063800004F11C000DF0ACFA002384F81D3384F8EE
:10639000F23216B12046FFF71DFC2368294620463D
:1063A0001B6EBDE87040184770BD036810B5044609
:1063B000DB6F9847D4F8EC0294F8F8120368DB6AB4
:1063C0009847B4F8F8322BB902212046FFF7B8FFFE
:1063D000012010BD0321F8E7036810B50446DB6F08
:1063E000984794F8F81284F81D1351B9D4F8EC02C8
:1063F00003681B6A984703212046FFF7A1FF01208D
:1064000010BD012384F8F232032384F80C3323688F
:106410002046DB6E9847F2E7036810B50446DB6F51
:10642000984794F8F532C3BB94F8F7320B2B34D865
:10643000DFE803F0060B331033151A331F24292E1F
:106440002046BDE81040FFF77FBA2046BDE8104067
:10645000FFF716BE2046BDE81040FFF79DBD204661
:10646000BDE81040FFF7A1BF2046BDE81040FFF790
:106470002BB82046BDE81040FFF708BA2046BDE81B
:106480001040FFF7A9BF2046BDE81040FFF70DBA46
:106490002046BDE81040FFF721BA002010BD036878
:1064A00010B5DB6F04469847002084F80C0394F87D
:1064B0002D0394F81033D4E9C52190B1012B0BD8EA
:1064C000022384F80C33236804F53D7120469B6E4B
:1064D000BDE81040012218472046BDE81040FFF7F4
:1064E00039BB042B12D12046FFF796FF30B9D4F800
:1064F000EC020368BDE81040DB6C184794F80C33DD
:1065000073B92046BDE81040FFF7CABA032BEED09E
:106510000120C4E9C02184F80A0384F80833F0E7B5
:1065200010BD036810B5DB6F044698472046022172
:10653000FFF706FF002384F81E332046FFF74AFBCF
:1065400023682046DB6DBDE810401847036810B58E
:1065500004465B6F984794F8F1323BB1D4F8EC02F3
:1065600003689B699847002384F8F13294F81C3340
:10657000012B03D901212046FFF7E2FE002384F816
:106580001D3384F81E33236820469B6FBDE81040FE
:106590001847036810B504465B6F984794F8F032CB
:1065A00053B12046FFF7D2FFD4F8EC020368DB6852
:1065B0009847002384F8F032236820469B6FBDE89B
:1065C000104018470D4B70B5036090F8F032044648
:1065D0002BB10B490B4840F2625201F001F8FFF772
:1065E000D8FF04F53B7504F11C06B54204D0183DF4
:1065F0002846C9F7F3FAF8E7204670BD14B0070043
:10660000BCAD0700FEAF070038B503680D46DB6F71
:106610000446984745B994F81C332BB129462046C7
:10662000BDE83840FFF78CBE38BD036870B504463E
:10663000DB6F984794F82D3394F8106303B97EB953
:106640002046FFF721FB054650B901464FF434724E
:1066500004F11C000DF044F984F81D5384F8F25243
:10666000002384F80C3394F82D3323B12046BDE881
:106670007040FFF76FBAD4F8EC02036856B1DB69DB
:10668000984720460421FFF75BFE2046BDE8704096
:10669000FFF706BABDE87040DB6C184770B50E46D0
:1066A0000446154603F030F8013609D02046002193
:1066B00003F09EF829462046BDE8704003F076B806
:1066C00070BD000008B5431C04D10E490E482122BC
:1066D00000F086FF012351B11F2886BF0B4A00F04E
:1066E0001F004FF0A0428340C2F8083508BD1F28A4
:1066F00086BF064A00F01F004FF0A0428340C2F858
:106700000C35F3E788AB0700AD7C070000030050B1
:10671000F8B50F46044615461E4602F0F5FF013750
:106720000ED094F900003146FFF7CCFF204601213E
:1067300003F05EF829462046BDE8F84003F036B87D
:10674000F8BD0322FFF7AABF13460022FFF7E0BF00
:106750000022FFF7F9BF73B5164604461A460D46E8
:10676000069B6EB90193FFF799FF01350DD0019B90
:1067700094F90000194602B0BDE87040FFF7A2BFCF
:1067800002B0BDE87040FFF7C3BF02B070BD0000AB
:1067900000487047E4B00700024B1B680BB1024889
:1067A000184770476C640020E4B0070091F900308E
:1067B0005A1C01D118467047834201D1486870477E
:1067C0000C31F3E7421C13B504460AD0FFF7EEFF85
:1067D000431C06D10023044904480093224601F0DB
:1067E00023F902B010BD00BF10B1070030010180D5
:1067F00091F900305A1C01D118467047834201D1EB
:10680000886870470C31F3E7F8B5446894F8326053
:106810008EBB03685B689847226A82422BD023694B
:106820002062821A1A40A368A2FB03C194F93420A3
:10683000CAB1606A10EB0C0541F10001002A1BDBB4
:10684000C2F12000A2F1200325FA02FC01FA00F0B7
:1068500021FA03F34CEA000C4CEA030CD1400CFA89
:1068600002F2AA1A6262D4E90A3213EB0C0341EB7A
:106870000201C4E90A31F8BDE76833463A462846C2
:1068800009F04CF8844607FB10506062EBE7824247
:1068900006D98A420BD9884294BF00200120704754
:1068A000884206D98A428CBF00200120704701200F
:1068B00070470020704700002DE9F74347683B6BA5
:1068C00023F07F4929F0FF090646B9F1000F5ED198
:1068D000FFF79AFF7B68002B5CD0D3E90040D7E933
:1068E0000A23A242834105D333685B6903B0BDE844
:1068F000F04318477568D5E90A23A41AD5E905823B
:1069000060EB0300EB69A24283411ED3EB68A3FB5B
:10691000044103FB001195F933309BB1AA68501E66
:10692000001941F10001002B1DDBC3F1200CA3F184
:10693000200220FA03F401FA0CFC44EA0C0421FAC8
:1069400002F21443A04528BFA0462B6A08EB0302BD
:106950002B691A403B6A93420AD11449144840F209
:10696000C91200F03DFE4B4608F0D8FF0446E9E7A7
:106970003368019210461B69984733685B689847F3
:10698000019A0146386AFFF782FF0028ACD103B0B4
:10699000BDE8F0837B69386A3A69184433681B693B
:1069A000104003B0BDE8F043184700BF30B1070006
:1069B00057B107004368F7B593F830200546002A21
:1069C0007AD193F83230002B76D103681B68984750
:1069D0002B68DB69984703682BB93849384800931E
:1069E0001A4601F021F8374A1F461446B7FBF2F267
:1069F00004FB12722746002AF7D16E683149B1FBB9
:106A0000F4F11F22B1600127013A03D307FA02FC17
:106A10006145F9D186F83320B3FBF4F21F23F2600D
:106A2000012404FA03F7BA4201D0013BF9D286F8F7
:106A300034304068071F1C2F05D900232249234802
:106A400000931A46CDE720281CBF012383404FF056
:106A5000070404FA07F414BF03F1FF334FF0FF33C8
:106A600033617461E017A4FB0143002701FB00318F
:106A7000531E47F1FF3CE01841EB0C013B4608F088
:106A80004DFF2B68C6E90601C6E900775B689847A9
:106A90006B683062002101220020C3E90A015F62B5
:106AA00028461A8683F83270FFF7AEFE284603B0F8
:106AB000BDE8F040FFF700BF03B0F0BD7BB10700B9
:106AC0000E01048040420F0094B1070005010480CC
:106AD000F3B44568069C8C60C1E900236C6800270C
:106AE00034B9CC607FB9696002B0F0BCFFF7E4BE96
:106AF000666801962668B242019E73EB0606F0D3E3
:106B00002746E468ECE7F960D5E90A4194429941E7
:106B1000EAD202B0F0BC704738B505460C46FFF724
:106B200049FF00F007FE6B681C60BDE8384000F0CC
:106B300017BE70B5054600F0FDFDD5E90034DB68F1
:106B4000984794F832301BB1BDE8704000F008BEA1
:106B5000012384F831306368A3B12846FFF754FE5F
:106B60006368D4E90A62D3E9000186428A4109D305
:106B70006A68DB68526863602368002BEBD090681A
:106B80009847E8E7002384F831302846FFF794FE61
:106B9000DAE710B586B0CDE904210393089C029092
:106BA00000F0C8FD0298FFF72FFEDDE903320599DA
:106BB00002980094FFF78CFF06B0BDE8104000F08B
:106BC000CFBD38B505460C4600F0B4FD6A68536881
:106BD000A34209D1DB6853602846FFF76DFEBDE88C
:106BE000384000F0BDBD1346002BF8D0DA68A24251
:106BF000F9D1E268DA60F2E713B50446FFF7DAFE8E
:106C000000F098FD2046FFF7FFFD6368D3E90A0115
:106C1000CDE9000100F0A4FDDDE9000102B010BDE6
:106C200008B5FFF7E9FF08BD024B00221A7004F017
:106C300087BA00BFE86E012008B504F0EFF9024BF7
:106C400001221A7008BD00BFE86E0120004870479D
:106C5000D0B10700024B1B680BB1024818477047C0
:106C600070640020D0B1070091F90C2091F9041054
:106C700003F0C4BC024B1B6803B11847704700BF48
:106C8000286F012007B5019000F054FD019803B072
:106C90005DF804FB07B5019000F062FD019803B0B8
:106CA0005DF804FB00F046BD00F05ABD007B704764
:106CB00038B50D4B03600023C0E90131027304466F
:106CC0000A480D46FDF766F801F05CFC55B1084B2B
:106CD0001A6862601C600548FDF75CF801F070FC02
:106CE000204638BD6560F6E70CB20700306F012022
:106CF0002C6F0120144B10B5036004461348FDF7B8
:106D000049F801F03FFCA3682BB1114962680B6898
:106D1000A34212D10A600F4B0C481A68A24204BF6A
:106D200000221A60FDF736F801F04AFC237B13B904
:106D3000201F01F069FA204610BD19465B68A34286
:106D4000FBD14A60E7E700BF0CB20700306F0120BB
:106D50002C6F0120586F012010B50446FFF7CAFFC1
:106D60002046102101F04CFA204610BDF8B5064629
:106D700017480D46FDF70EF801F004FC154B1C6892
:106D800084B9072D1BD114482A4631460CF078FCF3
:106D9000A8B90F48FCF7FEFF01F012FC0F4B1C686E
:106DA0002046F8BDA76887B138460DF0C9F9A8425A
:106DB0000BD12A46314638460CF062FC28B904480B
:106DC000FCF7E8FF01F0FCFBEAE76468D8E700BFE6
:106DD000306F01202C6F0120FCB10700586F01209B
:106DE00000207047036870B51B690122002104462A
:106DF0009847051E0DDB236802221B6900212046EF
:106E000098472368064629461B6900222046984772
:106E10003546284670BD000070B50E460025C0E915
:106E200000550E49044630460DF0F8F9304403464B
:106E300029461A782F2A07D10133236049B9084916
:106E400008482A2200F0CCFB002AF6D00131013399
:106E5000EFE7FFF78BFF6060204670BD64B207006C
:106E600066B207008DB2070000687047406808B539
:106E700020B1FFF71BFF431E5842584108BD10B513
:106E80000446FFF7F3FF10B1606800B1043810BD8D
:106E9000406808B520B1FFF709FFB0FA80F040095B
:106EA00008BD10B50446FFF7F3FF10B1606800B1EC
:106EB000043810BD4068003818BF0120704700201A
:106EC0007047F8B503681B6D0D4604468F18984748
:106ED0002E46BE42236806D09B6C16F8011B204646
:106EE00098470130F5D1236820465B6D9847701BA9
:106EF000F8BDF8B503681B6D0E4604468F18984719
:106F00003546BD42236805D1236820465B6D98470E
:106F1000A81BF8BDDB6C20469847431CF4D005F84D
:106F2000010BEEE700207047704700000F4B13B5D0
:106F30000022044640F8043BFFF7BAFE0C4B2360E6
:106F400060336360002363610A49204601F0BAF9A7
:106F50000346606128B9009002460749074800F0DF
:106F600063FD00F02DFF204602B010BD1CB20700EB
:106F700014B3070096B2070099B207001901018007
:106F80000A4B03F10802683310B5044602604360FF
:106F900040690BF045FA064B23602046503340F819
:106FA000043FFFF7A7FE204610BD00BF0CB307004B
:106FB000B4B2070008B5024902488E2200F010FB67
:106FC0007CB30700A3B3070010B504460846FFF7DB
:106FD00013FEC4E90001204610BD000010B50446B0
:106FE000FDF7E6FE20460A4B40F8203BA169FFF77B
:106FF000EBFFD4E90823C4E90A2300220023C4E9F3
:107000000C230023C4E90E3384F84030204610BD21
:10701000D4B307004FF0FF30704738B590F83F50B9
:1070200004460DB1FFF7C6FFFDF7E2FE94F84030CD
:10703000A5872BB184F84050BDE8384000F0CEBDA4
:1070400038BD10B5044601F1300000F001FBC4E981
:107050000001204610BDD0E90C32013342F100029C
:10706000C0E90C32D0E90A3213F57A7342F100021A
:10707000C0E90A327047D0E90A2312F57A7243F167
:107080000003FDF7ABBE37B50D4604468969684677
:10709000FFF79AFFD5E90A3200980199C01A61EB0F
:1070A0000201B0F57A7F71F1000306D200220023BD
:1070B000C4E90023204603B030BDB0F5FA6F71F18A
:1070C000000301D20122F2E700294FF47A724FF057
:1070D0000003D8BF002108F021FCC4E90001E9E762
:1070E00091F83F30F7B505460C4613B991F83C606E
:1070F00026B112491248E52200F072FA6846FFF7FD
:10710000C2FFDDE900304FF47A71A3FB017201FB8D
:107110000022A663D4E90A16C91942EB0602C4E9A3
:107120000A12D4E90C125B1842EB00022846C4E9AB
:107130000C32C5E9003203B0F0BD00BF7CB30700DC
:10714000ADB30700F0B51E4690F83F3085B0044659
:10715000174623B11F492048582200F041FA90F801
:107160003C305BB9014602A8FFF7BAFF029BBB4265
:10717000039BB34104D3012384F83D3005B0F0BD37
:10718000214602A8FFF75DFF4FF47A73A7FB0321A6
:1071900003FB0613D4E90810521843EB000394F8DC
:1071A00040000121A18760B9A069006890F8200023
:1071B00038B984F84010CDE9002300F0F9FCDDE98E
:1071C00000230021204684F83E1005B0BDE8F040C1
:1071D000FDF704BE7CB30700A3B30700024B4FF0DA
:1071E00080625A60704700BF00ED00E008B50121E1
:1071F000383000F01BFA08B1FFF7F0FF08BD01239B
:1072000010B580F83F30836B04460BB1FFF7E6FF03
:107210002046FFF730FF10BD90F83C3010B5044613
:107220004BB1002380F83C3090F83E3013B9012375
:1072300080F83D3010BD90F83F30002BFAD0836BC2
:1072400001338363FFF7CAFF2046FFF704FF2046A0
:10725000FFF711FFEEE70000024B4FF000725A609B
:10726000704700BF00ED00E010B50446FDF7C0FD1B
:10727000002384F83F30FFF7EFFF10BD102300F02C
:1072800007B8202300F004B8302300F001B84023F1
:107290009C46F0B404AE7546E80801D3EFF30986C6
:1072A0000E4F0FCE0FC70FBC0FC740464946524680
:1072B0005B460FC71DCE3100A60A00D304316E090C
:1072C00000D248311FC7EFF309806946EFF31486F7
:1072D00063C76046014900F079F800BF5C6F012088
:1072E000F0B52C4E2C4F85B000243546214656F87B
:1072F000042B3846013400F001FA0D2CF6D1AB6CAA
:1073000002936B6C01932B6C244C0093D5E90E23F4
:10731000696B234800F0F2F92168224800F0EEF989
:10732000E16AA26AA36AA06A266BE76B000CCDE94A
:1073300001670090C3F307231B48D2B200F0DEF9C7
:10734000A36A1E0603D5616B184800F0D7F9A36A3B
:10735000180403D5A16B164800F0D0F9EB6C19079F
:1073600012D5144800F0CAF92B6DDA070FD5124870
:1073700000F0C4F9EB6C5B074CBF1048104805B037
:10738000BDE8F04000F0BAB90E4800F0B7F90E4879
:10739000EEE700BF5C6F0120D8B3070000ED00E00E
:1073A000E6B3070035B4070043B4070092B4070002
:1073B000A0B40700AEB40700BDB40700EDB40700E9
:1073C000F9B40700DDB40700CAB4070007B50446E6
:1073D0000D461A48012100F032F968BB184800F048
:1073E0008DF9302C19D0402C1CD0202C1FD11548E1
:1073F000154C00F083F9154800F080F9FFF770FF95
:10740000134800F07BF90D4B00221A70002311493C
:1074100000932A46204600F007FB0F480F4C00F06F
:107420006DF9E8E70E480F4C00F068F9E3E70E4805
:107430000E4C00F063F9DEE70024E7E76C700120F2
:1074400005B507002EB507003E01FF805BB50700BC
:1074500066B5070085B507003DB507003F01FF8011
:1074600046B507004001FF8051B507003D01FF8090
:10747000F8B515460C4699B151F8087C95B12846E7
:107480000BF0E4FD064648B1AF423A46214628BF1C
:107490002A460CF027F920460BF0E0FD3046F8BDF7
:1074A0000F46EBE72E46F9E713B54A431046019223
:1074B0000BF0CCFD044618B1019A00210CF010FA33
:1074C000204602B010BD000070B506461D481E4C97
:1074D0000D46FCF75FFC01F055F815F1090F2CD8AB
:1074E00005F1080130460BF0C1FD30B3A268174B1F
:1074F00005602A444360A260226923680132226148
:1075000062682B44934250F8042C88BF6360236068
:10751000002AA0F10403B8BF9B18A2691B68521B84
:1075200023F00103134400F10806A3610548FCF7AA
:1075300031FC01F045F8304670BD63690133636189
:107540000026F3E7CC6F0120B06F0120EFBEADDE67
:1075500000B572465DF804EBFFF7B6BF38B50546D7
:1075600019480C46FCF716FC01F00CF81CB354F853
:10757000042C164B9A4225D154F80C1C54F8082CB4
:10758000A4F10C030029B8BF5B181968002344F864
:10759000043C0F4B1868801A18601869013818618C
:1075A000986921F001010244521A9A61A4F108017C
:1075B00028460BF0AFF90448FCF7ECFBBDE8384077
:1075C00000F0FEBF2146F3E7CC6F0120EFBEADDE39
:1075D000B06F012000B572465DF804EBFFF7BEBF47
:1075E00007B50B46009201460022014800F01CFA44
:1075F0004401FF8003460122D3E84F0FC3E8412F27
:10760000C0B20029F8D17047D0E85F3F5B18C0E8EE
:10761000523F002AF8D198B27047D0E85F3F5B1A1A
:10762000C0E8523F002AF8D198B27047034653E8A9
:10763000000F401A43E80002002AF8D170470346C1
:10764000D3E84F0FC3E8421FC0B2002AF8D17047F9
:1076500013B5044600F06EF8D4E90001CDE900014D
:1076600000F07EF8DDE9000102B010BD08B500F0C1
:1076700061F8FEE773B5002201460446022000F0DF
:1076800049FC0D2600F056F80022254614F8013B6F
:1076900023B902B0BDE8704000F062B80A2B09D1EE
:1076A0000D2A07D001220DF1070102208DF8076095
:1076B00000F030FC01222946022000F02BFC14F8D7
:1076C000012CE2E700B5A3B002460B4601A88421D5
:1076D0000EF0FEF8832806D9074B1A681B79CDF8FF
:1076E00083208DF88730002802DD01A8FFF7C2FF54
:1076F00023B05DF804FB00BF95B507000FB407B5D4
:1077000004A951F8040B0191FFF7DCFF03B05DF809
:1077100004EB04B07047EFF31080C04300F00100A9
:107720007047EFF30580003818BF0120704701F063
:10773000DFBE000008B501F0CBFE064A1368591CF5
:1077400004D1054905483F22FFF74AFF0133136082
:1077500008BD00BFF46F01209AB50700C4B507004B
:10776000044A136823B1013B13600BB901F0B8BEA2
:10777000704700BFF46F012008B50B48FFF73AFFD0
:1077800028B1FFF7D7FFBFF34F8F20BFFDE7FFF70B
:10779000C8FF08B1FFF76AFFFFF7BDFF0028F9D067
:1077A000012000F008FB00BF347001202DE9B04338
:1077B0004B4C0F462168C1F34173032B0CBF4D4264
:1077C0008DB2C1F3074398B08146904645482A469A
:1077D000FFF794FF6FF498731D44132D0FD8DFE863
:1077E00005F00A6265686B716E740E0E0E0E0E0E59
:1077F0000E0E0E0E0E77A1683B48FFF77FFF48463E
:10780000FFF738FF61683948FFF778FF4FB1384814
:10781000FFF730FF3846FFF72DFF36484146FFF7A8
:107820006DFFA1683448FFF769FF2368334A1A44A3
:10783000012A05D9324A934202D0033A93424BD1EE
:10784000A06820B1C06C80F00800C0F3C000E368FD
:10785000002B43D059682B4A002908BF1146E26922
:107860000392A26902926269019222690092264DF6
:10787000264A002818BF2A462548FFF73FFF04A8DC
:1078800000F0CAFD079B01939DF818302168009312
:107890002048DDE90423FFF731FF1F48FFF72EFFE3
:1078A00018B0BDE8B083A1681C48A6E7A1681C48D1
:1078B000A3E7A1681B48A0E7A1681B489DE7A16852
:1078C0001A489AE7A1681A4897E7A168194894E707
:1078D0001948FFF713FF92E70020B8E70949BEE710
:1078E000387001200AB607005BB6070003B707002F
:1078F00014B707001CB7070020B70700C2FE007FBF
:107900004001FF80F5B50700FFB5070084B507000B
:1079100034B707008DB7070007B8070071B6070036
:1079200081B6070090B60700A3B60700B7B60700F8
:10793000CBB60700DAB60700F0B6070070470000C4
:1079400070B5294C8EB034EA200428BF04460D4699
:1079500016460021302202A80BF0C2FF234B0194EF
:107960002344012B039505D9214B9C4202D0033BB4
:107970009C4233D1EB6B02936B6B08931D4B5B699D
:107980000493DA6B05925A6B1B6B06920793FFF711
:10799000D1FE194A13680133012B136009D101ADDF
:1079A0000FCD164C0FC40FCD0FC40FCD0FC42B68D5
:1079B000236001AC0FCC124D0FC50FCC0FC50FCCFF
:1079C0000FC523682B600F4B1B68A5F1300043B136
:1079D0009847FFF7C5FE00200EB070BD029601ABC0
:1079E000CBE7FFF7ABFFF4E70101FF80C2FE007FAA
:1079F0004001FF80A0620020F86F0120007001208C
:107A000038700120FC6F012000207047014B18786E
:107A1000C0B270476C70012000B5114672465DF827
:107A200004EBFFF78DBF000080B506460C460A4800
:107A30000121F04617461D46FFF701FE48B94246B0
:107A400039463046FFF77CFF029A29462046FFF769
:107A5000ADFEFFF791FE00BF6C70012038B5064CFB
:107A600023683BB9FEF794FE044D01462846FFF714
:107A7000B5FA2560206838BDB8700120707001200B
:107A800008B5836823B9054B1B6893F83D0008BD12
:107A9000C06898470028F6D0F9E700BFB870012009
:107AA000F7B5194F04464FF0FF356FF000462046FA
:107AB000FFF7E6FF30BBD4E90023B34208BFAA4278
:107AC00002D03868FFF73EFB01A8FFF7DBF820463D
:107AD000FFF7D6FF98B9D4E90023B34208BFAA4202
:107AE00007D100F09FF801A8FFF7D4F8BFF36F8F1C
:107AF000DDE73B6893F83C30002BF2D1F3E701A8B7
:107B0000FFF7C8F803B0F0BDB870012030B587B0FA
:107B1000CDE902230A9B0C4D04930B9B059304466D
:107B2000FFF79CFF02A8FFF7BBFF2868FFF775FA75
:107B300068462968FFF7D4FADDE900232046C4E946
:107B4000002307B030BD00BFB87001202DE9F0411F
:107B5000DFF83C8086B005460E4604A8D8F8001031
:107B60001746FFF76EFAD8F80020DDE90443926B60
:107B7000A41A63EBE2732A1943F1000302A8CDE9CA
:107B80000067FFF7C3FF0298001B06B0BDE8F08155
:107B9000B870012010B5054C236813B9FEF7F8FD45
:107BA00020602068BDE81040FFF726B8C8700120AB
:107BB00013B5074C01212046FFF726FD034628B9DF
:107BC0000090228803490448FFF72EFF02B010BD41
:107BD000BC70012021B807002301048013B5094CB3
:107BE00001212046FFF719FD4FF6FF73984206D199
:107BF00000232288044905480093FFF715FF02B0CF
:107C000010BD00BFBC70012043B8070024010480F0
:107C1000034B188880B2B0FA80F04009704700BF6B
:107C2000BC700120F8B5FFF785FDFFF7B3FF0746ED
:107C3000FFF7EEFF0E460546A8B102F0EFFFFFF793
:107C4000A9FF04460A468DB10E4DD5E90031DB1B74
:107C500061EB06011B1942EB0101C5E90031BDE8EA
:107C6000F840FFF77DBD02F0B5FFE8E70649D1E92E
:107C70000030DB1B60EB06051B1942EB0502C1E976
:107C80000032ECE7C0700120D07001206FF01C00C2
:107C900070476FF015007047012070470020704753
:107CA00070470000034B186818B14FF0FF31CBF755
:107CB000EDB87047E0100120024B186808B1CBF70F
:107CC000FDB87047E0100120F8B5074F15460C4687
:107CD0008E18B44201D12846F8BD14F8011B38466D
:107CE00002F0FEFEF5E700BF6474012038B511F024
:107CF00001048DB205D0084802F028FF041E18BF09
:107D00000124EB0605D5044802F040FF08B144F019
:107D10001004204638BD00BF6474012010B504462D
:107D20000BF09CF9204610BD10B50C462AB1044852
:107D300002F094FE2070012010BD1046FCE700BF49
:107D40006474012038B5084B0360084B1B68044677
:107D5000154633B90648FEF787FF0548294602F065
:107D600063FD204638BD00BF80B90700D0740120F4
:107D7000647401200020704700207047074A0849BA
:107D800013681844884289BF064B10600C224FF0DC
:107D9000FF308CBF1A601846704700BF7465002022
:107DA00000FC03204C7A012008B508B1FFF75EFC07
:107DB000FEE70120704708B5FFF7F6FF0120704786
:107DC00000210BF09DBE08B5CBF7B6FF08BD08B586
:107DD000CBF7BAFF08BD000010B50446037803F0E6
:107DE0000303012B08D0FFF75DFF237803F00302A4
:107DF000012A03D1FFF760FF00200AE02AB10549FC
:107E000005484FF4D462FFF7EBFB43F00203237005
:107E1000012010BD61B807008DB8070008B50378D0
:107E200003F00302022A05D00749084840F2A9627C
:107E3000FFF7D6FB23F0030343F001030370BDE813
:107E40000840FFF739BF00BF61B80700ABB80700B3
:107E50003F2870B504462EDC184E56F820305A1CC8
:107E600013D1022811DCFFF787FF034658B92046DB
:107E7000FFF780FF034630B9114D2B68BFF35B8FCE
:107E8000DB0704D50F4B46F82430184670BD284652
:107E9000FFF7A2FF0028F5D00B490A484FF4E13262
:107EA000FFF750FF094A0A490648FFF782FF2846B4
:107EB000FFF7B4FFE6E70023E7E700BF74640020A4
:107EC000D870012084710120C8B90700006000202B
:107ED000A17C060038B50546FFF7BAFF0B4B00241E
:107EE00043F8254030B90AF02DFA092303604FF01A
:107EF000FF3038BD03685B699847051E04DA0AF055
:107F000021FA6D420560F2E72046F2E77464002032
:107F1000FFF7E0BF13B5CDE90021FFF799FFDDE9D9
:107F2000002140B90AF00EFA092303604FF0FF3434
:107F3000204602B010BD0368DB689847041EF7DADC
:107F40000AF000FA64420460F0E713B5CDE90021BD
:107F5000FFF77EFFDDE9002140B90AF0F3F90923BC
:107F600003604FF0FF34204602B010BD03689B68E9
:107F70009847041EF7DA0AF0E5F964420460F0E776
:107F800010B5FFF765FF044628B90AF0DBF90923AD
:107F90000360204610BD0368DB699847041EF8DAC9
:107FA0000AF0D0F9644204600024F2E737B54023B8
:107FB000CDF80100054668468DF800300AF052FC05
:107FC000044630B12846FFF7DBFF10B12046FFF72B
:107FD000F7FE204603B030BD2DE9F74F06460F46A9
:107FE0009046FFF79EFB054630B100232D492E48F1
:107FF00000933246FFF718FDFFF78DFB0028F4D001
:10800000B8F1000F09DA0AF09DF9162303604FF06A
:10801000FF34204603B0BDE8F08F3046FFF7B0FFD5
:10802000044640B1DFF884B0DFF884A01BF8069066
:108030002C46A84511DCA045EBDDA8EB040239195C
:108040003046FFF767FF0028E1DB24181FBF3F1908
:10805000164B17F8012C9A55DBE77A5D0A2A1CD1DA
:10806000B9F10D0F19D0AC420BDA2A1B3919304681
:10807000FFF750FF0028CADB0444A542C9DC0BF817
:108080000690012251463046FFF744FF0028BEDB30
:10809000BFD04FF00D030BF8063017F805900135EF
:1080A000C7E700BFE2B807002F0101801C71012063
:1080B0001CB90700FFF764BF7FB504460D4616469E
:1080C000FFF72FFB30B100231F49204800932246C1
:1080D000FFF7AAFCFFF71FFB0028F4D0002E07DAF9
:1080E0000AF030F9162303604FF0FF3004B070BD82
:1080F0002046FFF745FFF8B1154E01220DF10F01A3
:108100002046FFF722FF0028EEDBEFD09DF80F306E
:108110000D2B08D1325D0A2A0AD01A460A2332559D
:108120002B700120E2E70A2B04D1325D0D2AF3E720
:108130003355E2E71A46F2E732462946204604B0B4
:10814000BDE87040FFF701BF1EB907002F01018095
:10815000DC70012013B5CDE90021FFF779FEDDE9E0
:10816000002140B90AF0EEF8092303604FF0FF3414
:10817000204602B010BD03681B699847041EF7DA59
:108180000AF0E0F864420460F0E7FFF7E3BF38B5B7
:108190000D46FFF75DFE044630B90AF0D3F8092317
:1081A00003604FF0FF3038BD0368DB699847002853
:1081B00014BF4FF400534FF400436B602368204614
:1081C0009B6A984728610020EDE7FFF7E0BF0000B9
:1081D0001FB503900AF03AFF039A034620B90090B6
:1081E00003490448FFF720FC05B05DF804FB00BF1D
:1081F0005AB907001F0101800AF028BF0AF026BF04
:108200000AF02CBF0AF02ABF10B504460B48FBF752
:10821000C1FD00F0B7F90A4A4023002152F8040BCF
:10822000A04208BF42F8041C013BF7D10348FBF70A
:10823000B1FDBDE8104000F0C3B900BF5C71012082
:108240007464002010B51248FBF7A4FD00F09AF901
:10825000104B032453F824207AB10134402CF9D177
:108260000AF070F8182303600948FBF793FD00F04B
:10827000A7F94FF0FF34204610BD4FF0FF3243F80E
:1082800024200348FBF786FD00F09AF9F3E700BFCE
:108290005C7101207464002010B50446FFF7D2FF22
:1082A000002807DB044B054A43F820400023135401
:1082B000034A135410BD00BF74640020DC70012019
:1082C0001C71012073B506460191FFF7E5FF051EFD
:1082D00013DB0199FFF76AFE044630B9084B53F8E7
:1082E0002520964204D143F82500204602B070BDF7
:1082F0000AF028F809230360F7E70024F5E700BF38
:10830000746400200EB42DE9F04187B00190FFF7AE
:1083100099FF041E13DB00230199039304A8FEF7C1
:108320007BFD04A8FEF7C6FD1E4E054668B90AF09F
:1083300009F81323036046F824504FF0FF34204619
:1083400007B0BDE8F04103B0704704A8FEF7A0FDF8
:10835000074604A85FB1FEF7A4FD0390039B124AF1
:1083600046F8243000231355104A1355E7E7FEF76B
:1083700086FD05460028DAD0036804A8D3F80880F3
:10838000FEF772FD0D9B024603A92846C04705462D
:108390000028E3D009F0D6FF6D42056046F824704E
:1083A000CBE700BF74640020DC7001201C71012049
:1083B00070B50E46154905460BF046FD044618B942
:1083C000FFF746FD204670BD114928460BF03CFDE5
:1083D00020B90120FFF73CFD0124F3E70D492846B1
:1083E0000BF032FD20B90220FFF732FD0224E9E74D
:1083F0002B78402B02D1D5F80140E3E726F48031F9
:108400002846BDE87040FFF77DBF00BFE8B9070010
:10841000EFB90700E0B9070010B5044620B90F49CD
:108420000F489022FFF7DCF84C22002104300BF0BB
:1084300057FA4FF23C0323604FF0005323614FF48F
:10844000802323624FF480132364064B1B68636010
:1084500002232372044BE36010BD00BFF7B907008D
:108460001EBA070000ED00E078AE010070B50446CA
:10847000FEF7ECFB0646FEF7D3FB05463046FEF75B
:10848000CFFB431BA342F9D370BD00001FB50023EF
:10849000CDE90013031D044602936846102303939D
:1084A000C9F76EFD206020B9034904483522FFF763
:1084B00097F804B010BD00BF2CBA070051BA0700EE
:1084C00010B503490446FFF7E1FF204610BD00BF89
:1084D00055BA07000068C9F76BBD10B504460068BF
:1084E000C9F7C4FD204610BD10B49DF804400CB976
:1084F00042F0020200685DF8044BC9F789BD07B578
:10850000009313460122FFF7EFFF03B05DF804FB71
:10851000FFF7F5BF07B5009313460022FFF7E4FF0E
:1085200003B05DF804FBFFF7F5BF00001FB50023A3
:1085300003620D4B002918BF0B460093031D0293E5
:108540001C230446039368460B230193CAF786FC59
:10855000206038B9FFF75AFA20B9044904483D228F
:10856000FFF73EF804B010BD75BA07008FBA0700D8
:10857000AFBA070010B500210446FFF7D7FF204629
:1085800010BD000037B504464FF0FF310068CAF750
:108590007DFC054620B9236A0133236203B030BD58
:1085A000FFF734FA03460028F8D103490348009343
:1085B0002A46FFF739FA00BFD3BA07001501028037
:1085C000036A013B13B503620068CAF777FC0446EF
:1085D00048B1FFF71BFA034628B900900349044845
:1085E0002246FFF721FA02B010BD00BFE5BA07002E
:1085F0001701028010B504460068CAF777FC2046D0
:1086000010BD00001FB504460023CDE90033231D33
:10861000104602936A4610230393CAF793FD206025
:1086200020B9034903483722FEF7DAFF04B010BD32
:10863000F9BA07001DBB070010B54FF6FF720446DC
:10864000FFF7E0FF204610BD13B500680C46CAF7DF
:1086500091FD024670B1C11C4FF0000006D15CB123
:108660000090064906480023FFF7DEF9931CF7D176
:1086700002B010BD0120FBE72046F9E72CBB070044
:10868000140102800068CAF79DBD10B50446006859
:10869000CAF7C6FD204610BD08B538B1C9F71EFBA4
:1086A00020B103490348E322FEF79AFF08BD00BF4B
:1086B00045BB0700EFBB0700FFF7EEBFCBF746BA9D
:1086C000036910B504462BB90B490C484FF4FD72F1
:1086D000FEF786FF1B680430984704F15400FFF74B
:1086E00051FF00236361012384F83D3004F1400011
:1086F000BDE81040FFF7C6BF58A0070087A00700DD
:108700002DE9F047DDE9085799466B07044618BF85
:1087100025F00706884692464FF000014FF04402CC
:1087200000F1780014BF08362E460BF0D9F8B5FAE0
:1087300085F300215B0984F83C30616184F83D10C9
:10874000202204F11C000BF0CBF805EB09039D1B64
:10875000074BC4F830A025F00705002F08BF1F46BF
:10876000E562A761A662C4F83480BDE8F08700BF67
:10877000FEBB070013B5049CCDE9003413460A463E
:108780000021FFF7BDFF02B010BD000073B5044625
:1087900000F1540528460E46FFF7F4FE636913B94D
:1087A00094F83D3033B12846FFF70AFF6FF003001D
:1087B00002B070BDD4E90A30002B32D02749002323
:1087C000E26AB3EB920F3FD34423201D6362B042B1
:1087D00004F17803236209D00190C7F7FFF9F36829
:1087E00023611BB15B680198314698471C4804F12E
:1087F00018022146CBF77EF9606150BB94F83C30FB
:108800002BB1A06A08B1FFF7FDFC0023A362284644
:10881000FFF7D6FE04F14000FFF734FF6FF00200CF
:10882000C6E7104B1049984294BF20F003004FF068
:10883000FF30FFF7E3FCA0620028BFD12846FFF716
:10884000BFFE6FF00400B3E7A26A42F823100133C1
:10885000B6E72846FFF7B4FE0020A9E7A52E5AE2A6
:10886000C1860600FBFFFF7F04C2070070B500F160
:10887000540504462846FFF785FE04F1400066696A
:10888000FFF700FF0023636194F83D302BB1002413
:108890002846FFF795FE204670BD012384F83D3041
:1088A000002EF4D03046CBF767F90446F0E700001D
:1088B00010B50D4B03600446FFF7D8FF94F83C3029
:1088C0002BB1A06A08B1FFF79DFC0023A36204F15D
:1088D0005400FFF78FFE04F14000FFF7D6FE201D85
:1088E000C7F77CF9204610BD24BC070010B504462C
:1088F000FFF7DEFF2046BC21FFF782FC204610BDBB
:1089000013B5044654300190FFF73CFE64690198AA
:1089100014B1A26B246B141BFFF752FE204602B069
:1089200010BD4FF08043D3F8383413F0010004D069
:1089300013F0020F14BF022001207047704708B5E2
:10894000FFF7EFFF012804D0FFF7EBFF831E58422B
:10895000584108BD7047012303727047002303721A
:108960007047704700487047A8BD070010B5F42154
:108970000446FFF745FC204610BD08B500234372AE
:1089800003F06AFD08B104F0DDF803F05BFD18B1F7
:10899000BDE8084004F0F8B808BD03F0C5BD70B5E7
:1089A0004C00E4B2054604EBD11408460C214C43BC
:1089B00004F11C06A919002625444E608E60C5E905
:1089C000072303F0C7FDB0FA80F0400970BD70B511
:1089D0004C00E4B2054604EBD11408460C214C438C
:1089E00004F11C01294400262C444E608E60C4E929
:1089F00007231BB9636A43F00103636203F0AAFD16
:108A0000B0FA80F0400970BD002003F017BE0846A0
:108A100003F014BE03F0ADBE13B514460846019131
:108A200004F0FEF80198A1B203F024FD019802B011
:108A3000BDE8104003F068BD01F07F03082B07B5C7
:108A4000084603D0019103F01FFE019803B05DF8C2
:108A500004EB04F0B3B8084603F008BE10B50846AE
:108A60000C4603F00FFE10B1204604F02DF920460D
:108A700003F00AFE204604F0A1F82046BDE81040AD
:108A800004F0CEB8084603F029BF0000036810B513
:108A90009B690446984703F0EFFB20B1074908485B
:108AA0008422FEF79DFD04F0A7FC63680BB1FFF77D
:108AB00095F8044A00236360136010BDB8BC07003A
:108AC00018BD07009871012008B501234372FFF714
:108AD00028FF012810D103F0B5FC08B903F0DCFB36
:108AE000FFF71FFF022807D103F0B6FC20B9BDE84D
:108AF0000840012003F07ABC08BD000038B51E4BC9
:108B0000802204460D46C3F88420BFF34F8FBFF385
:108B10006F8F43680BB9FFF74BF86560002004F0D6
:108B200047FC20B1582215491548FEF759FD154854
:108B300004F07EFC144803F0A3FC054608B164224F
:108B4000F1E7402103F096FC4021802003F092FCE5
:108B50000E4B0F4A1C600F4B0F491D70D2F8303579
:108B600043F00103C2F83035272000F01FFABDE8BA
:108B7000384004F063BC00BF00E100E0B8BC07006F
:108B800018BD0700ECBD0700D58E060098710120C6
:108B90000070024094710120398F060013B50B4616
:108BA000F9B9F2B990F9121000291ADA802003F00D
:108BB00047FD164B70B1D3F8002242F00402C3F80F
:108BC0000022134B01221A70124B8022C3F8042199
:108BD00002B010BD01221A65BFF36F8FBFF34F8F34
:108BE000EFE7002400F11C01C0E907324462019163
:108BF00003F07CFD0199204603F0ACFC0028E7D08F
:108C00000549064840F24312FEF7EAFC00700240B4
:108C10009471012000E100E0B8BC070018BD070016
:108C200010B50B4601BBFAB9018B19B190F91210BE
:108C3000002919DB002003F003FD164B68B1D3F8BF
:108C4000002242F00402C3F80022134B01221A70E2
:108C5000124B8022C3F8042110BD01221A65BFF314
:108C60006F8FBFF34F8FF0E70024C0E90A3200F1A5
:108C7000280104631AB9036B43F0010303638020E6
:108C800003F068FC0028E7D00549064840F271125D
:108C9000FEF7A6FC007002409471012000E100E0A4
:108CA000B8BC070018BD0700044A026000224260F9
:108CB0000281827201220274704700BF34BD070036
:108CC00010B50B4C2368BFF35B8FDB070ED4204637
:108CD000FFF782F850B107480749FFF7E5FF074A59
:108CE0000448FFF766F82046FFF798F8014810BDE2
:108CF000907101209C7101203D89060000600020D8
:108D000010B5044603F010FC03F030FD064A0023C2
:108D10008021A372C2F88411044AC2F8FF3FBFF356
:108D20006F8FBFF34F8F10BD00E100E00060034084
:108D3000034B8022C3F884215A6004F07FBB00BF3C
:108D400000E100E0837A012B10B504464FD1037B8C
:108D5000062B1DD8DFE803F0150E04091C3D220088
:108D600040680368DB6901212CE040680368DB6927
:108D7000002127E0FFF7C4FF606803689B689847FD
:108D800006E0037A23B14068E18903681B6A9847CB
:108D90000023A372BDE81040FFF7CABFC37B002BBE
:108DA000F6D1807B03F06EFC0028F1D194F90E20FF
:108DB0006068A17B0368002A06DA4A0601D15B6974
:108DC000DDE79B6A9847E3E709B91B69D7E75B6A68
:108DD000F8E7802003F078FF002003F075FF04F12E
:108DE000120003F061FC60680368DB68C7E7022BD0
:108DF0001ED1037C012B0FD0022B11D0002BC7D129
:108E0000437A002BC4D003F01DFB08B903F044FAE9
:108E1000606803689B69A6E7406803689B69A7E7E9
:108E200003F01AFB0028B3D1012003F0DFFAAFE70B
:108E3000032BADD194F912204068002A0368BEDAF2
:108E4000C3E70000044B8022C3F88420BFF34F8F98
:108E5000BFF36F8F04F0F9BA00E100E013B50C46E0
:108E6000FFF7F0FF402C28BF4024A1B20020019161
:108E700003F000FB0199802003F0FCFAFFF758FF94
:108E8000204602B010BD37B5154604460191FFF7E4
:108E9000D9FF082D2A46019828BF082204F11201A3
:108EA0000AF020FC03B0BDE83040FFF741BF0000EE
:108EB00010B50446FFF7C6FF054B22681B685868CB
:108EC000DA6001229A720368BDE81040DB6A184735
:108ED00098710120024B1B680BB1FFF7E9BF704787
:108EE0009871012010B50446FFF7ACFF054B1B68D5
:108EF00058681C7402229A720368BDE81040DB6A4D
:108F0000184700BF98710120024B1B680BB1FFF797
:108F1000E9BF70479871012010B5FFF793FF054B2B
:108F20001B68586803229A720368BDE81040DB6A28
:108F3000184700BF9871012010B5074C237833B152
:108F4000064B1B680BB1FFF7E7FF00232370BDE85A
:108F5000104003F001BD00BF947101209871012001
:108F60000749084A084B9B1A03DD043BC858D050F8
:108F7000FBDC06488047064880470648004700005B
:108F800078CA070000600020E06F0020E98F06002B
:108F900091A0060041710200FEE7FEE7FEE7FEE752
:108FA000FEE7FEE7FEE7FEE7FEE7FEE7024B1030D6
:108FB00043F82010704700BF00000020024B103023
:108FC00053F82000704700BF000000204FF080538E
:108FD000D3F83021082A03BFD3F83401B0FA80F067
:108FE000400900207047000008B5FFF7EFFF40B1CF
:108FF0004FF080430022C3F80C21C3F81021C3F8BE
:109000003825FFF7E3FF002846D04FF08052674B2A
:10901000D2F80414C3F82015D2F80814C3F82415A4
:10902000D2F80C14C3F82815D2F81014C3F82C1574
:10903000D2F81414C3F83015D2F81814C3F8341544
:10904000D2F81C14C3F84015D2F82014C3F8441504
:10905000D2F82414C3F84815D2F82814C3F84C15D4
:10906000D2F82C14C3F85015D2F83014C3F85415A4
:10907000D2F83414C3F86015D2F83814C3F8641564
:10908000D2F83C14C3F86815D2F84014C3F86C1534
:10909000D2F84424C3F87025FFF798FF18B1444B69
:1090A000444AC3F88C26FFF791FF18B1424BFB22CC
:1090B000C3F81825FFF78AFF70B14FF080414FF0D9
:1090C0008053D1F8E42ED3F8583222F00F0203F087
:1090D0000F031343C1F8E43EFFF778FF20B1374B8D
:1090E0004FF40072C3F84026FFF770FF48B14FF00D
:1090F0008043D3F80024D20744BF6FF00102C3F8C5
:1091000000242F4AD2F8883043F47003C2F8883024
:10911000BFF34F8FBFF36F8F4FF01023D3F80022B0
:10912000002A03DBD3F80432002B2EDA254B012270
:10913000C3F80425D3F80024002AFBD04FF01022F6
:109140001221C2F80012D3F80024002AFBD04FF0FD
:1091500010231222C3F804221A4BD3F80024002A49
:10916000FBD00022C3F80425D3F80024002AFBD04A
:10917000BFF34F8F1249144BCA6802F4E0621343E5
:10918000CB60BFF34F8F00BFFDE7104B104A1A6052
:109190004FF0804301220021C3F81825C3F80411C1
:1091A0009A60D3F80421002AFBD008BD00C000401B
:1091B000005000404881030000F000400090024051
:1091C00000ED00E000E001400400FA0578650020B1
:1091D0000090D0037047000030B50C4685B00546BE
:1091E00020B91D491D483822FEF7FAF91C4B1A78A0
:1091F0008AB100221A701B4B1B491868019001A804
:1092000004F0FAFB18B1502213491848ECE718494A
:109210000720FFF7CBFEA468631C03D10E49154855
:109220005822E1E74FF08173E4B201930223ADF8D5
:109230000830621C002301A920468DF80A308DF801
:109240000B208DF80C3004F01BFC08B16D22DBE71D
:109250002C7005B030BD00BFF0BD070039BE07005F
:109260007C6500206DBE0700D59106003DBE07005D
:10927000A1D8060054BE07007FB50C460546094933
:109280002046FDF79FFA074906462046FDF7B0FA4B
:1092900001A9CDE9026028468DF80440FFF79CFF44
:1092A00004B070BD4CBC07001FB520B91549164865
:1092B0008522FEF795F90B788DF804304B788DF800
:1092C00005308B788DF80630CB788DF807300B7928
:1092D00000788DF808304B798DF809308B798DF84E
:1092E0000A30431C8DF80B300B7A8DF80C3001A935
:1092F00004F0C6FB18B1034904489C22D9E705B025
:109300005DF804FBF0BD070039BE07003DBE070055
:1093100013B520B90E490F48A622FEF761F90024C3
:109320000078ADF806400DF1060104F0F5FB60B9D8
:10933000BDF90630A34206DDC3EB034340F6FF72DE
:10934000B3FBF2F398B202B010BD2046FBE700BFBA
:10935000F0BD070039BE07000F4BD3F8042182B0DF
:1093600052B10022C3F80421D3F804210B49019221
:10937000019A0A6801320A60D3F84421084B0AB9FD
:109380001A7832B11A780AB100221A7002B0FDF7C9
:1093900003BA02B0704700BF001001409472012070
:1093A00090720120F0B5244F3A7885B06AB1234B12
:1093B0000022C3F84421D3F844210192019A4FF4CA
:1093C0000032C3F8082305B0F0BD4FF08043C3F866
:1093D000042101229A60D3F80421002AFBD0174C03
:1093E000174900250126656011206660FFF7DEFD44
:1093F000C4F80855C4F84451D4F844310393039B8E
:10940000C4F80451D4F804310293029B4FF00213C4
:10941000C4F848330223C4F804330A4B4FF4003233
:109420004021C4F8082383F81113C3F880211A607F
:1094300026603E70C7E700BF917201200010014016
:109440005993060000E100E0084A012353604FF4FD
:109450000033C2F80833064AC2F88030BFF34F8F9A
:10946000BFF36F8F034B00221A707047001001404A
:1094700000E100E09172012073B504460E461546E6
:10948000FEF758F9114B24F07F40D3F80445A04271
:1094900004D0013424F07F44844202D1023020F011
:1094A0007F4006F5A87643F82600D3F804232A4027
:1094B00007D1C3F84421D3F844210192019AC3F89B
:1094C000045302B0BDE87040FEF74AB900100140F5
:1094D000024803780BB101F04FBE70477D65002054
:1094E000024B012200201A7001F054BE7D6500205D
:1094F000024B1878B0FA80F0400970477D65002073
:109500001F288BBF00F01F0303461A4A4FF0A042EA
:1095100003F5E07330B452F82330174AC3F3014324
:10952000032BD2E90035C0F12004A0F1200223FA78
:1095300000F305FA04F443EA040325FA02F243EACD
:1095400002030CBF01210221DB0710D50B4B0129BF
:109550001B5C09D113F0400F09D0094B094A1B6865
:1095600052F8200030BC184713F0200FF4E730BC4D
:10957000704700BF00030050907301205873012012
:109580009873012098720120114930B4D1E9002567
:10959000C0F1200405FA04F4A0F12001C2402243E6
:1095A00025FA01F10A43D40703460ED5094A115C96
:1095B000C1F30012890703D51AB930BC03F088BC87
:1095C0001AB130BC184603F0D5BD30BC704700BF9F
:1095D00088730120587301202DE9F347DFF82481B7
:1095E000444F18F8003004460126A4F12005C4F1C8
:1095F000200106FA05F526FA01F1C3F3001013F075
:10960000010F024645EA010506FA04F6A4F1200A14
:10961000C4F1200901D1002865D018F804309B0757
:10962000214601D5002A44D00023ADF8053003239C
:109630008DF8043018F80430C3F38100012801D0FC
:10964000032801D18DF8050022B32B4A01A9204639
:1096500003F0A4FC294AD2E9003202FA09F9E340F6
:1096600043EA090322FA0AF21343D90709D518F885
:1096700004305A0601D49B0603D50121204603F08D
:109680000DFDD7E9002316431D43C7E9006502B06D
:10969000BDE8F0871F2C9DF8053086BF184A04F0FE
:1096A0001F014FF0A04201F5E0719B0042F821300C
:1096B000E7E71F2C88BF124BADF8042094BF4FF092
:1096C000A04304F01F02D3F804358DF8060098BFBC
:1096D0002246D34003F0010301A920468DF805304E
:1096E00003F08CFBCDE7D7E9002322EA060623EA44
:1096F0000505CAE7887301200195060090730120D3
:1097000000030050587301204B1C10B50446017033
:1097100014D0C9B22F2904D909490A485422FDF7A7
:109720005FFF09490620FFF741FC03F027FB0749CB
:1097300094F900208B5C43F001038B5410BD00BFF3
:1097400071BE0700B6BE0700E9D1060058730120BC
:1097500008B590F90030591C04D1104910485F2217
:10976000FDF73EFF0F4AD25C92070CD51F2B8ABF34
:109770000D4A4FF0A04203F01F03D2F80405D84071
:1097800000F0010008BD1F2B8ABF074A4FF0A0421E
:1097900003F01F03D2F81005F1E700BF71BE070008
:1097A000AD7C0700587301200003005038B5044613
:1097B00090F90000431C0D4604D10A490A48AC2226
:1097C000FDF70EFFC0B2FFF7DFFE94F90000074B74
:1097D0001A5C65F383021A54BDE83840C0B2FFF743
:1097E000FBBE00BF71BE0700AD7C070058730120AF
:1097F00038B5044690F90000431C0D4604D10A49CF
:109800000A48B722FDF7ECFEC0B2FFF7BDFE94F99F
:109810000000074B1A5C65F341021A54BDE838405A
:10982000C0B2FFF7D9BE00BF71BE0700AD7C070014
:109830005873012000280CDB4309064900F01F0083
:1098400020330122824041F82320BFF34F8FBFF322
:109850006F8F704700E100E00023435082B043580F
:109860000193019B02B070470378012B10D0022BAB
:1098700010D0002B14BF02230823CA690B621342C5
:109880000AD08B6943B100228A6101220A75184708
:109890000423F2E71023F0E770470000F0B50668F4
:1098A000044689B0304600F0A3F9844205D123690B
:1098B000022B02D1237D002B3BD02E4D214630467A
:1098C00000F08EF90223236155F83630D3F80035C5
:1098D000F70053B194F824306BB327483844019013
:1098E00005F054F9019805F0E9F8244B53F82600E7
:1098F00040F30730FFF79EFF94F8253094F90500F8
:1099000094F90410FBB194F826301B4C0691002208
:109910005B083C44CDE90420039303A907232046B8
:10992000ADF81C208DF81E3005F040F8204605F0FB
:10993000F9F809B0F0BDE819019004F00BFE0198A8
:1099400004F022FED1E7A36805930723ADF8183091
:10995000A369CDE903013D444BB1094A234603A95C
:10996000284604F05FFD284604F0E4FDE1E71A46CE
:10997000F5E700BF3CBF070054BF07004CBF07001E
:109980006998060070B50E461546044605F054FA6F
:10999000184B0268B3FBF2F3174A294630461360AE
:1099A00000F030F9012804DD144915487E22FDF746
:1099B00017FE00234FF0CC72C4E902230122227566
:1099C000104A206011782671C4E90633657123615D
:1099D0002362A38484F8263051B10B49137003200D
:1099E000FFF7E4FABDE8704008490420FFF7DEBA4B
:1099F00070BD00BF40420F0080650020D5BE07004B
:109A000019BF07007E6500201DED060029ED060048
:109A100090F8253063B9084B99420ADD074B99420B
:109A2000D4BF4FF080614FF0CD6101238160037599
:109A300070474FF0CC71F8E78FD003007F1A060013
:109A40000268114B2DE9F04153F822500F4F4FF4AB
:109A5000827104462846FFF7FFFE01236B6105F083
:109A6000F3F93B6842F20F7803FB00F6D5F80431B6
:109A700033B905F0E9F93B6843439B1B4345F5D9EE
:109A80000020E060BDE8F0814CBF07008065002049
:109A9000F7B51C4601230375076801920E46FFF7D0
:109AA000FDFE0848019A2346C6F3470100EBC700B4
:109AB00004F034FE00280CBF20464FF0FF3003B006
:109AC000F0BD00BF3CBF0700F0B51D4685B00123C7
:109AD0000375076803920E46FFF7E0FE0A9C0A48EA
:109AE000039AB4FA84F4640900942B46C6F3470140
:109AF00000EBC70004F0FAFD00280CBF28464FF029
:109B0000FF3005B0F0BD00BF3CBF0700C36800399F
:109B100018BF01214BB190F8253080F82430012383
:109B200080F825100375FFF7B9BE0B46F5E7000076
:109B300010B50368064C04EBC304204605F092F808
:109B400018B9204605F07EF810BD0320FCE700BFE1
:109B500054BF070073B506680D4D05EBC6042046DB
:109B6000CDE9001205F07EF8DDE900120028F6D0FC
:109B7000204605F043F8204605F094F80028FAD175
:109B800055F83630D3F83C05C0B202B070BD00BF06
:109B900054BF070073B506680D4D05EBC60420469B
:109BA000CDE9001205F04EF8DDE900120028F6D0EC
:109BB000204604F0FFFF204605F064F80028FAD1A3
:109BC00055F83630D3F84C05C0B202B070BD00BFB6
:109BD00054BF07000121017580F82620FFF75EBE03
:109BE0000228DCBF014B43F8201070479C73012012
:109BF0000228DABF024B53F820004FF0FF307047C5
:109C00009C7301202A4B70B500220446184693F934
:109C100000506E1C03D193F90160013612D0A542A9
:109C20002BD193F901508D4227D100EBC200214D79
:109C3000406800EB4002AB18AC54FF2259709A7098
:109C4000431C19D11B4A92F90000844207D192F9B2
:109C500001308B4203D192F90230013326D092F9C0
:109C600003309C420CD192F904508D4208D192F9F4
:109C70000550013504D1012070BD01320833C6E71B
:109C80005578284095782840FF280DD0107903405A
:109C900050790340FF2B09D1012303EB4300151832
:109CA000145469701846E7E70023F6E70020E3E75D
:109CB0002CBC0700886500202C4BF0B504461D46DF
:109CC000002093F90060771C07D193F901700137E8
:109CD00003D193F90270013715D0A6423CD193F914
:109CE00001608E4238D193F90260964234D105EB7F
:109CF000C0051F4E686800EB400573197455597014
:109D00009A70431C27D11A4B02201D461E4695F916
:109D10000670A74207D195F907708F4203D195F9D4
:109D20000870974217D00138471CA5F10305EED102
:109D3000022093F90650013511D193F907500135EE
:109D40000DD193F90850013509D100EB4005731985
:109D5000745559709A70F0BD01300833B1E701387D
:109D6000451CA3F10303E4D10220F4E73CBC070047
:109D70008865002030B51449002311F93320551CA3
:109D800001EBC30406D0824217D163680F4AD05456
:109D90005A1C10D10D4A00231146144611F9015BDB
:109DA000854208D00133042BF8D1002312F9011B9E
:109DB000013104D1E054184630BD0133DDE70133F1
:109DC000042BF3D10323F6E734BC0700846500209D
:109DD00010B5074A0023114612F9014B844202D103
:109DE000FF22CA5410BD0133042BF5D1FAE700BF9E
:109DF00084650020234B70B500220446184693F971
:109E00000060751C13D093F90150B5F1FF3F0ED0DF
:109E1000A6421FD18D421DD100EBC2001A4B4068F3
:109E200003F8104003EB4003461C597016D1164A44
:109E300092F90000844203D192F901308B420CD098
:109E400092F902309C420AD192F903508D4206D118
:109E5000012003E001320833D1E7002070BD5578BE
:109E60002840FF280BD0D0780340FF2BF0D10123EE
:109E700002F8134002EB430218465170EEE700234C
:109E8000F6E700BF44BC0700916500201FB520B96C
:109E9000144915485322FDF7A3FB03798DF80430CC
:109EA000FF238DF805304FF6FF73ADF8063040F212
:109EB0000743ADF808300389ADF80C3000680B4B50
:109EC000002201A903EBC0008DF80A20ADF80E2096
:109ED00003F0B6FB18B1034905486D22DBE705B076
:109EE0005DF804FB64BF070039BE070098650020D9
:109EF0003DBE070038B5044620B90E490E4873220E
:109F0000FDF76EFB0D4D006805EBC00003F04AFC49
:109F10002046FFF7BBFF2146022351F8100B012218
:109F200005EBC00003F060FC18B10249044881222F
:109F3000E6E738BD64BF070039BE0700986500201A
:109F40003DBE070038B50D46044620B911491248F8
:109F50008D22FDF745FB0846FFF70CFF032803DDC4
:109F60000C490E489222F4E747F6FF732381002341
:109F7000E360A31D23610123A3820023C4E9063308
:109F800025714FF400432060E3802046BDE838404F
:109F9000FFF77CBF64BF070039BE0700ABBF0700F7
:109FA00010B5044620B908490848AE22FDF718FB51
:109FB00090F90400FFF70CFF2068054BBDE8104046
:109FC00003EBC00003F0EEBB64BF070039BE07001F
:109FD00098650020C38803F40042038907EE903A95
:109FE00007EE101AF8EEE77A47F6FF7167EE877A08
:109FF00010B5FCEEE77A80ED037A17EE903A1BB2CB
:10A0000033EA230328BF0B4601461343C38051F8AC
:10A01000104B07480223012200EBC40003F0E4FBCD
:10A0200020B104490448D322FDF7DAFA10BD00BF7D
:10A030009865002064BF07003DBE070030B447F6B6
:10A04000FF73C48805899942A8BF194624F40043C8
:10A0500007EE101A4B4393FBF5F307EE903AB8EE78
:10A06000C77AF8EE677A04F40044C7EE876A1C43A7
:10A07000C480018130BCC0ED036AFFF73BBF2029DB
:10A08000A8BF20214FF47A735943FFF7D7BF0000D0
:10A0900008B5054B05494FF48072184609F022FBBC
:10A0A000034A906008BD00BF00000020007002005D
:10A0B00000ED00E000F0ACBF0023435082B04358F5
:10A0C0000193019B02B070472822074B50431A1896
:10A0D0001B58002151741A6A22B1586A800701D5B1
:10A0E000D8691047704700BF10740120074B282221
:10A0F00050431A18002151731B581A6A2AB1596A21
:10A10000C90702D5D8690121104770471074012092
:10A11000084B282250431A180021D17351731B5841
:10A120001A6B2AB1596B490702D50421996310476C
:10A13000704700BF1074012008B5174B1A7832B170
:10A1400000201870154BDB7BF3B1FFF7E1FF144BD8
:10A150001A781AB100201870FFF7B6FF114B1A7861
:10A1600042B100221A700D4B93F8373001207BB1B9
:10A17000FFF7CEFF0C4B1A786AB100221A70BDE8C7
:10A1800008400120FFF7A0BF1846FFF7AFFFDEE74A
:10A19000FFF7ACFFEEE708BD6274012010740120E8
:10A1A00060740120637401206174012008B5114BB3
:10A1B000024653F82000104BC0F808334FF4A67144
:10A1C000FFF77AFF4FF48871FFF776FFD0F800327F
:10A1D00023F02003C0F80032084B282101FB023392
:10A1E00001221A74002283F824201023C0F80433BB
:10A1F00008BD00BF8CC007001000080010740120CB
:10A20000184B2DE9F04153F82080174E174FC8F82E
:10A210000873282303FB00F435190434686900F03F
:10A22000F0FF2023AB614FF4A6714046FFF744FFD7
:10A230004FF48871FFF740FFD8F8003243F0200355
:10A24000C8F80032002326440122AB74C8F83465F4
:10A250002B74C8F8382585F82430C8F80473BDE895
:10A26000F08100BF8CC007001074012010000800AE
:10A2700040B9074B01221A70064B4FF48012C3F805
:10A28000002170470128FCD1034B1870F4E700BF90
:10A290006274012000E100E0637401202DE9F74FB2
:10A2A000DFF84481044658F82000D0F81031EBB1B3
:10A2B0004FF48871FFF700FFDFF81CA128236343E8
:10A2C0000AEB030B9BF81060002E43D000228BF8A2
:10A2D00010208BF80E205AF80330D3E90F212AB151
:10A2E000C80503D54FF480715964904758F824503D
:10A2F000D5F84C31FBB1D5F81031E3B94FF4A67164
:10A300002846FFF7D9FE344A28236343191D134416
:10A31000987C80F001000144186A0A44C5F834258D
:10A32000411C4FF00102C5F8382504D09969032972
:10A330004CD902F023FED5F82031002B49D0284615
:10A340004FF49071FFF7B8FE204603B0BDE8F04F20
:10A35000FFF78EBF9BF81250D0F83C9585F00102B4
:10A360008BF81220B9F1000FC0D01D4403F118077B
:10A37000043557445544DBF8140001A900F063FF8D
:10A3800088B115F8013B0370DBF8140001A900F057
:10A3900084FF57E8002F013A47E80023002BF8D14B
:10A3A0000136B145E7D1282303FB04A35A7C002AD8
:10A3B0009CD101225A744FF48011084B24B90848EB
:10A3C0000270C3F8001191E70648F9E783F82420EA
:10A3D000B1E703B0BDE8F08F1074012000E100E0A8
:10A3E00060740120617401208CC007000120FFF718
:10A3F00055BF0020FFF752BF2DE9F341044628B9AD
:10A400005749584840F24222FDF7EAF841684D1C8E
:10A4100010D01F2987BF544A01F01F030B464FF08D
:10A42000A0420120984003F5E073C2F8080503201C
:10A4300042F82300A268501C0CD01F2A8BBF02F0E8
:10A440001F03134648484FF0A04003F5E073002572
:10A4500040F823502368454E56F82300C0F80C15E9
:10A46000C0F81425227D012A15D1E268511C0CD0B8
:10A470001F2A8BBF02F01F0111463B4D4FF0A04534
:10A4800001F5E071002745F821704FF0FF31C0F869
:10A490000815C0F81025364D2169282707FB0353FE
:10A4A0001A6A91424ED0187F03F08AF820B140F228
:10A4B0006F222B492F48A7E7236807FB03531B6A2A
:10A4C000013302D0206902F003FD2069431C33D020
:10A4D000294902F093FC082806D1206902F0F8FC13
:10A4E0002549206902F08AFC10B140F28622E0E79B
:10A4F0002368206956F82310282707FB035201F52B
:10A50000887192F81C80019102F02AFD019902469F
:10A51000404603F01FF810B14FF42372C9E72368D7
:10A5200007FB0353187F03F035F810B140F28F2278
:10A53000BFE7206902F002FD2368282202FB0355D1
:10A5400023692B622368217D56F82320637D0B430A
:10A55000C2F86C35A369C2F8243502B0BDE8F081B9
:10A56000F3BF070039BE0700000300508CC007008E
:10A570001074012018BD070089C0070070B504469B
:10A5800028B91A491A484FF43C72FDF729F80568B2
:10A59000184E28236B43F218F358834202D193F8E4
:10A5A0002C1081B12046FFF727FF28236B43284654
:10A5B000F450002384F82C3094F82D304BB1BDE8D2
:10A5C0007040FFF7F3BD93F82D30127C4BB93AB1D0
:10A5D0002846FFF715FE084B53F8253001221A6074
:10A5E00070BD002AFCD12846E9E700BFF3BF070091
:10A5F00039BE0700107401208CC007002DE9F84F08
:10A6000088461746044628B95749584840F2373219
:10A61000FCF7E6FF564B574D1A78002A5ED0002211
:10A620001A7002F0E1FB08B902F0A8FB524E534940
:10A630001420FEF7BBFCE02386F814334FF480139C
:10A64000C6F880313360DFF86C914D490123212237
:10A65000484600F0C3FD0023C5F8149049482B601C
:10A6600002F04AFF814620B14FF456723E494648F7
:10A67000CEE7464B46494FF0FF3AC5F820A00220EE
:10A68000C3F808A3FEF792FC042386F80293C6F8E9
:10A6900080313360DFF820B13E4901232122584642
:10A6A00000F09CFDC5F828903B48C5F83CB002F08E
:10A6B00023FF814610B140F26E32D7E7374BC5F821
:10A6C00048A03749C3F808A32820FEF76FFC4FF4D1
:10A6D000807386F82893C6F8843173603946404603
:10A6E000FFF788FB28234343EA1820609668013669
:10A6F000012E96601ED12B4A52F820000822C0F885
:10A7000000250C334FF0FF32C0F80C251D44C0F873
:10A7100014254FF08052C0F824254FF49071C0F8F2
:10A720004455C0F84865FFF7C7FC8660D0F81C3177
:10A73000002BFBD01C4BA3614FF0FF33C4E9033364
:10A740000023A3822362194B9C4208BF184A4FF092
:10A750000103C4E9018708BF136084F82C30204648
:10A76000BDE8F84FFFF70ABFF3BF070039BE070087
:10A77000B86500201074012000E100E039A1060056
:10A78000A87301202C74012018BD07000020004090
:10A79000F3A30600DC730120547401200080024002
:10A7A000EDA306008CC00700005027006474012050
:10A7B000D0740120CC7301200074012008B528B9A1
:10A7C000134914484FF47572FCF70AFF02681249E6
:10A7D000282303FB02118B6883B1013B8B606BB9AB
:10A7E0000E4951F82210C1F8003501213AB90C4B3D
:10A7F000C3F8FC2FD3F8FC2FC3F8FC1F08BD094A8F
:10A80000C2F8FC3FD2F8FC3FC2F8FC1FF6E700BFDD
:10A81000F3BF070039BE0700107401208CC0070089
:10A82000002000400080024008B528B9344935486E
:10A8300040F20242FCF7D4FEB1F5166F39DBB1F5F8
:10A84000965F39DBB1F5165F39DBB1F5615F38DB57
:10A85000B1F5964F37DBB1F5E14F36DB47F6112303
:10A86000994234DDB1F5164F33DBB1F5614F33DB7F
:10A87000B1F5963F33DBB1F5E13F33DBB1F5613F35
:10A8800032DB214B994232DDB1F5E12F32DBB1F5FC
:10A89000612F32DB1D4B9942D4BF4FF070614FF0F6
:10A8A000805183698B421EBF0123816180F82C3067
:10A8B00008BD4FF49E21F4E74FF41D21F1E7144940
:10A8C000EFE71449EDE71449EBE71449E9E71449C8
:10A8D000E7E74FF40001E4E74FF41D01E1E74FF42F
:10A8E0006B01DEE70F49DCE74FF0EB71D9E74FF082
:10A8F0006C71D6E74FF08061D3E74FF0E861D0E7A5
:10A90000F3BF070039BE07008FD003003F420F009E
:10A9100000B013000050270000F03A0000A04E00E5
:10A9200000C0750000903A0108B528B915491648CD
:10A9300040F24242FCF754FE082904D01149134862
:10A9400040F24742F6E712F0FD0F04D00D491048DF
:10A950004FF48962EEE7012B04D00A490D4840F21A
:10A960004942E7E7417D31B11AB9427580F82C3090
:10A9700008BD0E29FCD0022AFAD10E23437501230B
:10A98000F4E700BFF3BF070039BE07003AC0070075
:10A9900049C007007AC0070008B528B90F49104818
:10A9A00040F26A42FCF71CFEB3F1FF3F03D00129DD
:10A9B00008BF4FF0FF33C360531C03D0022908BF08
:10A9C0004FF0FF32003918BF01210123017580F8D3
:10A9D0002C300261BDE80840FFF7D0BDF3BF07008F
:10A9E00039BE070008B528B90449054840F2D642E7
:10A9F000FCF7F6FDC0E9072108BD00BFF3BF070063
:10AA000039BE0700F8B50E4628B91149114840F281
:10AA1000EB42FCF7E5FD01290768446A0CBF0125FC
:10AA2000022582B125434562FFF7A8FD012E0DD115
:10AA3000094B53F82730D3F81C313BB13846BDE8F9
:10AA4000F840FFF715BC24EA05044462F8BD00BFD6
:10AA5000F3BF070039BE07008CC00700F7B528B95F
:10AA60001C491D4840F21452FCF7BAFD0022076849
:10AA70001A4C80F82D20FFF781FD282303FB0743A4
:10AA80005D696A89EB8892B29BB29A42F9D001A9BA
:10AA9000284600F012FC01A90646284600F038FCC2
:10AAA000282303FB0743183353E8001F013143E811
:10AAB0000012002AF8D1282303FB074494F824301D
:10AAC00023B1206A84F8242002F058FA307803B0C9
:10AAD000F0BD00BFF3BF070039BE070010740120AE
:10AAE00038B50D4628B91549154840F24552FCF7CE
:10AAF00077FD0468FFF742FD124B53F82400D0F8AD
:10AB00001C31002BFBD04FF48E71FFF7D5FA2822B1
:10AB10000D4B54431A190C34234415730122C0F809
:10AB200044354FF49071C0F84825FFF7C5FA4FF44B
:10AB30008073C0F80433826038BD00BFF3BF0700E4
:10AB400039BE07008CC007001074012010B528B969
:10AB50000B490C4840F26D52FCF742FD002280F890
:10AB60002D200468FFF70AFD074B282202FB04335F
:10AB70005B695889DB88C01A18BF012010BD00BF6F
:10AB8000F3BF070039BE07001074012008B528B9CB
:10AB90000C490D4840F28A52FCF722FD02680B4B2B
:10ABA000282101FB02335B7BDBB243B9084B53F82E
:10ABB0002230D3F81C01003818BF012008BD002046
:10ABC000FCE700BFF3BF070039BE07001074012087
:10ABD0008CC007000E4B1A6942F010021A61F1EEA8
:10ABE000102A22F09F02E1EE102AF1EE102A094A03
:10ABF0004021C2F884114FF080420121D16740BF4B
:10AC000020BF5A68044B134003B920BF704700BFF0
:10AC100000ED00E000E100E03FF0439E074808B58A
:10AC2000037813B1064B01225A60FFF7D3FF037874
:10AC300013B1034B01221A6008BD00BFD774012075
:10AC40000090004073B5056804462846FEF7D0FF23
:10AC5000844201D1237EF3B1104E114800232376A4
:10AC6000735D00EBC5001BB1019003F041F9019841
:10AC7000E36904F1080163B10A4A234603F03CF892
:10AC8000012321462846735502B0BDE87040FEF707
:10AC9000A7BF1A46F2E702B070BD00BFD47401200E
:10ACA00010C1070025AD060030B5C26A056B046C03
:10ACB000C36B816A521B85B01B1BFF2A28BFFF2272
:10ACC0002944FF2B28BFFF230091816B0393006869
:10ACD000054B2144CDE9012103EBC0000022694668
:10ACE00003F04AF905B030BD10C107001F2886BF28
:10ACF000044A00F01F004FF0A04201238340C2F835
:10AD00000C357047000300501F2886BF044A00F02E
:10AD10001F004FF0A04201238340C2F8083570475E
:10AD20000003005010B50C46017831BB8368226BDC
:10AD300000691A44236C22630344E06A236482425C
:10AD40000CD383420AD3236A58070CD494F9040025
:10AD5000431C07D0BDE81040FFF7D6BF2046FFF7E1
:10AD6000A3FF50B910BDE369002BEFD0012222767A
:10AD7000E161042262629847E8E7236A9A07E5D511
:10AD8000E369002BE2D00022E26101222276022256
:10AD9000F0E700002DE9F0410F46164604461A463A
:10ADA000314638469DF918509846FEF785FF02282F
:10ADB000206004DD1F492048FA22FCF711FCFF2324
:10ADC000E3724FF60773A3814FF0804323610023A2
:10ADD000C4E90733A3826362257184F8088067722F
:10ADE000A6722046FFF72EFF6B1C0ED02846FFF7F9
:10ADF0008BFF1F2D86BF05F01F05104B4FF0A043A2
:10AE000005F5E071032243F821200D4B1A787AB141
:10AE100000220C491A700320FEF7C8F80A490420E2
:10AE2000FEF7C4F8BDE8F04108492320FEF7BEB89C
:10AE3000BDE8F08194C00700D8C0070000030050AF
:10AE4000B96500201DED060029ED060035ED060070
:10AE5000082908B505D00D490D4840F26312FCF7EA
:10AE6000BFFB23B109490B4840F26512F7E7511EB9
:10AE7000022998BFD3B2027D9A421EBF03750123F7
:10AE80000376BDE80840FFF7DDBE00BF94C00700B1
:10AE90003FC0070004C10700154B994219DD154B4F
:10AEA000994219DD144B994219DD144B994219DD71
:10AEB000134B994219DD134B9942B4BF4FF08041B7
:10AEC0004FF0004103698B421EBF012301610376ED
:10AED00070474FF00071F5E74FF08061F2E74FF0F7
:10AEE0000061EFE74FF08051ECE74FF00051E9E7E8
:10AEF0008FD003001FA107003F420F007F841E0078
:10AF0000FF083D0000127A0030B5044687B005689E
:10AF10008DF80610FFF796FE94F90400421C01D04C
:10AF2000FFF7E4FE0DF106030B4802930DF1070253
:10AF30000123CDE9042302A9002200EBC5000393FD
:10AF400003F01AF894F90400431C01D0FFF7DCFE6B
:10AF50009DF8070007B030BD10C107002DE9F04F84
:10AF600087B015469A46427B9DF844300768109E8C
:10AF700000919A4218BF012204461CBF0276437317
:10AF8000FFF760FE94F90400421C01D0FFF7AEFE0B
:10AF90001E4B002003EBC70980460746002D0EDC40
:10AFA000002E0CDC94F90400431C01D0FFF7ACFE2A
:10AFB000B8454046B8BF384607B0BDE8F08F002816
:10AFC000F0D1FF2D2B46A8BFFF23002DC8BF009A4C
:10AFD0000193C8BF02EB0800FF2EB346A8BF4FF095
:10AFE000FF0B002ECCBF0AEB07020022CDE90203C3
:10AFF000CDE9042B02A90022484602F0BDFF019BC7
:10B00000A6EB0B06ED1A98445F44C7E710C1070092
:10B01000704700000048704728C1070073B5224EF2
:10B02000224C327862B10023C4F84031D4F8403168
:10B030000093009B4FF48033C4F8083302B070BD16
:10B0400001254FF480336560C4F80833D4F8043523
:10B05000174923F00303C4F80435D4F8103523F05E
:10B060000F0343F00403C4F81035D4F8083543F057
:10B070000303C4F80835C4F84025C4F84021D4F8C7
:10B08000403101930920019BFDF790FF094B4022BD
:10B0900083F809234FF40072C3F880211A602560F9
:10B0A00065643570CAE700BFD77401200090004086
:10B0B000556C060000E100E0024B01225A64D3F80F
:10B0C000440570470090004013B50446FCF732FB7E
:10B0D0000B4BC3F84045D3F8042312F4803209D156
:10B0E000C3F84021D3F840210192019A4FF48032F5
:10B0F000C3F8042302B0BDE81040FCF731BB00BF29
:10B1000000900040024B4FF40072C3F800217047DA
:10B1100000E100E0024B4FF48032C3F8082370478F
:10B1200000900040054B002282B0C3F84021D3F8C4
:10B1300040310193019B02B0704700BF0090004076
:10B140000A4B01225A601A614FF48032C3F8082377
:10B15000074B4FF40072C3F88020BFF34F8FBFF34B
:10B160006F8F044B00221A70704700BF00900040A0
:10B1700000E100E0D774012072B6054A1378191E69
:10B1800018BF01210133017013700020704700BF08
:10B19000D8740120044B1A7818B1013A1A700020B3
:10B1A0007047187062B6FAE7D874012010B50346EC
:10B1B00053E8002F02EA010043E8000494F0000F76
:10B1C000F6D110BD10B5034653E8002FA2EB0100E5
:10B1D00043E8000494F0000FF6D110BD10B561B142
:10B1E000B2FBF3F403FB1424A4B244B9C0E9001485
:10B1F00084608281C381204610BD0E20FCE70920B7
:10B20000FAE782B050E8022FC188B2EB324F4FF01C
:10B21000000317BF92B241EA014142EA014104E052
:10B220004268B2EB324F08BF012340E80212002A05
:10B23000E8D18DF807309DF80730002B0CBF1120A6
:10B24000002002B0704737B550E8013F9DB2C48975
:10B2500025448489A54228BF2D1B0489A54202BF2D
:10B26000BFF32F8F002207E0C5EA030540E8015431
:10B27000002CE9D14FF001028DF803200193019ACF
:10B280000A609DF8031001F0FF0321B1006810FA75
:10B2900082F003B030BD1846FBE70A884B889A421B
:10B2A00009D150E8012FC2EA024240E80123002BF5
:10B2B000F7D1012070470020704737B550E8023FB2
:10B2C0001FFAA3F5C488A54202BFBFF32F8F002247
:10B2D0000DE0C48925448489A54228BF2D1BC3EAFB
:10B2E000054540E80254002CE8D14FF001028DF8EA
:10B2F00003200193019A0A609DF8031001F0FF03F7
:10B3000021B1006800EB124003B030BD1846FBE7E6
:10B310000A884B889A4209D150E8022FC2EA224299
:10B3200040E80223002BF7D101207047002070472E
:10B3300070B5064D0646002455F8043B0BB1304667
:10B3400098470134042CF7D170BD00BFE874012088
:10B350004388033300EB8303994209D382884FF675
:10B36000FF739A4206D00088B0FA80F04009704717
:10B3700002207047012070470B4A0C495388142063
:10B3800000FB0311CB6833B9042049681070012217
:10B39000074800F0C8BB07490523137002238B80C0
:10B3A000012209680023F3E70075012018750120C8
:10B3B000CC6F00205475012007B500230549009388
:10B3C000054A09680548082300F07FFB03B05DF8D3
:10B3D00004FB00BF547501203CC10700CC6F002066
:10B3E00007B5002301460093034A0448082300F0F0
:10B3F0006CFB03B05DF804FB34C10700CC6F002088
:10B4000013B500230C4600930146084A084804235C
:10B4100000F05BFB38B90749142202FB0411012339
:10B420000B7402B010BD0E20FBE700BF30C1070057
:10B43000CC6F00201875012037B50A480A4B4268C6
:10B440009C88196853880325033305709BB200203C
:10B4500000909B0001EB8401044800F036FB03B030
:10B4600030BD00BF0075012054750120CC6F002055
:10B4700038B5144B14220D4602FB00302B6844688B
:10B4800004F58051A3B15C88033403EB84048C423F
:10B4900015D22368013312D02046FFF759FF012847
:10B4A00008D002280BD00028F1D12C60012038BD33
:10B4B0000834ECE76388033304EB8304E7E70020F8
:10B4C000F5E700BF187501204368F7B505460E463D
:10B4D000002B43D0234AD1688B423FD31269934259
:10B4E0003CD813F0030439D11F4A018912899142D3
:10B4F00035D101689A68914231D11C494A6893421A
:10B5000003D902F5805293420DD38A6993420CD934
:10B5100002F58052934208D201233380B4FA84F0BA
:10B52000400903B0F0BD2346F7E70A24F6E7019788
:10B5300001A92046FFF79CFF30B90134A4B2022CC8
:10B540003480F4D10020ECE7019B2A68996891428D
:10B55000EED16B60044B1B892B81E2E700240027AE
:10B56000EDE700BFCC6F00200075012018750120A9
:10B570002DE9F0471C461D4B1B78074688461646AA
:10B580007BB382B37CB3DFF86C904FF0140AA588CC
:10B59000012D01D90A2022E00AFB05F319F8033036
:10B5A0002BB921462846FFF763FF18B92060013503
:10B5B000A580ECE723681FB199883A889142F0D1C1
:10B5C000B8F1000F04D01988B8F800209142E8D1F2
:10B5D0009A68C6E90023064B1B8933810020BDE829
:10B5E000F0870220FBE70520F9E700BFF87401208F
:10B5F000007501201875012008B5074B5888191DE2
:10B60000FFF736FF18B1BDE80840FFF715BFBDE8EA
:10B610000840FFF7B1BE00BF007501202DE9F047DB
:10B620009E4FDFF89C8288B006463B6823B99C4851
:10B630004146FFF742FE38603D6829784B1E052BD6
:10B6400007D8DFE813F01F00770077000501050138
:10B6500059010F241422002103A808F041F941F6F2
:10B660001D539C4208BF00243B6804941A78023A98
:10B67000042A00F2F781DFE812F0D801E4010602A3
:10B680000E02150226B1874B00225A600124E1E721
:10B690002B79032B1CD8DFE803F014022934824AEB
:10B6A0001378022B19D0137D022B4FF0010316D112
:10B6B00014214B43D1180020D0544868FFF790FE66
:10B6C00003E001232B71FFF777FE002800F0BB8019
:10B6D000744B00225A600E24BCE70023E8E7714A4D
:10B6E00013700023536041F61D54B3E76F4970484F
:10B6F000002302222B718A800968012200F013FACC
:10B70000E3E76A4C00262E712068FFF769FE694B5B
:10B71000DFF894C15B882568142253430CEB0302C5
:10B720000CF8036051685560A588158102222160DC
:10B73000A280CAE7B5F814A0AA7DDFF86C919EB18B
:10B74000022AEB8806D9142101FB0A91DA1C088928
:10B7500002440A81142202FB0A92C3F57F435189F5
:10B76000FD330B44538191E7142303FB0A9318899B
:10B770005C6804EB8004062A68D8DFE802F0274DF5
:10B7800035431D59040041F61D54AA7DEB88022A59
:10B7900006D9142101FB0A91DA1C088902440A81A6
:10B7A000142202FB0A99C3F57F43B9F80A20FD333E
:10B7B0001344A9F80A304DE73F484049002343604D
:10B7C000AB690360FFF780FE002859D00223AB75F8
:10B7D000002300930423EA182146354800F075F948
:10B7E000002830D00E24D0E72B69002B14BF032390
:10B7F0000123AB750023009305F10C02042304F12F
:10B800000801EAE70123AB750022EB8800922A6960
:10B810009B0004F10C01E0E703290CBF052306237C
:10B82000AB7500230093042305F10802E118D4E767
:10B830000623AB75214B19881F4B5868FFF7E0FDB5
:10B8400004460028A1D108B0BDE8F0870F249CE78A
:10B85000002E7FF41BAF2B79012B33D0022B3FF44A
:10B8600042AF002B7FF4F5AE02232B710DF10A01DC
:10B87000EB68039303A8CDE90466FFF725FE08B93A
:10B880000A24E7E60498BDF80A108388EB80038851
:10B890002B81FFF7B5FD044627E000BF147501209A
:10B8A00040750120F874012018750120547501209D
:10B8B000CC6F002000750120DC7401205C75012034
:10B8C00010750120DFF8F89103AA4B463146A81DF8
:10B8D000FFF74EFE044660B9B9F804100498FFF76C
:10B8E0008FFD04460A2C3FF4FEAE002C7FF4B2AE6E
:10B8F000A9E7C9E90066F5E7002E7FF4C7AE6B4BF8
:10B90000197B1A78B1B11E731A78013A062A3FF6EC
:10B91000A0AE01A151F822F0BFB90600E5B90600BA
:10B9200003BA060009BA060053B606000FBA0600AD
:10B9300021BA0600072AE7D801A151F822F000BF7A
:10B9400061B9060009B9060009B9060087B9060001
:10B950009BB90600BBB90600BBB9060083B9060057
:10B960001A89534901321A8100225A801A730A78BF
:10B97000B2FA82F252099A720A7DB2FA82F252093E
:10B98000DA72012207E04B4958688A8840880332FE
:10B9900002448A8002221A70B6E75C88444A45490C
:10B9A000142505FB042208685468506088881081BB
:10B9B00002228A800C600622EDE70722EBE79A7AE2
:10B9C00032B9DA7A8AB900221A705A805A608AE645
:10B9D000374900229A72CA68002AF2D1097C0029EC
:10B9E000EFD05A80FFF708FE55E70022DA72304A9E
:10B9F000116A0029E7D192F82420002AE3D001221D
:10BA0000EFE7FFF719FD46E7FFF7B6FC43E75A8873
:10BA1000274B142101FB02335868FFF7E1FC3AE79A
:10BA200000225A60FFF7C8FC35E701228DF80C2090
:10BA30001A89ADF818209A88DB68ADF81A200593AA
:10BA400010E002228DF80C201A89ADF818209A888F
:10BA5000ADF81A20DA689B7D05929A1F5342534134
:10BA60008DF81C3003A8FFF763FC002641461248FE
:10BA70003E60FFF74DFC11480121FFF7A3FB0028B2
:10BA80007FF4D3ADDFE603228DF80C20DA88ADF821
:10BA900018201A89D0E704228DF80C20DB88ADF835
:10BAA0001830DFE705238DF80C30DBE70075012047
:10BAB0001875012054750120407501205075012032
:10BAC000607501204068FFF7A9BD2DE9F04308B378
:10BAD00002B3D0F800E0BEF1000F1ED0FBB1476802
:10BAE000D7F80490B3FBF9F709FB1737BFB942EA5F
:10BAF000010C1CF0030F14D1C768B94211D30569BA
:10BB00004C1E1C44AC420CD8DEF80C40A446BDE8E8
:10BB1000F04360470E20BDE8F0830820FBE70920D2
:10BB2000F9E71020F7E7F0B5D8B1D0F800C0BCF1C4
:10BB3000000F18D0CAB14768D7F800E00EF1FF3700
:10BB40000F4214D1C768B94211D305694C1E0EFBD0
:10BB50000244AC420BD8DCF81040A446BDE8F040EB
:10BB600060470E20F0BD0820FCE70920FAE710200E
:10BB7000F8E7FBF7DFBDFBF7F3BD00F1804000F510
:10BB80001C3001230360BFF36F8FBFF34F8F7047EB
:10BB9000020713D400F00F0310F0800F084A0BBF08
:10BBA00003F5887303F5847302EB830252F82300D4
:10BBB00008BF5068431E58425841704700207047E4
:10BBC0000070024010F0080F074B06D0D3F8C004F5
:10BBD00010F4803F18BF0020704700F00F0000F500
:10BBE000947053F820007047007002404FF080536B
:10BBF000D3F83021082A05D1D3F83401003818BF12
:10BC0000012070470020704730B5D1E900549C42B4
:10BC100029BFC0E900530021E41AED1832BFC0E982
:10BC200000514C600D60934203D1201E18BF0120CB
:10BC300030BD0020FCE74B6810B59A420C6828BF65
:10BC40001A46C0E90042981A0B684860134400384D
:10BC50000B6018BF012010BD30B54C680B68A242C4
:10BC600028BF2246002A14BF1D460025A4EB02046B
:10BC70001344C0E900524C600B6014BF0120002047
:10BC800030BD0000054B10F0800FA3F1900208BFFB
:10BC9000134600F00F0003EB00107047DC76012024
:10BCA000C343C3F3C01300F00F0000EB0310704751
:10BCB000034A0023C2F81C3C024A1370704700BFBD
:10BCC000007002406975012007B5074A0023137010
:10BCD000064A137001230193054B01A81B6898477E
:10BCE00003B05DF804FB00BF687501207077012088
:10BCF0006C77012013B5124C0122236802FA01F17E
:10BD00000B4323600F4B1B68194003060DD551B937
:10BD100006238DF804308DF806008DF807100A4BC5
:10BD200001A81B68984702B010BD0029FBD106236B
:10BD30008DF804308DF806008DF80720EFE700BF7E
:10BD400048760120D87501206C77012008B5054B95
:10BD50001A781046FFF7A4FFBDE8084001461046D8
:10BD6000FFF7C8BF707701201C4B13B5D3F8004410
:10BD7000C3F80044BFF36F8FBFF34F8FBFF36F8FD4
:10BD8000BFF34F8FE10508D5154B01221A7002232E
:10BD90000193144B01A81B689847A20508D5104BC6
:10BDA00000221A70032301930E4B01A81B689847C9
:10BDB000630511D50A4B1A7872B100221A70074B2D
:10BDC0000122C3F808255820FFF7D7FE042301936A
:10BDD000044B01A81B68984702B010BD00700240D8
:10BDE000687501206C7701204B689A4228BF1A467B
:10BDF0000A4B70B50C46064609681846154607F00A
:10BE000071FCC6E9000560682368401B60602B4434
:10BE10000038236018BF012070BD00BF7877012073
:10BE20004B689A4228BF1A4670B506460D4614461E
:10BE300082B10968084807F055FC074BC6E9003491
:10BE40006B681B1B6B602B68201E23442B6018BF84
:10BE5000012070BD1346F1E77877012008B5FFF7A0
:10BE600027FF084B93F89E20032A06D1BDE808401F
:10BE700005486FF00101FFF799B9D3F89030002B16
:10BE8000F4D008BD4C760120D87501200A4AD2F8BA
:10BE90006834C2F86834BFF36F8FBFF34F8F01214E
:10BEA00003B9704793FAA3F2B2FA82F201FA02F2EE
:10BEB00023EA0203F4E700BF0070024008B5FFF771
:10BEC000F7FE0146FFF7DEFE837B032B0AD108460F
:10BED000FFF7E6FE01218140BDE808400348C94361
:10BEE000FFF764B90368002BF1D008BDD8750120B5
:10BEF0008720FFF7E3BF8620FFF7E0BF8520FFF72D
:10BF0000DDBF8420FFF7DABF8320FFF7D7BF822091
:10BF1000FFF7D4BF8120FFF7D1BF00002DE9F04F1C
:10BF2000DFF8648198F8003085B0002B5BD1504D6C
:10BF3000504B19682B68194055D091FAA1F100298E
:10BF400054D0B1FA81F30F2B194651DDA1F1100441
:10BF5000E4B22046FFF796FE4FFA84FA4FF0010B49
:10BF60000BFA01FBBAF1000F81466FEA0B0B42DAC4
:10BF700003688289416802A8984708B9C9F8000097
:10BF80003D4BD9F808108222C3F81C2C012288F8F6
:10BF900000202A6802EA0B022A60039ABAF1000F15
:10BFA0001144C9F8081004F00800029904F00F04C5
:10BFB0004FDA002845D0C3F8A016C3F8A426042001
:10BFC00000EB8400FFF7D9FD2C4A2D4B13EA2A031E
:10BFD00038BF134633F8143003F1804303F51C33A4
:10BFE0001A68002AFCD005B0BDE8F08F2021ADE72B
:10BFF00043F08004ADE72046FFF7E4FDB9F80C20DC
:10C00000D9F80410D9F800600346074602A8B047E3
:10C01000029A002AB1D0039A9742AED9022789F832
:10C020000E7059461348FFF7C1F806238DF8043007
:10C03000144B8DF806401B688DF8077001A89847CF
:10C0400076E7142000FB0433C3F80016C3F8042677
:10C05000B5E728B1C3F8A017C3F8A4272820AFE795
:10C06000142000FB0433C3F80017C3F80427F5E7D6
:10C0700048760120D8750120007002406AC107008F
:10C080004EC107006C7701206975012037B5FFF7B5
:10C090000FFE0446FFF7F6FD837B032B0DD12046F0
:10C0A000FFF7FEFD01218140C9431048FFF77EF8EC
:10C0B00003B0BDE83040FFF731BF0568002DF7D170
:10C0C0002046FFF7EDFD01218140C9430748FFF7F6
:10C0D0006DF806238DF80430054B8DF806401B687B
:10C0E0008DF8075001A89847E2E700BFD8750120F6
:10C0F0006C7701200720FFF7C9BF0620FFF7C6BFF6
:10C100000520FFF7C3BF0420FFF7C0BF0320FFF7E0
:10C11000BDBF0220FFF7BABF0120FFF7B7BF000085
:10C1200007B500238DF804300B4BD3F82025ADF86C
:10C130000620D3F8C034094A002B13680CBF4FF413
:10C1400080714FF001210B431360054B01A81B6860
:10C15000984703B05DF804FB007002404876012068
:10C160006C77012007B5FFF7A3FD0D4B93F88E20E8
:10C17000032A11D0D3F8803073B90A486FF0807168
:10C18000FFF714F806238DF804300823ADF80630C5
:10C19000054B01A81B68984703B05DF804FB00BF7E
:10C1A0004C760120D87501206C77012007B5FFF788
:10C1B0007FFD114B93F81E21032A07D10F486FF41E
:10C1C000807103B05DF804EBFEF7F0BFD3F81031D7
:10C1D00073B90A486FF48071FEF7E8FF06238DF803
:10C1E00004308823ADF80630054B01A81B6898473A
:10C1F00003B05DF804FB00BF4C760120D875012028
:10C200006C77012038B51A4BD3F86C44C3F86C44F2
:10C21000BFF36F8FBFF34F8FBFF36F8FBFF34F8F9E
:10C22000FFF7E4FC38B9134A136823F0011103F057
:10C2300001130C43136001251CB9BDE83840FFF71A
:10C240006DBE94FAA4F171B1B1FA81F30F2B1946C6
:10C250000BDDA1F11000C0B205FA01F324EA0304DA
:10C26000FFF748FDE8E72021F3E743F08000F3E71C
:10C270000070024074770120054B1A78012A01BF33
:10C28000044A00201060187018BF0820704700BFD3
:10C290006A7501206C7701204E4B4FF4006210B597
:10C2A000C3F80024BFF36F8FBFF34F8FFFF79EFCDF
:10C2B00098B10020FFF75DFC474BD3F8001C032228
:10C2C000002979D149F27531C3F8001CC3F8142D47
:10C2D000C3F8001C0020FFF74EFC0020FFF749FCCC
:10C2E0003D4BD3F8001CC022002968D149F27531BA
:10C2F000C3F8001CC3F8142CC3F8001C0020FFF77F
:10C300003AFC344B0122C3F80025BFF36F8FBFF313
:10C310004F8FD3F800241205FBD54FF40062C3F809
:10C320000024BFF36F8FBFF34F8F0020FFF721FC76
:10C33000294BD3F8001C002944D149F27532C3F8C7
:10C34000002CC3F8141CC3F8002C0020FFF713FCCA
:10C35000204B40F2E372C3F800284022C3F80428BF
:10C36000BFF36F8FBFF34F8F8022C3F81C251B4B89
:10C3700040F2FF121A601A4B00241C60FFF798FC71
:10C38000184B1C70184B02221A70FFF72FFC00B3D9
:10C390002046FFF7EEFB104BD3F8001CB1B949F271
:10C3A0007532C3F8002CC3F8141DC3F8002CBDE887
:10C3B00010400020FFF7DFBBC3F8142D8AE7C3F855
:10C3C000142C9BE70022C3F8142CBEE7C3F8144DCD
:10C3D000EDE710BD0070024000E006404876012005
:10C3E000D8750120707701206A75012008B5104BBF
:10C3F00000221A70C8B9FFF7F9FB0E4B0E4A00284D
:10C4000018BF13460D4AC2F804330D4BE02183F8E0
:10C4100027138021C3F8841159600123C2F8043521
:10C42000BFF36F8FBFF34F8F08BD024BEAE700BF2A
:10C43000687501200714E0010714C0010070024074
:10C4400000E100E0034B1878012894BF0020012090
:10C45000704700BF6A750120044B1B78012B83BF16
:10C46000034B5868C0F3C010002070476A75012064
:10C4700000E100E008B5FFF705FC818108BD000080
:10C4800073B5002837D01E4B1C78002C35D11D4ABF
:10C49000106001221A702546264615F0080F65F037
:10C4A0007F00C0B20CBF40214FF400710190FFF734
:10C4B000E1FF0198FFF7E6FB0135092D8673066061
:10C4C0008660EAD1402100252046FFF7D3FF2046B1
:10C4D000FFF7D8FB0134E4B2092C85730560856051
:10C4E00002D1002002B070BD14F0080F14BF4FF449
:10C4F00000714021E8E70720F4E70820F2E700BFD9
:10C500006A7501206C770120064A10F0800F00F058
:10C510000F0314BFD2F81005D2F81405D84000F06C
:10C520000100704700700240084B094AC3F8082315
:10C5300041F20402C3F804230122C3F81025C3F812
:10C540001425BFF36F8FBFF34F8F70470070024009
:10C55000F8EB1F002DE9F047804600208A46FFF7E0
:10C5600008FB18F00F0503D1294B1B7843454AD12E
:10C57000284B294F1C683E684046FFF791FBE44377
:10C58000A4B24FF00109344309FA00F914EA09048E
:10C590003BD14046FFF776FB0C2218F0800F034694
:10C5A00002FB05F52BD01D4ADAF80010154401F006
:10C5B0006041DAF80820B1F1005F02F0010219D100
:10C5C000B2B9174A1A609AE8070085E80700002206
:10C5D0009A609A735D60134B46EA090680223E60BA
:10C5E000C3F804210020FFF7C6FA2046BDE8F08713
:10C5F0000D4AE7E70AB90D4AE4E70D4AE2E70D4ABA
:10C6000015440D4ADEE71024ECE71124EAE700BFE9
:10C610007077012048760120D8750120DC75012053
:10C6200037BC060000E100E059BC0600E9BD060089
:10C6300021BE06006C75012009BC0600FFF7C2BAD6
:10C6400008B5084B1A68084BD2431B6892B21A43CC
:10C65000FFF726FB012303FA00F0104214BF18462F
:10C66000002008BD48760120D8750120044B40F415
:10C670008070C3F81805BFF36F8FBFF34F8F7047FB
:10C6800000700240FFF784BA064BC3F80C05BFF3F5
:10C690004F8F40F48070C3F80C05BFF36F8FBFF36A
:10C6A0004F8F7047007002400023036043600E4BC1
:10C6B000D3F880240270D3F884244270D3F88824FD
:10C6C000D3F88C1442EA01224280D3F89024D3F8A4
:10C6D000941442EA01228280D3F89824D3F89C343F
:10C6E00042EA0323C38070470070024008B5FFF799
:10C6F0007DFA58B9EFF3108272B64C20FFF73DFA7D
:10C700004C20FFF73AFA82F3108808BDBDE80840D4
:10C710004C20FFF732BA000013B5FFF7C9FA104BEF
:10C720009A7B032A09D10F486FF48031FEF73EFD52
:10C7300002B0BDE81040FFF7D9BF1C68002CF7D14C
:10C740006FF480310748FEF731FD06238DF8043081
:10C75000054BADF806401B6801A8984702B010BD14
:10C760004C760120D87501206C7701205020FFF70E
:10C7700004BA5420FFF701BAF8B50446FFF736FAB9
:10C7800006462046FFF78CFA01258540174FED43FA
:10C79000B6B93046FFF7EDF93B6804F00F042B40C3
:10C7A0003B606400124B04F2C574C3F80048C3F840
:10C7B0000468D3F80438BDE8F8400020FFF7DBB97F
:10C7C0000020FFF7D6F93B6814F0080203EA0503DE
:10C7D0003B60F0D104F00F04054B04F5947443F86A
:10C7E0002420BFF36F8FBFF34F8FE4E7487601201B
:10C7F00000700240F7B504460020FFF7BAF9204662
:10C80000FFF740FA05462046FFF74AFA012214F0E6
:10C81000800F02FA00F22D4818D1036832EA0301B2
:10C820000AD02046FFF7A8FF0323AB73002003B014
:10C83000BDE8F040FFF79FB92960254923EA0203CC
:10C8400003600B6823EA02030B60EDE7230715D4AE
:10C85000802C204B2ED004F00F0101F2DA31490078
:10C86000C3F80018D3F80418D3F80468C9B241F02B
:10C8700002013143C3F80418D3F80438144E016898
:10C88000336861EA03071742D0D0134321EA02015B
:10C890003360002301602B600323AB738DF80730F6
:10C8A0000D4B8DF8064006221B688DF8042001A868
:10C8B0009847BBE740F2B471C3F80018D3F80418E6
:10C8C000D3F80468C9B241F00401D2E7D875012059
:10C8D00048760120007002406C770120FFF78ABF84
:10C8E000184BD3F8002273B522F00402164CC3F89B
:10C8F0000022D3F880542368144EDA43144B317865
:10C900001B6892B208461A43FFF7CAF9012303FADB
:10C9100000F0104202D00846FFF76CFF6FF00111E3
:10C9200005F080050A483570FEF740FC236843F0A7
:10C930000103236005230193064B01A81B68984758
:10C9400002B070BD0070024048760120707701206F
:10C95000D87501206C7701205F4B2DE9F041D3F8A9
:10C9600004430021224601250E46002A40F0918012
:10C97000FFF73CF900287DD1584B1B78002B79D16B
:10C980008D0277D5544B544F40F2A972C3F800285A
:10C99000D3F8040810F0FF001CBFD3F8042810409F
:10C9A00040F2AA72C3F80028D3F8042812F0FF025C
:10C9B0001CBFD3F804381A4040F2AB73C7F80038F4
:10C9C000D7F8043813F0FF031CBFD7F804582B40E6
:10C9D00040F2AC75C7F80058D7F804582840404DCD
:10C9E0000AD02E6806432E6040F2A976C7F8006888
:10C9F000C7F80408D7F80408374840F2AD76C0F805
:10CA00000068D0F8046832400BD02E6846EA02462F
:10CA10002E6040F2AA76C0F80068C0F80428D0F86A
:10CA200004282D4A40F2AE70C2F80008D2F804285B
:10CA3000134010D0D80748BF41F40001DA06264A57
:10CA400040F2AB70C2F80008C2F80438D2F80438DB
:10CA500048BF41F001012B6833F001121CBF04F004
:10CA60008070014313F0011F04D0630544BF2A60A6
:10CA700041F480611B4F01F4000621F400044FF0E3
:10CA80000108D4B9FFF74AFA1EB3BDE8F041FFF739
:10CA900027BF154892FAA2F3B3FA83F39F003844F4
:10CAA00005FA03F307682FB10660BFF36F8FBFF37A
:10CAB0004F8F194322EA030257E794FAA4F5B5FA17
:10CAC00085F557F8253008FA05F5984724EA050456
:10CAD000D7E7BDE8F08100BF007002406975012012
:10CAE000747701207CC1070000710240F8B5134E35
:10CAF000134B34681B68240C24041C4301271CB905
:10CB000040F2FF133360F8BD94FAA4F585B1B5FA8D
:10CB100085F30F2B1D460DDDA5F11000C0B20307F4
:10CB200001D4FFF767FE07FA05F524EA0504E6E7F6
:10CB30002025F1E743F08000F1E700BF48760120AF
:10CB4000D875012038B50E4C8025C4F8845163682F
:10CB50001B0613D5FFF7CAFF0A4B0022C3F80425B2
:10CB6000BFF36F8FBFF34F8FC4F88450BFF34F8F65
:10CB7000BFF36F8F4FF0FF32C3F8082338BD00BFFB
:10CB800000E100E00070024008B5FFF7DBFF094B51
:10CB9000D3F80423C3F808230022C3F80025BFF309
:10CBA0006F8FBFF34F8FFFF783F8034B01221A708B
:10CBB00008BD00BF007002406A75012010B5044630
:10CBC000FFF718FE134A04F00F0064B2002C4FF078
:10CBD0000103B4BFD2F81015D2F8141503FA00F30C
:10CBE0006FEA0303B5BF0B400B40C2F81035C2F823
:10CBF0001435BFF36F8FBFF34F8F074A074B13EA0C
:10CC0000240338BF13461A5C01239340014AC2F83B
:10CC1000083310BD0070024060C1070044C1070026
:10CC200038B5254A254B45B2002DA8BF134600F064
:10CC30000F010446585C224A4FF0010303FA00F04A
:10CC4000C2F804032ADAD2F81005C840C00731D46C
:10CC5000D2F810058B400343C2F81035BFF36F8F35
:10CC6000BFF34F8F31B3002D24DB14F0080521D121
:10CC70002846FEF77EFF2046FFF77EFD2046FFF7A1
:10CC80000FF8104A012303FA00F0136823EA0003A7
:10CC900013602846BDE83840FEF76DBFD2F8140592
:10CCA000C840C00706D4D2F814058B400343C2F82D
:10CCB0001435D3E738BD00BF60C1070044C1070089
:10CCC00000700240D8750120030610B5044605D453
:10CCD000FEF75EFF10B12046FFF74EFD034BC3F891
:10CCE0001845BFF36F8FBFF34F8F10BD0070024028
:10CCF00000F1804000F5C040002382B0036003686B
:10CD00000193019B02B0704703681F2B83BF03F0A0
:10CD10001F03036001484FF0A0407047000300501C
:10CD200007B5019001A8FFF7EFFF019B00EB83001F
:10CD3000D0F8003723F44033C0F80037D0F800377C
:10CD400043EA0141C0F8001703B05DF804FBC208D4
:10CD5000012300F007008340885C03438B54704735
:10CD6000054B4FF0FF32072843F8202084BF1B18E3
:10CD700083F86820704700BFB877012038B5164D9A
:10CD800095F87E402CBB3022FF2105F1400006F0D3
:10CD9000A7FDE0B20134FFF7E3FF102CF9D10F4BF0
:10CDA0000022AA679A800E4BE02183F806134021E7
:10CDB000C3F8801119604FF4BE70FFF799FF094B5B
:10CDC0004FF00041C3F80413012385F87E3010466C
:10CDD00038BD0820FCE700BFB8770120307801207B
:10CDE00000E100E000600040034B93F87E00003853
:10CDF00018BF0120704700BFB877012037B5324B0C
:10CE00001A18044692F9400001305AD18878002857
:10CE10004BD01846002250F8045B01353FD1181959
:10CE200080F84020002043F82200920002F1804266
:10CE300002F5C0420B78D2F81055487825F49915C0
:10CE40001B04000525F4F85500F4801003F440336A
:10CE5000C2F8105503432002D2F8105500F47C505C
:10CE600003432B43C2F810354A780194012A01A8E4
:10CE70001FD1FFF749FF019B9A40C0F8082501A880
:10CE80000194FFF741FF019B104903F5E073032272
:10CE900040F823202046FFF75AFF002003E001322C
:10CEA000082AB8D1042003B030BDFE2382F84030F8
:10CEB000DAE7FFF729FF019A01239340C0F80C3508
:10CEC000DDE70820EFE700BFB877012030780120C8
:10CED00037B5174C2518014695F84000072809D8A2
:10CEE000FFF73EFF95F94030124A03F5A273002088
:10CEF00042F823000C44FF2384F840300E4DCC0848
:10CF000001F0070301229A402B5D13420DD001A8C6
:10CF10000191FFF7F9FE019B03F5E073022140F850
:10CF200023102B5D23EA02032B5503B030BD00BF55
:10CF3000B87701200060004030780120074B18448A
:10CF400090F940309B0003F1804303F5C043D3F8D0
:10CF5000102542F00302C3F810257047B87701206E
:10CF6000054B184490F940008000C0B200F18040A9
:10CF700000F5C040704700BFB8770120064B184449
:10CF8000012290F9403018339B00DBB203F180435B
:10CF900003F5C0431A607047B87701202DE9F341CB
:10CFA000DFF8F48008EB0003054693F94030002BCE
:10CFB0000F466CDA8B78C3F34003002B0BBF0824B9
:10CFC0000024102108218C4203D1042002B0BDE8C6
:10CFD000F08158F82400013041D108EB050166B218
:10CFE00048F8242081F840601BB908EB040383F85B
:10CFF0006850BB785A0712D4D90732D501A80195D9
:10D00000FFF782FE019B00EB8300D0F8003723F08E
:10D010000203C0F800371F492846FFF798FEBB7887
:10D020003A7813F0020328D0A40004F1804404F5F8
:10D03000C0442D02D4F8103523F44F3323F4407349
:10D04000C4F810351204D4F8103505F47C5502F4F8
:10D05000403215431D43C4F810550020B6E7013493
:10D06000B1E701A87A780195FFF74EFE019B03F521
:10D07000E073920040F82320CDE7083E48FA86F698
:10D0800096F8701041EA821286F87020E5E70820D1
:10D090009CE700BF30780120B877012037B5224DDA
:10D0A0002B18044693F94020072A1DDD083A45FA5B
:10D0B00082F292F870309B09032B10D1019001A8E5
:10D0C000FFF722FE019BD0F81015D94001F00101B5
:10D0D0000231204603B0BDE83040FFF721BE012BEE
:10D0E0000CBF02210321F4E7D3B2072B1AD8930017
:10D0F00003F1804303F5C043D3F8100540F001006D
:10D10000C3F8100502F1400040B2800080B2FFF782
:10D11000EFFD39B155F8223023B101239340034A82
:10D12000C2F8043303B030BDB8770120006000407E
:10D130000E4B034493F94020072A02DD0021FFF73C
:10D14000EFBDD3B2072B0FD8930003F1804303F553
:10D15000C043D3F8101521F00101C3F810150123C5
:10D160009340034AC2F80833704700BFB8770120E4
:10D1700000600040F7B50446FFF7DAFF174A184E83
:10D180001119E50891F9403091F8401007299FBF27
:10D19000144903F5A273002041F8230004F00703AB
:10D1A00001219940735D0B420DD001A80194FFF756
:10D1B000ABFD019B03F5E073022740F82370735D1C
:10D1C00023EA01037355144494F84000FFF7C8FDA7
:10D1D000FF2384F8403003B0F0BD00BFB8770120D2
:10D1E00030780120006000402DE9F04F00248BB022
:10D1F000CDE90444654D4FF48072012102F1804372
:10D2000003F5C04390B21B68012B06D1D5F8043357
:10D210000B4202D0FFF76CFD0C430432B2F5907F55
:10D220004FEA4101EAD1594BD3F87C31012B0ED1A1
:10D230004FF4BE70FFF75CFD4FF0A04344F0004494
:10D24000D3F810350493524BD3F810350593E3B25D
:10D25000D3B1504F01260025344210D0AB0003F16A
:10D26000804303F5C043D3F81005D3F8101557F8E1
:10D27000253023B1C1F30141C0F3052098470135A2
:10D28000082D4FEA4606E7D1002C7BDA0023CDE9D2
:10D2900006334FF0FF33CDE90833DFF8F8A03E4BFB
:10D2A000019300252F46019B13F9014B0193631C49
:10D2B0004FD0C4F3C2060122E3B204F03F0B04F0E6
:10D2C000070402FA04F406F128020DEB020616F830
:10D2D000081C21423DD00AEB0B014FEA931991F94A
:10D2E00040105AF82180B8F1000F07D1B9F1030FAF
:10D2F0002FD106A95846FFF72AFD02E0B9F1030F26
:10D30000F7D003A8CDF80CB0FFF7FEFC039901F5A8
:10D31000E07150F8211016F8180C2042C1F30141B9
:10D3200006D0022915D1B9F1030F0CD1494605E009
:10D3300003290ED1B9F1030F05D102215846FFF799
:10D34000EFFC0135EDB2B8F1000F02D04946584666
:10D35000C0470137082FA6D1A5B14FF0A0430499CB
:10D36000D3F8102503F540739142D3F8103502D15C
:10D370000599994206D004920593069A079B089254
:10D3800009938CE70BB0BDE8F08F00BF0060004050
:10D3900000030050B87701202878012000F1804375
:10D3A0001A68002A1BBF0022012000201A60704763
:10D3B0000F4A1378D3B903784FF08041C3F3400389
:10D3C000C1F88035037803F00103C1F87835094BC3
:10D3D0001968C90706D4E02183F800130121C3F8B6
:10D3E0008011196001231370002070478520704759
:10D3F0004478012000E100E0084B0122C3F88020BE
:10D40000BFF34F8FBFF36F8F054A00231360054AA8
:10D410001360054A1360054A1370704700E100E08D
:10D42000387801203C7801204078012044780120A0
:10D43000014B02681A607047407801204FF080432A
:10D440004FF46072C3F8042370474FF080434FF4E9
:10D450006072C3F8082370474FF0804310B5D3F8CB
:10D460000443620707D54FF48470FFF797FF10B1AC
:10D470001E4B1B689847A30608D54FF48A70FFF728
:10D480008DFF18B11A4B00201B689847600608D51D
:10D490004FF48C70FFF782FF18B1154B01201B6809
:10D4A0009847210608D54FF48E70FFF777FF18B123
:10D4B000104B00201B689847E20508D54FF4907088
:10D4C000FFF76CFF18B10B4B01201B689847A305B1
:10D4D0000AD54FF49270FFF761FF28B1054BBDE804
:10D4E00010401B680220184710BD00BF387801208B
:10D4F0003C780120407801202DE9F84F134DDFF8EA
:10D50000508007464FF0000A04264FF001095FFAE9
:10D510008AFB002009FA0BF4FEF72BFB2C420AD001
:10D52000D8F8003014EA030201BF2343C8F80030E2
:10D5300087F800B016460020FEF71DFB1EB1A5437C
:10D540000AF1010AE3D13046BDE8F88FFFFF0F0072
:10D550004878012010B5A1B19AB101238340C3F3EB
:10D56000130484B10A4C246823420ED0C00000F199
:10D57000804000F5F830C0F81015C0F814250020E0
:10D5800010BD0E20FCE70720FAE70820F8E700BFEF
:10D5900048780120012303FA00F0C0F313031BB104
:10D5A000054B1B68184204D0044BC3F80405002047
:10D5B00070470820704700BF4878012000F0014004
:10D5C000012303FA00F0C0F313031BB1054B1B68E2
:10D5D000184204D0044BC3F8080500207047082007
:10D5E000704700BF4878012000F0014000234350FD
:10D5F00082B043580193019B02B0704710B51C469E
:10D6000002230B710B684A7173B112F0040F0CBF47
:10D6100082219221130748BF41F02001D30648BF61
:10D6200021F08001C0F800134FF48271FFF7DEFF94
:10D6300013065BBF012303510019002010BD000039
:10D640002DE9F04F544D03790C4605EBC30185B02D
:10D6500009794FEAC30A002940F09B8045F833203E
:10D66000DFF83CE104F1FF3C6E4604F1030B4FF0A0
:10D6700001081CF8011FFF2900F0828021F08003BF
:10D680000F0633606FD51F2B87BF01F01F07F146D0
:10D690001F464FF0A04908FA07F7C9F808751F2B75
:10D6A0008ABF01F01F034FF0A041714603F5E073FC
:10D6B000032741F82370DC4506F10406D9D1006840
:10D6C000009BC0F86035019BC0F86435029BC0F830
:10D6D00068350126039BC0F86C35C0F80065A17958
:10D6E00023896779C0F80C75C0F80415C0F80835AF
:10D6F0006389C0F810350023C0F800324FF48E71F2
:10D70000C0F80033FFF772FF4FF48871FFF76EFF28
:10D710004FF48A71FFF76AFF4FF48271FFF766FFDB
:10D72000D2B1227940F307335201002BC0F3073006
:10D73000D2B229DB03F160415B099B0003F1604336
:10D7400001F5614100F01F0003F56143864081F857
:10D750000023C3F880611E60554401232B71002013
:10D7600005B0BDE8F08F1F2B87BF01F01F07F14602
:10D770001F464FF0A04908FA07F7C9F80C758EE765
:10D780004FF0FF33336096E7044B00F00F001A545C
:10D79000E2E70820E4E700BF4C78012014ED00E048
:10D7A000000300500368190B43F30733002B10B537
:10D7B00004790CDB01F01F015B0901228A40203350
:10D7C000074941F82320BFF34F8FBFF36F8F0368E2
:10D7D0000022C3F80025034B03EBC4031A7110BDEC
:10D7E00000E100E04C780120F0B40D461C461B49D6
:10D7F00003790068D5F800C0AF88AE68C0F820C5CE
:10D8000001EBC301EB68C0F82475C0F82865C0F8C7
:10D810002C35C0F840C5C0F84475C0F84865C0F85C
:10D820004C3502F0010303EB5202C0F81425E20765
:10D8300011D414F0020203D0002B14BF08220422DA
:10D84000002BC0F8002218BF0C23E2B208BF082347
:10D85000F0BCFFF7D3BE1022F2E700BF4C780120E6
:10D86000074B0022C3F8002182B0D3F800210192B7
:10D87000019AD3F80805034B1B68C0B202B01847E1
:10D8800000D000406C78012000F1804000F5E040BD
:10D89000002382B0036003680193019B02B07047CC
:10D8A000F0B5534B534CD3F8043194F82E2085B087
:10D8B000002B3BD04FF48270FFF7E6FF2AB394F8B9
:10D8C0002F3013BB4A4AD2F80031002B32D04FF42C
:10D8D0008070FFF7D9FF638B94F82D00834250D9F5
:10D8E00021891B1A9BB289B26383CB1A616801EB51
:10D8F0004301C2F82C16C2F830064FF48270FFF7CD
:10D90000C3FF3B4B01225A6014E0636802932389F2
:10D91000ADF80C30E36800218DF8041033BB23749C
:10D92000236801A89847002384F82F3094F82E30FC
:10D93000002BC7D12E4BD3F810315BB14FF4887058
:10D94000FFF7A2FF0023237402238DF8043001A8FF
:10D9500023689847264BD3F81431FBB14FF48A70F3
:10D96000FFF792FF0023237405B0F0BD208B608386
:10D9700063602081E160002AD2D11D4B01221A6030
:10D98000CEE7BAD1E368012184F82F1023B100213A
:10D990006183C2F82C36AEE76383AEE766694FF069
:10D9A00000470125002EDFD0B6FA86F227FA02F3EF
:10D9B0004632920026EA030602F1804303F5E04373
:10D9C0001B68002BEED01046A2F58C72FFF75CFFAF
:10D9D000D30882F00402C2F380028DF808308DF87B
:10D9E000045023688DF8092001A89847DAE700BFA2
:10D9F000007000407078012038B51E4A92F82C3033
:10DA00000446ABBB11601C490078C1F8F005607892
:10DA1000C1F8F4050125E078137482F82D305361C4
:10DA200082F82F306FF0004382F82E0082F82C50DD
:10DA30004FF48270C1F80833FFF726FF4FF480706F
:10DA4000FFF722FFA3780D485B01DBB280F80733B4
:10DA50008023C0F8803103600223C1F8043392F8B8
:10DA60002E300BB1C1F80453C1F80055002038BD69
:10DA70000820FCE7707801200070004000E100E021
:10DA800030B5244B1A7C002A42D100F10C0403EB80
:10DA90004402127922B993F82D20013283F82D2007
:10DAA00003EB4403CA790C7A8D781A715C714B7858
:10DAB0002D021B0105F4E06503F030032B430D78C4
:10DAC00005F003052B43CD782D0305F480552B433A
:10DAD0000D792D0405F4E0252B434D7989792D0529
:10DAE00005F48015090601F080712B430B430101F9
:10DAF00001F1804101F5E0410020C1F81835C1F87D
:10DB00001445C1F81025C1F81445C1F8102530BDE1
:10DB10001120FCE77078012070B5324A147C04F0C3
:10DB2000FF03002C5CD1304C012503261574C4F88A
:10DB30000863C4F82C16C4F8305692F82D40AC4255
:10DB40000CD91D46190101F1804101F5E041013375
:10DB5000082BC1F81455C1F81055F3D100F10C038E
:10DB6000000102EB430300F1804000F5E040197929
:10DB70005B79C0F81435C0F810151B4901230B6000
:10DB80004B6042F21073D1F8040108B9013BFAD19D
:10DB90004FF48070FFF778FE4FF48270FFF774FE49
:10DBA000012C11D90F4800210B0103F1804303F52B
:10DBB000E0430131047F457FC3F814550829C3F8B9
:10DBC000104500F10200EFD192F82E10064B29B15A
:10DBD00003210020C3F80413107470BD0221F8E77C
:10DBE0001120FAE7707801200070004037B5D0F8B6
:10DBF00018358A69DBB28DF807304B6A93423EBF15
:10DC00004A699DF80740D4544A6A91F828500C6933
:10DC1000531C4B62023235B1A2428C6938BF0A6193
:10DC2000944288BF8A610D69954205D9CB689B5C97
:10DC3000C0F81C3501200BE08C69944202D991F8A0
:10DC40002030F5E7AB42F5D3A3422CBF00200120E2
:10DC500003B030BD1F2886BF044A00F01F004FF0FC
:10DC6000A04201238340C2F80C35704700030050E6
:10DC70001F2886BF044A00F01F004FF0A042012376
:10DC80008340C2F8083570470003005037B50025BF
:10DC9000C0F80851D0F808310193019B0C46FFF7FA
:10DCA000A5FF70B9887FFF2801D0FFF7E1FF20466C
:10DCB000257250F8083B6168657703B0BDE83040D5
:10DCC000184703B030BD000001490248FFF7DEBF2E
:10DCD000A07801200030004002494FF04020FFF7BB
:10DCE000D5BF00BFCC78012001490248FFF7CEBF65
:10DCF000F8780120003002402DE9F04F90F804A0A0
:10DD0000774D2C2707FB0AF705EB070B85B09146EB
:10DD10009BF81C20009380460C46002A40F0DC80D3
:10DD2000704A006852F82A1001F00AF806460028E6
:10DD300040F0D48045F80790009BCBF8043094F86D
:10DD40000CB02778BBF1010F384600F2B080FFF726
:10DD500081FF1F2F8BBF07F01F033B46624A4FF026
:10DD6000A04203F5E073012142F823106178FF29F6
:10DD700000F0A0800846FFF76DFF1F298BBF01F060
:10DD80001F030B46584A4FF0A04203F5E0730320EF
:10DD900042F82300A278FF2A00F08F801F2A8ABF52
:10DDA00002F01F0313465048009298BF4FF0A04066
:10DDB00003F5E0734FF0040C40F823C098F80430EA
:10DDC0002C2000FB0350C277E078FF2815D0CDE966
:10DDD00001000393FFF74CFF0198DDE902231F28A0
:10DDE00086BF00F01F02DFF800C14FF0A04C02F523
:10DDF000E0724FF0030E4CF822E02C2202FB03529B
:10DE00009077D8F80020C2F80875C2F80C15009970
:10DE1000C2F81015A168C2F82415617B003918BF3B
:10DE20000121BBF1020F4CD0BBF1030F4CD0BBF171
:10DE3000010F01D141F00201C2F854152C2101FB60
:10DE40000353617983F82010B9F1000F02D0042345
:10DE5000C2F804330120C2F80005B9F1000F1BD04D
:10DE6000217942F307334901002BC2F30732C9B2CB
:10DE70002DDB03F160445B099B0003F1604304F573
:10DE8000614403F5614302F01F0200FA02F284F8D4
:10DE90000013C3F880211A602C2303FB0A550023CA
:10DEA0006B7701232B77304605B0BDE8F08FFFF785
:10DEB000DFFE4EE74FF0FF316CE74FF0FF3300938A
:10DEC0007CE741F00401B7E741F00601B4E7074BF6
:10DED00002F00F029954DFE70826E4E71126E2E793
:10DEE000A0780120E0C107000003005014ED00E01D
:10DEF00070B505791D4C2C236B43E35893B103682F
:10DF0000190B43F30733002B0CDB01F01F015B09F6
:10DF100001228A402033164941F82320BFF34F8F56
:10DF2000BFF36F8F2C2303FB05F20068A25812B1D8
:10DF30000422C0F8082303FB0543DB7FFF2B0BD033
:10DF40001F2B86BF03F01F030A4A4FF0A04203F5C0
:10DF5000E073022142F823100026C0F8006500F0AB
:10DF600006FF2C2303FB0544267770BDA078012013
:10DF700000E100E0000300502DE9F34790F8048031
:10DF80003B4D2C2303FB08F31746EA180E46517F3E
:10DF9000824600296AD155F80390B9F1000F01D0EB
:10DFA0000123537796E80F002C2404FB085404F156
:10DFB0000C0C8CE80F00A07F0023FF2884F8283089
:10DFC00001D0FFF747FE2C2347B103FB0853002283
:10DFD0005A770627384602B0BDE8F087DAF80040E5
:10DFE0000422C4F8082303FB0853C4F80871D4F8CA
:10DFF00008215F620092009A726882B133681B78D0
:10E00000C4F81C35012A0DD933685B78C4F81C3577
:10E01000B9F1000F0FD00423C4F80433DAE793F802
:10E020002030EDE7F368012BF2D92C2303FB0853D2
:10E0300093F82030EAE72C2108FB0151D4F808318D
:10E04000002BFBD0C4F80891D4F808310193204686
:10E05000019BFFF7CBFD0028F0D12C2303FB0855D3
:10E06000A87FFF28B6D0FFF703FEB3E71127B1E77B
:10E07000A07801200023435082B043580193019BB4
:10E0800002B070472DE9F0470F78DDF820809DF849
:10E0900024A004460E469946002F58D1D0F82431CA
:10E0A00015683BB14FF49271FFF7E4FF0123636100
:10E0B000337012E0D0F81C312BB34FF48E71FFF7A0
:10E0C000D9FFD0F82431002BECD1454511D219F8F5
:10E0D0000530C0F81C356B1C1360454535D1D4F8AC
:10E0E000043193B34FF482712046FFF7C3FF00273A
:10E0F00004E00123BAF1000F03D0C3613846BDE844
:10E10000F0874361E9E7D0F80831002BE5D04FF400
:10E110008471FFF7AFFFD0F82431002BC2D1454501
:10E12000DBD2D0F8183509F80530136801331360D5
:10E1300008F1FF32934205D10223C0F800320123D7
:10E140002362CAE79845FAD1C7E70127D6E74FF41B
:10E150009271FFF78FFF4FF48E71FFF78BFF4FF433
:10E160008471FFF787FFBAE72DE9FF470C460546A4
:10E170004FF4827120461F46384B03939DF8308040
:10E18000FFF778FF4FF49271FFF774FF4FF48E7131
:10E19000FFF770FF4FF48471FFF76CFF002301213C
:10E1A000C4F8003216466B6385F82E302162A160F8
:10E1B000DFB11378C4F81C3569632B68E3B905F146
:10E1C000340A05F12E09039B002B1FDC95F82E3035
:10E1D00053BB0020039B002B15DC0023C4F8003543
:10E1E0000523C4F8003503200DE0B8F1000F01D07D
:10E1F000E161E2E76161E0E740F28623AB60AB6892
:10E20000C4F80433002004B0BDE8F087CDE90078FD
:10E210003346524649462046FFF734FF0028D5D002
:10E22000039B013B0393CEE7D4F8C434C4F8C43451
:10E23000002BCED013F0010F14BF4FF40240032087
:10E2400048F2012213F0020F18BF104613F0040F1A
:10E2500048F2022318BF1846BCE700BFA0860100A1
:10E260002DE9FF470C4605461E462046364B0393D4
:10E270004FF48271FFF7FEFE4FF49271FFF7FAFE42
:10E280004FF48E71FFF7F6FE4FF48471FFF7F2FE44
:10E290000023012ED5F800806B6385F82E301746D9
:10E2A0004FF0010306BF0222C4F80022C4F8003276
:10E2B00023622360B8F1000F15D105F1340A05F18E
:10E2C0002E09039B002B18DC95F82E301BBB002079
:10E2D000039B002B0EDC0023C4F800350523C4F893
:10E2E0000035032006E040F28623AB60AB68C4F83B
:10E2F0000433002004B0BDE8F087CDE900683B4658
:10E30000524649462046FFF7BDFE0028DCD0039B5D
:10E31000013B0393D5E7D4F8C434C4F8C434002BCC
:10E32000D5D013F0010F14BF4FF40240032048F280
:10E33000012213F0020F18BF104613F0040F48F229
:10E34000022318BF1846C3E7A0860100F0B589B0C4
:10E3500091F82C3001938B6A00934B6A0C4601F1C3
:10E3600034022E310746FFF78DFEE8B994F82EE00F
:10E37000D4F820C0BEF1000F1FD1207B831E012BDB
:10E380001BD8626AA3699A4217D1E2696369626223
:10E39000CCF340110328A36284F82C1006D100911D
:10E3A00020463946FFF7E0FE09B0F0BD3946204669
:10E3B00009B0BDE8F040FFF753BF04F10C060FCEE3
:10E3C00003AD0FC533682B60BEF1000F17D0D7F82F
:10E3D000C434C7F8C4349A070DD501238DF808302A
:10E3E00000231CF0040F84F82F30DDD1D4E9003174
:10E3F00002A89847D8E75B07F2D50223EEE78DF82D
:10E4000008E0EDE701490248FFF7A0BF24790120A9
:10E410000030004002494FF04020FFF797BF00BF97
:10E42000607901202DE9F84F05793E4C4FF03C0A08
:10E430000AFB05FA04EB0A079B4697F82D30804645
:10E440000E469146002B68D1374B006853F82510D3
:10E4500000F076FC002862D13168737B87F8383091
:10E460001F298CBF01F01F030B4603F5E07388BF23
:10E470002E4AB86098BF4FF0A04240F20C6C87F86B
:10E480002F0042F823C07268C7F804B01F2A8CBF5F
:10E4900002F01F03134687F8300003F5E07388BFCE
:10E4A000224F44F80A9098BF4FF0A04747F823C086
:10E4B000D8F80030C3F80815C3F80C25B268C3F8C3
:10E4C0002425B9F1000F1BD0317B43F307324901FA
:10E4D000002AC3F30733C9B21ADB02F1604606F51E
:10E4E000614603F01F0386F8001301219940530988
:10E4F0009B0003F1604303F56143C3F88011196089
:10E500003C2303FB0544012384F82D30BDE8F88F3C
:10E51000074A03F00F03D154F2E70820F6E7112071
:10E52000F4E700BF24790120ECC10700000300508C
:10E5300014ED00E0036802790521C3F80015044BCF
:10E540003C2101FB0233022283F82D20704700BFDB
:10E550002479012003680A4A0179C3F80823D3F813
:10E56000002222F00302C3F800220022C3F8002593
:10E57000044B3C2202FB0133012283F82D2070471B
:10E58000864204002479012070B50679234D3C238E
:10E5900073430446EB5893B10368190B43F30733F5
:10E5A000002B0CDB01F01F015B0901228A402033A4
:10E5B0001B4941F82320BFF34F8FBFF36F8F2046D5
:10E5C000FFF7C8FF206800F0D2FB3C2303FB065393
:10E5D00093F83830DBB92268D2F808351F2B86BF94
:10E5E00003F01F030F484FF0A04003F5E073022132
:10E5F00040F82310D2F80C351F2B86BF03F01F0301
:10E60000084A4FF0A04203F5E07342F823103C2380
:10E6100003FB0655002385F82D3070BD24790120B9
:10E6200000E100E0000300502DE9F74F2D4F06797F
:10E63000D0F800902C4BC9F808333C2505FB067533
:10E64000C6EB061C95F82F308E46144607EB8C0C53
:10E6500003F0FF0B33B1AB68C9F80433112003B0EA
:10E66000BDE8F08F82F00403C3F3800385F82F30F8
:10E670002A628A46BAE80F0005F10C08A8E80F00E4
:10E68000DAF80030C8F80030DEF80430AB62DEF8AB
:10E690000C206A629EF80110C9F888159EF80010D7
:10E6A000012917D0A1B9C4F340143C2101FB067124
:10E6B000604681F82C4000944946FFF755FD3C2305
:10E6C0005E43BA19BB59002BC9D182F82F30C6E777
:10E6D0000124EAE785F82CB049466046FFF7C0FD03
:10E6E000EDE700BF2479012086420400F0B587B031
:10E6F00004460F4615460021142201A81E4605F0C7
:10E70000EFF89DF830208DF80570520101A92046E0
:10E7100002960495FFF788FF07B0F0BDF0B587B00B
:10E7200004460F4615460021142201A81E4605F096
:10E73000D7F80123002201A920468DF804308DF876
:10E74000057002960495FFF76FFF07B0F0BD00005B
:10E7500000280CDB4309064900F01F00203301228A
:10E76000824041F82320BFF34F8FBFF36F8F704774
:10E7700000E100E00023435082B043580193019B25
:10E7800002B070474358002B10B50A4614BF01244D
:10E79000002401D0FFF7EEFFA2F58070800804FA94
:10E7A00000F010BD03680BB108461847704707B565
:10E7B000002A8DF80010416808BF4FF48072019262
:10E7C0000A4342606946FFF7EDFF03B05DF804FBC2
:10E7D0008B7A2DE9F74307460E46002B65D10123BE
:10E7E0008B724D7ADFF83881DFF838914FF48271FF
:10E7F000FFF7C8FF4FF4927104463846FFF7C2FF97
:10E800004FF4A67104433846FFF7BCFF4FF4A871DC
:10E8100004433846FFF7B6FF4FF4B271044338465D
:10E82000FFF7B0FF4FF4B47104433846FFF7AAFF77
:10E83000EDB20443002C35D0042D56D8DFE805F0A6
:10E84000033845575E0014F0020302D024F002049E
:10E85000F0E7610110D5E20258BF01258DF80030C4
:10E860004CBF02252B46694630468DF8043024F013
:10E87000C364FFF797FFDDE7A3010BD503238DF8F2
:10E88000003004F40023002B0BBF012300230325D9
:10E890000425E8E7D7F8D024C7F8D024062130466D
:10E8A000FFF785FF00237572B37203B0BDE8F083F4
:10E8B0001A4D254003D024F480140225BAE7D7F876
:10E8C000D024C7F8D0240221E9E714EA0805F6D0DD
:10E8D00001238DF80030D7F84C35DBB2694630465D
:10E8E0000193FFF75FFF24F002040025A2E714EA7A
:10E8F00009050CD024F4002404259BE714EA08053C
:10E9000005D004238DF80030D7F83C35E5E7D7F87B
:10E91000D024C7F8D0240521C1E700BF02001006AB
:10E920000200000602000806037906490C225A4339
:10E930008A5832B903EB4303006801EB8301FFF708
:10E9400047BF70479C79012001490248FFF740BF4B
:10E950009C7901200030004002494FF04020FFF731
:10E9600037BF00BFA87901201F2886BF00F01F0015
:10E97000054A4FF0A04240F2026300F5E07043EA1E
:10E98000810142F820107047000300501F2886BF05
:10E9900000F01F00044B4FF0A04300F5E07002228E
:10E9A00043F82020704700BF000300502DE9F84FC6
:10E9B000DFF804A190F804900C2303FB09A30C4694
:10E9C0001B7A9046002B6FD10668394B304653F8BE
:10E9D000291000F0B5F90746002867D14FF0FF3342
:10E9E00046F30735C6F80005C6F808352846C6F8C8
:10E9F0000C35FFF7ADFE4FF0FF33C6F80833217C2E
:10EA0000A068FFF7B1FF617CE068FFF7ADFFD4E9D4
:10EA1000002352EA03014FEA163B3ED0003A18BFEA
:10EA200001220BB142F00202A17C002D4FEA4111FC
:10EA30005FFA8BF3C9B232DB05F160406D0900F576
:10EA40006140AD0005F1604580F8001305F56145B2
:10EA5000012103F01F0301FA03F3C5F880312B6095
:10EA6000D4E90231C6F808352378C6F80C15C6F883
:10EA700088352379C6F88C350C2303FB09F90AEB9A
:10EA80000903C6F8942500229A724AF809805A723E
:10EA900001221A723846BDE8F88F0122C4E7054802
:10EAA00003F00F03C154DBE70827F3E71127F1E771
:10EAB000F4C1070014ED00E09C79012073B50468EF
:10EAC0000579D4F80C15D4F8080502AB03E9030066
:10EAD0004FF0FF360023C4F8003544F30730C4F884
:10EAE0000865C4F80C65FFF733FEC4F80863009BA3
:10EAF000002B02DB0098FFF749FF019B002B02DB94
:10EB00000198FFF743FF204600F031F904490C2338
:10EB10006B43C8180022CA50027202B070BD00BF19
:10EB20009C79012010B5026804794FF48271104677
:10EB3000FFF720FE4FF49271FFF71CFE4FF4A67111
:10EB4000FFF718FE4FF4A871FFF714FE4FF4B271EF
:10EB5000FFF710FE4FF4B471FFF70CFE0C21094BC8
:10EB60006143595811B10849C2F804130921C2F888
:10EB700000150C2202FB0433022100225A60197294
:10EB80005A7210BD9C7901200202180603680749D9
:10EB90000279C3F808130021C3F80015044B0C21B7
:10EBA00001FB023301221A72704700BF02021806ED
:10EBB0009C79012030B5104B04790C2505FB0433FA
:10EBC0001B7A022B11D101F06043B3F1005F0ED12B
:10EBD00093B293420DD10268DBB2C2F84415C2F879
:10EBE000483501235363002030BD0820FCE7102086
:10EBF000FAE70920F8E700BF9C79012030B5104BF7
:10EC000004790C2505FB04331B7A022B11D101F08A
:10EC10006043B3F1005F0ED193B293420DD102680D
:10EC2000DBB2C2F83415C2F8383501231363002073
:10EC300030BD0820FCE71020FAE70920F8E700BF04
:10EC40009C79012010B50446FFF76EFE2279044B33
:10EC50000C2101FB0233587A431E5842584110BD23
:10EC60009C79012010B50446FFF75EFE2279044B23
:10EC70000C2101FB0233587AC31E5842584110BD83
:10EC80009C79012010B50446FFF74EFE2279044B13
:10EC90000C2101FB0233587A831E5842584110BDA3
:10ECA0009C79012010B50446FFF73EFE2279044B03
:10ECB0000C2101FB0233587A031F5842584110BD02
:10ECC0009C7901200E4B984211D0B0F1402F10D00A
:10ECD00003F5003398420ED0A3F5803398420CD050
:10ECE000084A094B904218BF002318467047074B4B
:10ECF000FBE7074BF9E7074BF7E7074BF5E700BFE3
:10ED00000030004000200040D4790120B479012077
:10ED1000BC790120C4790120CC790120014B1B680A
:10ED2000184700BFB4790120014B1B68184700BF8A
:10ED3000BC790120014B1B68184700BFC479012032
:10ED400070B5FFF7BFFF0D46044608B9002070BD3F
:10ED50000020FCF70EFF267916B9012325602371E8
:10ED60000020FCF708FF002EF0D01120EFE708B5D7
:10ED7000FFF7A8FF10B100230360037108BD000076
:10ED8000074A084B1360084A03F110011160074A53
:10ED900003F120011160064A0120C2F804357047D2
:10EDA000147A0120E4790120E0790120DC79012046
:10EDB00000E00040164B1B688B4210B507D001F1F4
:10EDC000100251F8044B43F8044B9142F9D1114A17
:10EDD0000023C2F80031012313604FF08073D2F892
:10EDE000001181B10023C2F800310B4B1B68834234
:10EDF00007D003F1100253F8041B40F8041B9342A0
:10EE0000F9D1012002E0013BE9D1184610BD00BF55
:10EE1000E079012000E00040DC790120054B1B680F
:10EE200000F1100250F8041B43F8041B9042F9D182
:10EE3000704700BF147A012000487047FCC10700EA
:10EE4000FAF7B0BAFAF700BB014BD3F804057047E4
:10EE5000001001404FF400320121FAF70DBB000011
:10EE600008B5F8F767FC064B01221A70054B4FF402
:10EE70000032C3F80021BDE80840F8F771BC00BFBC
:10EE80009072012000E100E0024B4FF40032C3F821
:10EE90000823704700100140054B002282B0C3F8E0
:10EEA0004421D3F844310193019B02B0704700BF65
:10EEB0000010014081F0004102E000BF83F00043F8
:10EEC00030B54FEA41044FEA430594EA050F08BF05
:10EED00090EA020F1FBF54EA000C55EA020C7FEAC9
:10EEE000645C7FEA655C00F0E2804FEA5454D4EB46
:10EEF0005555B8BF6D420CDD2C4480EA020281EA10
:10EF0000030382EA000083EA010180EA020281EA47
:10EF10000303362D88BF30BD11F0004F4FEA013199
:10EF20004FF4801C4CEA113102D0404261EB4101A8
:10EF300013F0004F4FEA03334CEA133302D052422E
:10EF400063EB430394EA050F00F0A780A4F10104EA
:10EF5000D5F1200E0DDB02FA0EFC22FA05F2801824
:10EF600041F1000103FA0EF2801843FA05F359410A
:10EF70000EE0A5F120050EF1200E012A03FA0EFC89
:10EF800028BF4CF0020C43FA05F3C01851EBE371B3
:10EF900001F0004507D54FF0000EDCF1000C7EEBD0
:10EFA00000006EEB0101B1F5801F1BD3B1F5001F0E
:10EFB0000CD349085FEA30004FEA3C0C04F101042D
:10EFC0004FEA445212F5800F80F09A80BCF1004F56
:10EFD00008BF5FEA500C50F1000041EB045141EAD8
:10EFE000050130BD5FEA4C0C404141EB010111F4D9
:10EFF000801FA4F10104E9D191F0000F04BF014684
:10F000000020B1FA81F308BF2033A3F10B03B3F161
:10F0100020020CDA0C3208DD02F1140CC2F10C02F1
:10F0200001FA0CF021FA02F10CE002F11402D8BF4F
:10F03000C2F1200C01FA02F120FA0CFCDCBF41EA1B
:10F040000C019040E41AA2BF01EB0451294330BDEA
:10F050006FEA04041F3C1CDA0C340EDC04F11404C7
:10F06000C4F1200220FA04F001FA02F340EA03009E
:10F0700021FA04F345EA030130BDC4F10C04C4F1E4
:10F08000200220FA02F001FA04F340EA03002946C4
:10F0900030BD21FA04F0294630BD94F0000F83F40E
:10F0A000801306BF81F480110134013D4EE77FEAF1
:10F0B000645C18BF7FEA655C29D094EA050F08BF3D
:10F0C00090EA020F05D054EA000C04BF194610461E
:10F0D00030BD91EA030F1EBF0021002030BD5FEA62
:10F0E000545C05D14000494128BF41F0004130BD8A
:10F0F00014F580043CBF01F5801130BD01F00045DE
:10F1000045F0FE4141F470014FF0000030BD7FEA50
:10F11000645C1ABF194610467FEA655C1CBF0B464B
:10F12000024650EA013406BF52EA033591EA030F62
:10F1300041F4002130BD00BF90F0000F04BF00215A
:10F14000704730B54FF4806404F132044FF000058D
:10F150004FF0000150E700BF90F0000F04BF002106
:10F16000704730B54FF4806404F1320410F000456C
:10F1700048BF40424FF000013EE700BF42004FEA67
:10F18000E2014FEA31014FEA02701FBF12F07F43E4
:10F1900093F07F4F81F06051704732F07F4208BF9B
:10F1A000704793F07F4F04BF41F40021704730B5A2
:10F1B0004FF4607401F0004521F000411CE700BFEE
:10F1C00050EA010208BF704730B54FF000050AE071
:10F1D00050EA010208BF704730B511F0004502D572
:10F1E000404261EB41014FF4806404F132045FEA74
:10F1F000915C3FF4D8AE4FF003025FEADC0C18BF1D
:10F2000003325FEADC0C18BF033202EBDC02C2F10E
:10F21000200300FA03FC20FA02F001FA03FE40EAA0
:10F220000E0021FA02F11444BDE600BF70B54FF0A4
:10F23000FF0C4CF4E06C1CEA11541DBF1CEA135582
:10F2400094EA0C0F95EA0C0F00F0DEF82C4481EAEA
:10F25000030621EA4C5123EA4C5350EA013518BF0A
:10F2600052EA033541F4801143F4801338D0A0FBF7
:10F2700002CE4FF00005E1FB02E506F00042E0FBA4
:10F2800003E54FF00006E1FB03569CF0000F18BFAA
:10F290004EF0010EA4F1FF04B6F5007F64F5407452
:10F2A00004D25FEA4E0E6D4146EB060642EAC621E5
:10F2B00041EA55514FEAC52040EA5E504FEACE2E52
:10F2C000B4F1FD0C88BFBCF5E06F1ED8BEF1004F55
:10F2D00008BF5FEA500E50F1000041EB045170BDD1
:10F2E00006F0004646EA010140EA020081EA030115
:10F2F000B4EB5C04C2BFD4EB0C0541EA045170BD11
:10F3000041F480114FF0000E013C00F3AB8014F18A
:10F31000360FDEBF002001F0004170BDC4F10004D3
:10F32000203C35DA0C341BDC04F11404C4F1200554
:10F3300000FA05F320FA04F001FA05F240EA0200AF
:10F3400001F0004221F0004110EBD37021FA04F6E5
:10F3500042EB06015EEA430E08BF20EAD37070BD9F
:10F36000C4F10C04C4F1200500FA04F320FA05F0FE
:10F3700001FA04F240EA020001F0004110EBD37000
:10F3800041F100015EEA430E08BF20EAD37070BD70
:10F39000C4F1200500FA05F24EEA020E20FA04F349
:10F3A00001FA05F243EA020321FA04F001F00041F8
:10F3B00021FA04F220EA020000EBD3705EEA430E69
:10F3C00008BF20EAD37070BD94F0000F0FD101F098
:10F3D0000046400041EB010111F4801F08BF013CD1
:10F3E000F7D041EA060195F0000F18BF704703F00F
:10F3F0000046520043EB030313F4801F08BF013D96
:10F40000F7D043EA0603704794EA0C0F0CEA135551
:10F4100018BF95EA0C0F0CD050EA410618BF52EA0B
:10F420004306D1D181EA030101F000414FF0000011
:10F4300070BD50EA410606BF1046194652EA43061F
:10F4400019D094EA0C0F02D150EA013613D195EA93
:10F450000C0F05D152EA03361CBF104619460AD1DB
:10F4600081EA030101F0004141F0FE4141F47001E5
:10F470004FF0000070BD41F0FE4141F4780170BDD5
:10F4800070B54FF0FF0C4CF4E06C1CEA11541DBF3A
:10F490001CEA135594EA0C0F95EA0C0F00F0A7F83C
:10F4A000A4EB050481EA030E52EA03354FEA013169
:10F4B00000F088804FEA03334FF0805545EA13137C
:10F4C00043EA12634FEA022245EA111545EA106544
:10F4D0004FEA00260EF000419D4208BF964244F1DB
:10F4E000FD0404F5407402D25B084FEA3202B61AFA
:10F4F00065EB03055B084FEA32024FF480104FF4CE
:10F50000002CB6EB020E75EB030E22BFB61A754641
:10F5100040EA0C005B084FEA3202B6EB020E75EBD4
:10F52000030E22BFB61A754640EA5C005B084FEA3C
:10F530003202B6EB020E75EB030E22BFB61A754609
:10F5400040EA9C005B084FEA3202B6EB020E75EB14
:10F55000030E22BFB61A754640EADC0055EA060ED5
:10F5600018D04FEA051545EA16754FEA06164FEA18
:10F57000C30343EA52734FEAC2025FEA1C1CC0D1C4
:10F5800011F4801F0BD141EA00014FF000004FF051
:10F59000004CB6E711F4801F04BF01430020B4F112
:10F5A000FD0C88BFBCF5E06F3FF6AFAEB5EB030CCA
:10F5B00004BFB6EB020C5FEA500C50F1000041EBC7
:10F5C000045170BD0EF0004E4EEA113114EB5C0494
:10F5D000C2BFD4EB0C0541EA045170BD41F4801167
:10F5E0004FF0000E013C90E645EA060E8DE60CEA6F
:10F5F000135594EA0C0F08BF95EA0C0F3FF43BAF8C
:10F6000094EA0C0F0AD150EA01347FF434AF95EA42
:10F610000C0F7FF425AF104619462CE795EA0C0F26
:10F6200006D152EA03353FF4FDAE1046194622E7F3
:10F6300050EA410618BF52EA43067FF4C5AE50EACD
:10F6400041047FF40DAF52EA43057FF4EBAE12E7BD
:10F650004FF0FF3C06E000BF4FF0010C02E000BF9E
:10F660004FF0010C4DF804CD4FEA410C7FEA6C5C81
:10F670004FEA430C18BF7FEA6C5C1BD001B050EA24
:10F68000410C0CBF52EA430C91EA030F02BF90EA0F
:10F69000020F0020704710F1000F91EA030F58BFCE
:10F6A000994208BF90422CBFD8176FEAE37040F030
:10F6B000010070474FEA410C7FEA6C5C02D150EACE
:10F6C000013C07D14FEA430C7FEA6C5CD6D152EA89
:10F6D000033CD3D05DF8040B704700BF844610464E
:10F6E00062468C461946634600E000BF01B5FFF74D
:10F6F000B7FF002848BF10F1000F01BD4DF808ED1D
:10F70000FFF7F4FF0CBF012000205DF808FB00BFED
:10F710004DF808EDFFF7EAFF34BF012000205DF847
:10F7200008FB00BF4DF808EDFFF7E0FF94BF012094
:10F7300000205DF808FB00BF4DF808EDFFF7CEFF95
:10F7400094BF012000205DF808FB00BF4DF808EDD4
:10F75000FFF7C4FF34BF012000205DF808FB00BFA5
:10F760004FEA410C7FEA6C5C02D150EA013C0AD1BD
:10F770004FEA430C7FEA6C5C02D152EA033C02D1AF
:10F780004FF0000070474FF0010070474FEA410210
:10F7900012F5001215D211D56FF47873B3EB6252E3
:10F7A00012D94FEAC12343F0004343EA505311F00A
:10F7B000004F23FA02F018BF404270474FF000009C
:10F7C000704750EA013005D111F0004008BF6FF0DA
:10F7D000004070474FF00000704700BF4FEA410201
:10F7E000B2F1E04324BFB3F5001CDCF1FE5C0DD99F
:10F7F00001F0004C4FEAC0024CEA5070B2F1004FE9
:10F8000040EB830008BF20F00100704711F0804FEB
:10F8100021D113F13872BCBF01F00040704741F4B0
:10F8200080114FEA5252C2F11802C2F1200C10FAB4
:10F830000CF320FA02F018BF40F001004FEAC12398
:10F840004FEAD32303FA0CFC40EA0C0023FA02F33C
:10F850004FEA4303CCE77FEA625307D150EA013312
:10F860001EBF4FF0FE4040F44000704701F00040E2
:10F8700040F0FE4040F40000704700BF7BB972B911
:10F880000029BEBF00204FF0004106E008BF00285D
:10F890001CBF6FF000414FF0FF3000F0BDB9ADF17B
:10F8A000080C6DE904CE002909DB002B1ADB00F0FF
:10F8B0004DF8DDF804E0DDE9022304B07047404272
:10F8C00061EB4101002B1BDB00F040F8DDF804E0A8
:10F8D000DDE9022304B0404261EB4101524263EB97
:10F8E00043037047524263EB430300F02FF8DDF807
:10F8F00004E0DDE9022304B0404261EB41017047BE
:10F90000524263EB430300F021F8DDF804E0DDE947
:10F91000022304B0524263EB4303704753B94AB920
:10F92000002908BF00281CBF4FF0FF314FF0FF3007
:10F9300000F072B9ADF1080C6DE904CE00F006F8E4
:10F94000DDF804E0DDE9022304B070472DE9F0475B
:10F95000089E04468846002B4BD18A42154667D93B
:10F96000B2FA82F24AB1C2F1200701FA02F320FA98
:10F9700007F7954047EA030894404FEA154E230CD9
:10F98000B8FBFEF71FFA85FC0EFB178843EA084315
:10F9900007FB0CF1994209D9EB1807F1FF3080F011
:10F9A0001B81994240F21881023F2B445B1AA4B29A
:10F9B000B3FBFEF00EFB103344EA034400FB0CFCE7
:10F9C000A44509D92C1900F1FF3380F00781A44523
:10F9D00040F2048102382C4440EA0740A4EB0C04B6
:10F9E00000271EB1D4400023C6E900433946BDE8D4
:10F9F000F0878B4209D9002E00F0EB800027C6E982
:10FA0000000138463946BDE8F087B3FA83F7002F86
:10FA100047D18B4202D3824200F2FA80841A61EB12
:10FA2000030301209846002EE0D0C6E90048DDE738
:10FA300002B9FFDEB2FA82F2002A40F08F80491B41
:10FA40004FEA154E1FFA85F80127B1FBFEFC230C87
:10FA50000EFB1C1143EA014308FB0CF1994207D944
:10FA6000EB180CF1FF3002D2994200F2CD808446AF
:10FA7000591AA3B2B1FBFEF00EFB101443EA044482
:10FA800008FB00F8A04507D92C1900F1FF3302D27A
:10FA9000A04500F2B6801846A4EB080440EA0C40EA
:10FAA0009FE7C7F1200CBB4022FA0CFE4EEA030E82
:10FAB00001FA07F420FA0CF521FA0CF34FEA1E487C
:10FAC0002543B3FBF8F92C0C08FB19331FFA8EFA07
:10FAD00044EA034309FB0AF49C4202FA07F200FAE3
:10FAE00007F10BD91EEB030309F1FF3080F087808B
:10FAF0009C4240F28480A9F1020973441B1BADB201
:10FB0000B3FBF8F008FB103345EA034400FB0AFAA4
:10FB1000A24508D91EEB040400F1FF336BD2A245C5
:10FB200069D90238744440EA0940A0FB0289A4EB79
:10FB30000A044C45C2464B4654D351D0002E69D0DE
:10FB4000B1EB0A0564EB030404FA0CFCFD40FC4035
:10FB50004CEA0505C6E90054002747E7C2F1200337
:10FB600020FA03F7954001FA02F021FA03F34FEA75
:10FB7000154E3843010CB3FBFEF71FFA85F80EFB58
:10FB8000173341EA034107FB08F38B4204FA02F4FE
:10FB900007D9691807F1FF3C2FD28B422DD9023FBC
:10FBA0002944CB1A81B2B3FBFEF00EFB103341EABD
:10FBB000034100FB08F38B4207D9691800F1FF3CB1
:10FBC00017D28B4215D902382944C91A40EA07478F
:10FBD0003BE73746304609E70746E7E61846FBE6C7
:10FBE0004145ABD2B8EB020A69EB0E02013813466D
:10FBF000A4E76046E9E7184695E76746D1E78146FE
:10FC00007CE702382C4447E7ACF1020C2B442FE789
:10FC1000384608E73746E9E6704700BF30B51F4A67
:10FC200021F00043934287B01CDD1D4A934205DD5D
:10FC300002460B46FFF742F907B030BD02AA00F0BA
:10FC4000D7F900F003000128DDE9042312D00228CF
:10FC50001CD0A0B1DDE9020100F006FF01F1004176
:10FC600007B030BD002300930022002301F024FCE4
:10FC700007B030BDDDE9020100F0F6FEDCE701244B
:10FC8000DDE90201009401F017FCD5E70124DDE96C
:10FC90000201009401F010FCE0E700BFFB21E93F06
:10FCA000FFFFEF7F00B585B0234A0190019B23F051
:10FCB000004393421DDDB3F1FF4F08DBDDED017A18
:10FCC00077EEE77A17EE900A05B05DF804FB02A91B
:10FCD00000F072FD00F00302012A14D0022A22D0A3
:10FCE000D2B101220399029802F066F807EE900A59
:10FCF000E8E7002101F096FC07EE900A17EE900A63
:10FD000005B05DF804FB0399029802F055F807EE80
:10FD1000900AF1EE677AD5E70399029801F082FC28
:10FD200007EE900ACEE70399029801F07BFC07EEFC
:10FD3000900AF1EE677AC5E7D80F493F82B001908B
:10FD4000019A22F00041CB0D7F3B162B20DC002BCB
:10FD500010462EDB234919410A4224D0DFED227AD6
:10FD60009DED017A77EE277AF5EEC07AF1EE10FA82
:10FD700019DD002A04DA4FF4000242FA03F31844B2
:10FD800020EA010307EE903A17EE900A02B070479E
:10FD9000B1F1FF4FDDED017AF6D377EEA77A17EEDA
:10FDA000900A02B07047DDED017A17EE900A02B0BA
:10FDB0007047DFED0D7A9DED017A77EE277AF5EE4B
:10FDC000C07AF1EE10FAEEDD002A02DBDFED077AF1
:10FDD000DAE7FFEE007A002918BFB0EE677AF0EE9E
:10FDE000477AD1E7FFFF7F00CAF2497100000000A7
:10FDF00000B585B0244A0190019B23F00043934253
:10FE00001EDDB3F1FF4F08DBDDED017A77EEE77A17
:10FE100017EE900A05B05DF804FB02A900F0CCFCD7
:10FE200000F00300012816D0022823D0D0B1039996
:10FE3000029801F0F7FB07EE900AF1EE677AE7E728
:10FE40000022002101F0B8FF07EE900A17EE900A99
:10FE500005B05DF804FB0399029801F0E3FB07EE9F
:10FE6000900AD5E701220399029801F0A5FF07EE59
:10FE7000900ACDE701220399029801F09DFF07EE59
:10FE8000900AF1EE677AC3E7D80F493F30B52DED00
:10FE9000028B284D8BB008EE100A00F0CBFA95F9D2
:10FEA00000300133044635D0B4EE488AF1EE10FA42
:10FEB00030D618EE100A02F0B7F907EE100AF7EE86
:10FEC000007AB4EEE77AF1EE10FA23DD01231A4A44
:10FED000009318EE100A002301920893FFF74EF9E1
:10FEE00002460B461548CDE90423CDE9022302F072
:10FEF00039F895F90030022BCDE906010FD068469C
:10FF000002F02EF858B1089B73B9DDE90601FFF73E
:10FF100065FC044620460BB0BDEC028B30BD02F000
:10FF200011FA21230360EEE702F00CFA089B03604C
:10FF3000EBE700BFBA65002008C2070018C9070038
:10FF400000F080BB10B52DED028B8AB008EE100AD0
:10FF500000F082FD234B93F90040631C09D0B4EEFE
:10FF6000488AF1EE10FA04D6B5EEC08AF1EE10FA26
:10FF700003D40AB0BDEC028B10BD01231A4A0093D2
:10FF800018EE100A002301920893FFF7F7F80022F9
:10FF9000CDE90401CDE902010023ACB110461946B8
:10FFA000FFF76EFA022CCDE906010FD102F0CAF973
:10FFB00021230360089B7BB9DDE90601FFF70EFCF6
:10FFC0000AB0BDEC028B10BDCDE90623684601F0F6
:10FFD000C7FF0028EED1E9E702F0B4F9089B0360FF
:10FFE000EAE700BFBA65002010C207000000000069
:10FFF0002DE9F047CA4B21F000479F4290B0804660
:0200000270008C
:10000000894640F38F80C74B9F420C46924626DCC0
:100010000029B9A3D3E9002340F38F80FEF74EFFF8
:10002000C14B9F4204460D4600F04781B4A3D3E97B
:100030000023FEF743FF02460B46CAE90023204691
:100040002946FEF73BFFAEA3D3E90023FEF736FFB8
:100050000125CAE90201284610B0BDE8F087B34B7C
:100060009F4240F38980B24B9F4200F31C813D15B3
:10007000A5F21645A7EB055319461F460646FFF79E
:1000800085FBFFF769F88046894642464B46304675
:100090003946CDE90A89FEF711FF0022A54BFFF78B
:1000A000C5F889468046FFF771FBFFF755F806460D
:1000B0000F4632463B4640464946CDE90C67FEF7BF
:1000C000FDFE00229B4BFFF7B1F800220023CDE993
:1000D0000E01FFF713FB002800F06081002330467B
:1000E00039460022FFF70AFB002814BF0123022330
:1000F000914A019202212A4600910AA8514600F035
:10010000DBFD002C054614DADAF80420DAF80C30AE
:1001100002F1004203F100434542CAF80420CAF844
:100120000C3006E000200021C2E90089C2E902018A
:100130000025284610B0BDE8F087FEF7C1FE7A4BD7
:100140009F4204460D4600F00B816DA3D3E90023C6
:10015000FEF7B6FE02460B46CAE9002329462046B2
:10016000FEF7ACFE66A3D3E90023FEF7A9FE4FF02D
:10017000FF35CAE90201DCE701F06CFE62A3D3E9B6
:10018000002380468946FFF751F800226B4BFEF7AB
:1001900097FEFFF7FBFA0546FEF7DEFF56A3D3E90D
:1001A0000023CDE90601FFF741F802460B46404621
:1001B0004946FEF783FE52A3D3E9002380468946D1
:1001C000DDE90601CDE90289FFF730F81F2D02466F
:1001D0000B46CDE9042340F3B380DDE90423DDE9D8
:1001E0000201FEF76BFE804689463F15C9F30A53AC
:1001F000FB1A102B40F3B18045A3D3E90023DDE9BE
:100200000601FFF713F88046894602460B46DDE9F2
:100210000201FEF753FE02460B46DDE90201CDE97D
:100220000823FEF74BFE42464B46FEF747FE3AA335
:10023000D3E9002380468946DDE90601FEF7F6FF93
:1002400042464B46FEF73AFE0B46CDE90401024614
:10025000DDE90801FEF732FEC1F30A53FF1A312F20
:100260008046894600F39C809DED087BCAE90089A1
:100270008DED027B42464B46DDE90201FEF71EFE94
:10028000DDE90423FEF71AFE002CCAE90201BFF6DD
:1002900050AF09F1004401F100436D42CAE9008406
:1002A000CAE9020345E702460B46FEF707FE0025B2
:1002B000CAE90201CAE900013BE715A3D3E900231B
:1002C000FEF7FCFD14A3D3E900230D460446FEF718
:1002D000F5FD02460B46CAE9002329462046FEF7F3
:1002E000EDFD0DA3D3E90023FEF7E8FD0125CAE9E2
:1002F00002011EE7AFF3008000004054FB21F93FEC
:100300003163621A61B4D03D83C8C96D305FE43F88
:100310000000601A61B4D03D7370032E8A19A33BAC
:10032000FB21E93F7BD90240FB21F93FFB21394109
:10033000FFFFEF7F0000704198C207000000E03F20
:1003400040464946FEF7BAFD394B6A1E804653F8CF
:100350002230BB4289463FF448AFCAE9008989E7A9
:100360002BA3D3E90023FEF7ABFD2BA3D3E9002396
:100370000D460446FEF7A4FD02460B46CAE90023DB
:1003800029462046FEF79AFD23A3D3E90023FEF772
:1003900097FD4FF0FF35CAE90201CAE60323A7E63D
:1003A0001FA3D3E90023DDE90601FEF73FFF064660
:1003B0000F4602460B46DDE90801FEF77FFD804649
:1003C000894602460B46DDE90801CDE90289FEF7C0
:1003D00075FD32463B46FEF771FD13A3D3E90023BA
:1003E00006460F46DDE90601FEF720FF32463B4692
:1003F000FEF764FD02460B4640464946CDE904231C
:10040000FEF75CFD80468946A7E700BFAFF300809A
:100410000000601A61B4D03D7370032E8A19A33BAB
:100420000000002E8A19A33BC14920259A837B39FD
:1004300018C2070038B520F00044B4F17E5F2DEDFE
:10044000048B07EE900A1ED014DCB4F17C5F0546E5
:100450005DDAB4F1485F23DA9FED6A7A37EE877A86
:10046000F7EE006AB4EEE67AF1EE10FA4FDD07EE31
:10047000100A03E077EEE77A87EEA77ABDEC048BEB
:1004800017EE100A38BD9FED607ADFED606A27EE47
:10049000877ABDEC048BA7EEA67A17EE100A38BD5A
:1004A00027EEA77A9FED5A2A9FED5A3A9FED5A4AB6
:1004B000DFED5A2ADFED5A3A9FED5A6ADFED5A4ACC
:1004C0009FED5A5ADFED5A5ADFED5A6AA7EE023A0B
:1004D000BDEC048BA3EE074AE7EE223AA4EE076ACE
:1004E000E3EE874AA6EE075AE4EE875AE5EE076A7E
:1004F000B7EE006AA5EE876A26EE877AC7EE066A2F
:10050000E7EEA67AB0EE677A17EE100A38BD17EE5E
:10051000900A01F089FE07EE900AB7EE007A37EEF6
:10052000678AF6EE007A28EE278ADFED392ADFEDBA
:10053000393A9FED3A3ADFED384A9FED394ADFED1F
:10054000395A9FED395A9FED396ADFED396ADFED8F
:10055000397AE8EE223AA8EE034AE3EE884AA4EE9E
:10056000085AE4EE885AE5EE086AA5EE886AA6EE17
:10057000887AE6EE087A18EE100AB0EE479A67EE2F
:10058000888A00F069FA2C4B9C4206EE100A13DDB3
:1005900088EE897ADFED297ADFED1C6AA6EE076A1C
:1005A000B0EE007AE6EE077A36EEE77A002D3FF7F6
:1005B00065AFB1EE477A61E720F47F6323F00F0364
:1005C00007EE903AF1EE675AA5EEA78A77EE867AA3
:1005D00088EE895AC8EE274A9FED0B7ADFED187A2C
:1005E000F0EE006AA4EEE67A36EE066AF0EE674AAE
:1005F000E5EEA64A96EE057A37EE647A37EEC77ACC
:10060000D4E700BFCAF249712EBD3BB3DB0FC93F2F
:1006100008EF1138047F4F3A461124BD2EC69D3D88
:10062000613330BFA80A4E3E2D57014090B0A6BEA0
:1006300039D119C0ABAA2A3E9999793F2EBD3B33D7
:10064000DB0F493F30B583B007EE900A0191019B63
:1006500023F00042B2F1FF4F17DC20F00041B1F16E
:10066000FF4F054611DCB3F17E5F3FD09C1704F0CD
:10067000020444EAD07481B9022C4CD09FED437A35
:10068000032C08BFF0EE477A03E09DED017A77EE88
:10069000277A17EE900A03B030BDF2B1B2F1FF4FE6
:1006A00029D0B1F1FF4F18D08A1AD2153C2A35DC77
:1006B000002B36DA3C3234DADFED357A012C47D0C4
:1006C000022C3CD0002CE4D0DFED326A9FED327A70
:1006D00077EEA67A77EEC77ADBE7DFED307A9FED2B
:1006E000307A002DB8BFF0EE477AD2E703B0BDE80C
:1006F000304001F0BBBCB1F1FF4F30D0022C0AD02A
:10070000032C39D0DFED277A9FED217A012C18BF19
:10071000F0EE477ABDE7DFED207ABAE7DFED1F7A2A
:10072000CCE7019807EE100AC7EE877A17EE900A19
:1007300001F07AFD01F09AFC07EE900ABEE7DFEDCA
:10074000156A9FED157A77EEA67A77EE677AA0E7BD
:1007500017EE903A03F1004307EE903A99E7022C26
:1007600010D0032C0BD0DFED107A9FED107A012C06
:1007700018BFF0EE477A8CE7DFED047A89E7DFED0A
:100780000C7A86E7DFED0B7A83E700BFDB0F49C009
:10079000000000002EBDBB33DB0F4940DB0FC93F1B
:1007A000DB0FC9BF00000080DB0F49BFDB0F493FF3
:1007B000E4CB16C0E4CB164070B5994A20F0004453
:1007C000944286B06BDD974A944206461CDC0028B2
:1007D00024F00F04DFED947A944A07EE100A64DDEA
:1007E000944277EE677A00F0D5809FED917A77EEAC
:1007F000C76A012077EEE67AC1ED006A77EEC77A24
:10080000C1ED017A06B070BD8A4A94420D4660DDA2
:10081000B4F1FF4F80F2B480E215863AA4EBC253E4
:1008200007EE903ABDEEE77ADFED836AB8EEC77A5D
:1008300077EEC77A8DED037A67EEA67ABDEEE77A9A
:10084000B8EEC77A77EEC77A8DED047A67EEA67AAE
:10085000F5EE407AF1EE10FACDED057A40F0CC805D
:10086000B5EE407AF1EE10FA0CBF01230223734972
:1008700001910221009103A8294600F05DFF002E9E
:1008800011DA95ED007AD5ED017AB1EE477AF1EE05
:10089000677A404285ED007AC5ED017A03E00022D7
:1008A00008604A60002006B070BD944277EE277A57
:1008B00000F08F809FED5E7A77EE876A4FF0FF3011
:1008C00077EEE67AC1ED006A77EE877AC1ED017ABC
:1008D000E9E701F0A9FC9FED5A6A9FED535ADFED5D
:1008E000546A07EE100AF6EE007AE7EE067AFDEE9D
:1008F000E77AB8EEE76A17EE900AF1EE465AF0EEA4
:10090000477A1F28E5EE857A26EE267A54DD77EEC3
:10091000C76A16EE903AE415C3F3C753E31A082BDF
:1009200054DD9FED487ADFED486AB0EE675AA5EED8
:10093000875A77EEC57AE5EE877AD6EE267A75EE97
:10094000676AB0EE677A16EE903AC3F3C753E41ABB
:10095000192C53DCC5ED006AF0EE457A77EEE67AA5
:10096000002E77EEC77AC5ED017A9CDAF1EE666A61
:10097000F1EE677AC5ED006AC5ED017A404292E773
:1009800007EE900A77EEE77A0020C1ED017AC1ED1B
:10099000007A88E7DFED2B6A9FED2B7A77EEE67A17
:1009A000012077EEC76A77EEE67AC1ED006A77EE4E
:1009B000C77AC1ED017A76E7421E244B53F8223004
:1009C00024F0FF029A4277EEC76AA2D0C5ED006A12
:1009D000C4E7DFED1C6A9FED1C7A77EEA67A4FF034
:1009E000FF3077EE876A77EEE67AC1ED006A77EE40
:1009F000877AC1ED017A56E7032338E7DFED146A01
:100A0000DFED144AF0EE457AE5EEA67A35EE677A28
:100A1000A5EEA67A96EE247A77EEC76AD6E700BFEF
:100A2000D80F493FE3CB1640800FC93FD00FC93FD5
:100A300043443537800F49430000804320C40700FA
:100A400084F9223F0044353708A3852EA0C3070050
:100A500000A3852E32318D2407EE900AF1EEE77A5D
:100A600017EE900A704700BF2DE9F04F21F00048C3
:100A7000B8F1795F85B006460F4692469B466BDA21
:100A8000FEF784FE002800F0E18032463B46304607
:100A90003946FEF7CBFB74A3D3E9002304460D4689
:100AA000FEF7C4FB72A3D3E90023FEF709FA22463E
:100AB0002B46FEF7BBFB70A3D3E90023FEF7FEF93C
:100AC00022462B46FEF7B2FB6DA3D3E90023FEF7C7
:100AD000F7F922462B46FEF7A9FB6BA3D3E90023C7
:100AE000FEF7ECF922462B46FEF7A0FB68A3D3E9FC
:100AF0000023FEF7E5F922462B46FEF797FBCDE9EA
:100B000000010022664B20462946FEF78FFBDDE9F7
:100B100000238046894620462946FEF787FB524639
:100B200004460D465B4630463946FEF77FFB0246DB
:100B30000B4620462946FEF7C1F902460B464046C1
:100B40004946FEF7BBF902460B4600205549FEF721
:100B5000B5F905B0BDE8F08F02460B46FEF766FB1F
:100B600041A3D3E9002304460D46FEF75FFB40A3F3
:100B7000D3E90023FEF7A4F922462B46FEF756FBE5
:100B80003DA3D3E90023FEF799F922462B46FEF751
:100B90004DFB3BA3D3E90023FEF792F922462B46F7
:100BA000FEF744FB38A3D3E90023FEF787F922467A
:100BB0002B46FEF73BFB36A3D3E90023FEF780F973
:100BC0002B462246FEF732FB374B9845CDE9000114
:100BD00097DD364B98453EDCA8F500130022002037
:100BE000304990469946FEF769F9CDE902010022A5
:100BF0002B4B20462946FEF719FB42464B46FEF793
:100C00005DF9DDE900238046894620462946FEF746
:100C10000DFB524604460D465B4630463946FEF70C
:100C200005FB02460B4620462946FEF747F90246D9
:100C30000B4640464946FEF741F902460B46DDE9C0
:100C40000201FEF73BF905B0BDE8F08F1549002021
:100C500005B0BDE8F08F9FED107B4FF000088DEDE3
:100C6000027BDFF84C90C2E7D43888BEE9FAA8BD11
:100C7000C4B1B4BD9EEE213EAD529C804F7E923EEB
:100C80009015CB19A001FA3E7751C1166CC1563FA1
:100C90004C5555555555A53F000000000000E73F55
:100CA0000000E03F0000F03F3233D33F0000E93F57
:100CB0000000D23F000000002DE9F04FADF5197D96
:100CC000BE4CA29EBE4D54F826600793D41E85FBF1
:100CD0000475E417C4EBA50424EAE4741D46631C00
:100CE000A3EB8303013D02EBC30305937319049641
:100CF0000994019503900B91A4EB05071AD43B448A
:100D0000002400255E1C0DF18008DDF88C9208E0BF
:100D100059F82700FEF720FA0137B742E8E8020148
:100D200008D0002FF4DA013720462946B742E8E818
:100D30000201F6D1049B002B079B4FEAC3030293E9
:100D40002ADB039A20A902EB030801EB0309049BA9
:100D500072AA02EBC30B0DF5E07A019B002B4FF05A
:100D600000064FF0000711DB039C4D4675E9022396
:100D7000F4E80201FEF75AFA02460B4630463946BD
:100D8000FEF79EF8444506460F46EFD1EAE80267B3
:100D9000DA4509F10809E0D1DDE9020404992044AB
:100DA0008B0082460BA8A3F10802C31808930CAB72
:100DB00013440A938B4698AB03EBCB03BBF1000FB4
:100DC00053E9284529DD70AB03EBCB080DF1300961
:100DD00000227C4B20462946FEF728FAFEF7D6FC77
:100DE000FEF7BAF90022784B06460F46FEF71EFAC8
:100DF00002460B4620462946FEF760F8FEF7C6FC81
:100E000078E9022349F8040B39463046FEF758F8D2
:100E100070AB984504460D46DAD1DDF814902046B3
:100E200029464A4601F0A4F800224FF07F530446B9
:100E30000D46FEF7FBF901F013F80022634BFEF7B5
:100E4000F5F902460B4620462946FEF737F80D46CF
:100E50000446FEF79BFC8046FEF77EF90B460246F1
:100E600029462046FEF72AF84B46002B06460F4639
:100E700040F3E1800BF1FF320CA9C9F1180351F8DE
:100E8000225045FA03F101FA03F30CA8EB1A40F8DB
:100E90002230C9F11705884443FA05F5002D2CDDF1
:100EA000BBF1000F08F1010840F381820C9C002C7B
:100EB00040F0A780BBF1010F0AD00CA9012251F824
:100EC000044F531C002C40F09E809B451A46F6D1DF
:100ED000059B002B0EDD012B00F0D980022B09D1E0
:100EE0000BF1FF320CAB0CA953F82230C3F31503FE
:100EF00041F82230022D00F0AF800022002330465E
:100F00003946FEF7FBFB002800F05382049B0BF1EF
:100F1000FF394B4510DC0BF180430CAA013B0898CC
:100F200002EB8303002253F80419834242EA0102D0
:100F3000F9D1002A40F0B680049B0CAA013B52F87C
:100F40002330002B40F0A1800A9A012352F80419A3
:100F500001330029FAD05B440BF10109994506934E
:100F60004CDC099A079909EB020801EB0B0508F123
:100F7000804802EB030BA39B08F1FF3803EB8808C2
:100F800070AB03EBC909A39B20A903EB8B0301EB17
:100F9000C505029358F8040FFEF7DEF80B460199D9
:100FA0000246002905F1080BC5E900234FF00006B1
:100FB0004FF000071CDB039C0CE000BF78C7070064
:100FC000ABAAAA2A0000703E000070410000204039
:100FD00075E90223F4E80201FEF728F902460B4600
:100FE00030463946FDF76CFF544506460F46EFD1B3
:100FF000029B9845E9E802675D46CBD1DDF818B061
:10100000D9E6012300220CA9C4F180749B4541F864
:1010100022400EDD51F8232001EB8B0001EB83030E
:101020006FF07F4100E01A688A1A43F8042B83426C
:10103000F9D101244CE706D10BF1FF330CAA52F889
:101040002350ED152AE700227B4BFEF775FB0028A5
:1010500040F0A381054650E732463B4600207749E1
:10106000FDF72CFF06460F46002C3FF446AF059ACD
:101070007249002000F07CFF02460B46304639469C
:10108000FDF71CFF06460F4637E7012363E70BF128
:10109000FF320CAB0CA953F82230C3F3160341F80E
:1010A000223027E70CAB059A53F82930183ACDE9DE
:1010B000068505926BB909F18043013B0CA901EB50
:1010C000830353F8041909F1FF39183A0029F8D0BD
:1010D0000592059A5949002000F04AFFB9F1000F26
:1010E00004460D46C0F2C0814FEAC90370AA02EB64
:1010F000030808930CAB03EB8906DFF844B14FF00B
:10110000000A08F10807043656F8040DFEF724F823
:1011100022462B46FEF78AF85B4667E902015246F3
:1011200020462946FEF782F80CAB9E4204460D4647
:10113000EAD148AB03930193CDF8149009F1010370
:10114000DDF810900293C3464FF0000AB9F1000F8A
:10115000C0F22A81DFF8EC805D4635A3D3E9002395
:1011600000260027002403E0544510DCF8E80223A1
:10117000F5E80201FEF75AF802460B4630463946BA
:10118000FDF79EFE0134A14506460F46ECDA019BB1
:10119000E3E802670193029B0AF1010A9A45ABF169
:1011A000080BD3D1A29BDDF81490032B39D8DFE8CC
:1011B00013F0D900060006004D0048AB0393B9F1C7
:1011C000000F4FF000004FF0000109DB039D05EB1D
:1011D000C904083474E90223FDF772FEA542F9D16F
:1011E000079B002B40F01E810B9BC3E900010B46BF
:1011F00003990246D1E90001FDF760FEB9F1000F45
:101200000CDD4AAD01240134F5E80223FDF758FE58
:10121000A145F8DA079B002B40F014810B9BC3E932
:101220000201069B03F007000DF5197DBDE8F08F64
:1012300000000040FB21F93F0000E03F0000F03FCC
:101240000000703E40C7070048AB0393B9F1000FA0
:1012500040F32781039ACDF810904FEAC903019318
:10126000D318D3E900AB09F10053013B02EBC908E5
:101270000293914678E9026752465B46304639460A
:10128000FDF71EFE04460D4602460B463046394623
:10129000FDF714FE52465B46FDF712FEC145A2461D
:1012A000AB46C8E90201C8E90045E3D1DDF810907A
:1012B000B9F1010F40F3F580019B039A02991344A1
:1012C000C900D3E9006701F1080A019192440DF5C4
:1012D000947B7AE9028932463B4640464946FDF70F
:1012E000EFFD04460D4602460B4640464946FDF7D3
:1012F000E5FD32463B46FDF7E3FDD34526462F4646
:10130000CAE90201CAE90045E3D1019C039B1034FC
:10131000002000211C4403F1100574E90223FDF7AD
:10132000CFFDA542F9D1039C079ED4E90023D4E95F
:101330000245002E00F08A8003F1004701F10043CE
:101340000B99C1E90403069B2646944605F1004427
:1013500003F00700C1E900C7C1E902640DF5197D7A
:10136000BDE8F08F089C039D0834002000212C4428
:1013700074E90223FDF7A4FDA542F9D1079B13B13F
:1013800001F1004319460B9BC3E90001069B03F0E2
:1013900007000DF5197DBDE8F08FBBF1000F08F1D6
:1013A000010874DD022581E500260027EFE6002410
:1013B0008EE5CDE90685059D304639466A4200F046
:1013C000D7FD0022384B06460F46FEF7B5F900B3AD
:1013D0000022364B30463946FDF728FFFEF7D6F996
:1013E0000446FDF7B9FE00222F4BFDF71FFF0B4609
:1013F000024639463046FDF761FDFEF7C7F90BF1AD
:1014000001090CAB183543F82B00059543F829402A
:101410005FE630463946FEF7B9F90CABD94643F8DA
:101420002B0056E60B9C01F10043C4E900030B4678
:1014300003990246D1E90001FDF740FDB9F1000F23
:101440003FF7DFAE01F100431946E7E60B9EC6E920
:101450000023069BC6E9040103F00700C6E9024524
:101460000DF5197DBDE8F08FA29B032B3FF6D9AE99
:1014700001A252F823F000BF89140700BB11070036
:10148000BB110700491207000020002176E7324611
:101490003B4600200649FDF711FD022506460F4692
:1014A0002BE5002000213EE7000070410000703E67
:1014B0000000F03F000000002DE9F04F21F0004651
:1014C000B6F1795F85B004460D469046994604DA38
:1014D000FEF75CF9002800F0858022462B46204666
:1014E0002946FDF7A3FE06460F4602460B46204658
:1014F0002946FDF79BFE41A3D3E9002382468B4694
:1015000030463946FDF792FE3EA3D3E90023FDF7AE
:10151000D5FC32463B46FDF789FE3CA3D3E90023C8
:10152000FDF7CEFC32463B46FDF780FE39A3D3E9FA
:101530000023FDF7C3FC32463B46FDF777FE37A399
:10154000D3E90023FDF7BCFC0E9BCDE900019BB362
:101550000022294B40464946FDF768FEDDE900239D
:10156000CDE9020150465946FDF760FE02460B46A2
:10157000DDE90201FDF7A2FC32463B46FDF756FECF
:1015800042464B46FDF79AFC19A3D3E900230646D1
:101590000F4650465946FDF749FE02460B46304677
:1015A0003946FDF78DFC02460B4620462946FDF7DD
:1015B00085FC05B0BDE8F08F02460B463046394643
:1015C000FDF734FE0AA3D3E90023FDF777FC52466A
:1015D0005B46FDF72BFE22462B46FDF771FC05B05E
:1015E000BDE8F08F2046294605B0BDE8F08F00BF6A
:1015F000495555555555C53F0000E03F7CD5CF5A5C
:101600003AD9E53DEB9C2B8AE6E55A3E7DFEB15783
:10161000E31DC73ED561C119A0012A3FA6F81011EC
:101620001111813F20F00043B3F1485F06EE100A2C
:1016300006EE901A2EDAFDEEC67A17EE903A002BDF
:101640005FD026EE067ADFED343A9FED344ADFEDC7
:10165000344A9FED345ADFED347ADFED345AA7EE89
:10166000234AE7EE044AA7EE245AE7EE057AE7EEAE
:10167000275A65EE875A66EEC66AB6EE006AE7EE4E
:10168000256AF7EE007AD7EE066A77EEE67A17EE6D
:10169000900A704726EE067ADFED1F3A9FED1F4A4B
:1016A000DFED1F4A9FED1F5ADFED1F7ADFED1F5A56
:1016B0001F4AA7EE234A9342E4EE074AA4EE875A54
:1016C000E5EE077AE7EE875A65EE875AD3DD194AC9
:1016D00093421BDC03F17F4307EE903AB7EE005ACA
:1016E00035EE675A66EEC66AB6EE006AE7EE256A20
:1016F000D7EE067A77EEE67A75EE677A17EE900AFD
:101700007047F7EE007A17EE900A7047B6EE075A68
:10171000F5EE027AE6E700BF4ED747ADF6740F311B
:101720007CF293B4010DD037610BB6BAABAA2A3D57
:101730009999993E0000483F2DE9F04F2DED048B1B
:10174000D7B003F1FF390293D31E48BF131DBA4C23
:10175000649D0591DB1023EAE37354F8256003933D
:1017600003F10108A2EBC80816EB09028646A3EBB9
:10177000090316D41A449FEDB17A6598511C1AAA30
:10178000002BA4BF50F8234007EE904A03F1010359
:10179000ACBFF8EEE77AF0EE477A8B42E2EC017AE2
:1017A000EED1029B002E4FEA83044FEA860A1DDB2E
:1017B0001AAB181943AA7346191902EB0A0742AD6E
:1017C000F446B9F1000FDFED9D7A09DB024663466E
:1017D000F3EC016A32ED017A8B42E6EE877AF7D1BB
:1017E000E5EC017ABD4200F10400EAD1AAF1080358
:1017F00006ADEB1804939FED939ADFED918A009666
:1018000005ABB34674449A4442AF76464FEA8B0325
:1018100056AA1A44BBF1000F52ED146A16DD07EB0D
:101820008B02294666EE897AB0EE667AFDEEE77A9B
:1018300032ED016AF8EEE77ABA42A7EEE87A77EE7F
:10184000866ABDEEC77AA1EC017AEBD1414616EE6D
:10185000900A019300F0ECFC08EE100AF4EE007A16
:1018600068EE277A17EE900AFEF768FA07EE100A7C
:10187000F2EE007AA7EE678AB8F1000F019BFDEE49
:10188000C89AF0EE487AB8EEE98A37EEC88A40F393
:10189000C6800BF1FF3CC8F1080255F82C1041FA44
:1018A00002F000FA02F2891A45F82C1019EE90CADB
:1018B0008444C8F1070209EE90CA41FA02F2002AF4
:1018C00048DD19EE901ABBF1000F01F1010109EE9C
:1018D000901A40F33682D5F800C0BCF1000F40F0FA
:1018E0009B80BBF1010F20D0AE4601205EF8041FA3
:1018F00000F1010C002900F09980E6468C46714603
:10190000CCF5807C8B4545F820C00CDD55F82100D6
:101910002B4405EB810100E00868C0F1FF0041F8AD
:10192000040B9942F8D14FF0010CB8F1000F0EDD15
:10193000B8F1010F00F02E81B8F1020F07D10BF1C1
:10194000FF3155F8213003F03F0345F82130022ADA
:1019500000F00981B5EE408AF1EE10FA40F0868081
:10196000009B0BF1FF3C63450EDC0BF1804101391C
:1019700005EB8101002051F80439514540EA03008C
:10198000F9D1002840F00F81009B013B55F823302E
:10199000002B40F0FC80049B4FF0010C53F804290D
:1019A0000CF1010C002AF9D0DC440BF1010EE645E4
:1019B00030DC039B029A0EEB03015A4403EB0C0B41
:1019C0001AAB01F1804103EB8202659B013903EB05
:1019D000810107EB8E0E03EB8B0B51F8043F9FED5B
:1019E000177A07EE903AF8EEE77A1046B9F1000F51
:1019F000E0EC017A09DB334601E072ED017AF3ECA9
:101A0000016AA342A6EEA77AF7D15945AEEC017A56
:101A10000246E2D1E346F9E60121002070E715D144
:101A20000BF1FF3255F82220121248E7E3456046D9
:101A30007FF45CAF8C4678E7B4C707000000000075
:101A4000000080430000803B0000C93FF6EE007AB2
:101A5000B4EEE78AF1EE10FA80F25D81B5EE408ACD
:101A6000F1EE10FA4FF000023FF47AAFC8F1000136
:101A700018EE100A0192009E00F0DAFB5FED106A8A
:101A8000019A07EE100AB4EEE67AF1EE10FAC0F20F
:101A90005B815FED147A67EE277A0BF10103FDEEAF
:101AA000E77A08F10808F8EEE77AA7EEE67AFDEEA5
:101AB000E77ABDEEC77A17EE101A45F82B1017EE2D
:101AC000901A45F8231041464FF07E50CDE900238F
:101AD00000F0AEFB019B009A002B07EE100AC0F24B
:101AE0004A819F0042A907F1040E5FED2A6A0F4464
:101AF000381D05EB0E0171ED017AF8EEE77AA94287
:101B000067EE877A27EE267A60ED017AF3D10DF140
:101B1000B8081FED336AC44603F101090025002E01
:101B2000C0F20481A24CDFEDA37A3846B0EE467ACB
:101B3000002103E0A94208DCB4EC017AF0EC016A70
:101B400001318E42E6EE877AF4DA01354D45ECEC50
:101B5000017AA7F10407E2D16499032955D8DFE897
:101B600001F0CAB7B75DF7EE007A37EEC88ABCF16C
:101B7000000F3FF4EFAE17EE900A4146019200F0DD
:101B800057FB07EE900A019A38EE678AE2E64FF0BB
:101B9000010C09E70BF1FF3155F8213003F07F0309
:101BA00045F82130D3E655F82C10009E6346A8F185
:101BB0000808002987D10CF18041013905EB81012A
:101BC00051F80409013BA8F108080028F8D07AE789
:101BD000DFED787A002A40F0BF809DED2E7A0599DE
:101BE000002BC1ED007A77EE677A0BDD2FA801217B
:101BF000B0EC017A01318B4277EE877AF8DA002A6D
:101C000040F0B680059BC3ED017A19EE903A03F0DF
:101C1000070057B0BDEC048BBDE8F08F002B40F3FC
:101C2000C4809C0056A921440DF1B80803F18040FE
:101C300051ED286A013808EB830171ED017A37EE26
:101C4000A67A884577EEC77A81ED007A77EEA67A94
:101C5000F0EE476AC1ED017AEFD1012B40F3A58088
:101C600056AB1C448000031D54ED286A43442FA941
:101C700073ED017A37EEA67A994277EEC77A83ED53
:101C8000007A77EEA67AF0EE476AC3ED017AEFD1DB
:101C90000830DFED487A08EB000308F1080833ED5F
:101CA000017A984577EE877AF9D1DDED2E6A9DEDC0
:101CB0002F7A2AB1F1EE666AB1EE477AF1EE677AD1
:101CC000059BC3ED006A83ED017AC3ED027A9CE7C0
:101CD000002BFFF67DAF2EA800EB8301DFED357AF8
:101CE000043131ED017A884277EE877AF9D1002A02
:101CF0003FF473AF30E0DFED2F7AC6443EED017A5A
:101D0000F04577EE877AF9D10AB1F1EE677A059B53
:101D1000C3ED007A79E719EE902ABBF1000F02F1CA
:101D2000010209EE902A3ADD0222D4E5DFED217AA4
:101D300001354D45ECEC017AA7F104077FF4EFAED5
:101D40000AE74FF0000CF0E5BDEEC77A5B4617EEF0
:101D5000101A45F82B10B6E6DDED2E6A0599B1EEA6
:101D6000677A002B76EEE77A81ED007A3FF73EAF97
:101D7000F1EE677A46E7649903293FF646AF01A082
:101D800050F821F0951D0700D11C0700D11C070059
:101D90001D1C0700DFED077A002AB6D1B7E7F7EE82
:101DA000007A37EEC88A0222D4E5DFED027A7CE7BA
:101DB0008CC707000000000020F00043B3F1485F2B
:101DC00007EE900A06EE101A04DABDEEE77A17EE77
:101DD000103A23B327EEA77A9FED174ADFED174A93
:101DE0009FED175ADFED175ADFED176AE7EE044A49
:101DF00027EE874AA4EE875AE5EE075AE5EE876A92
:101E000082B166EEC46AF6EE005AE6EE256ADFEDB0
:101E10000F5A96EE876AA4EE256A77EEC67A17EE19
:101E2000900A70479FED0A6AA7EE266AE6EE047AEA
:101E300017EE900A704700BFD3C92E2F342FD7B2A8
:101E40001BEF3836010D50B98988083CABAA2A3EF1
:101E5000ABAA2ABE21F000431946704700000000DB
:101E60002DE9F041C1F30A57A7F2FF35132D0246C1
:101E70000B460C46884606461DDC002D3CDB364FE3
:101E80002F4101EA070C5CEA000C19D030A3D3E91A
:101E90000023FDF715F800220023FDF757FCC8B317
:101EA000002C04DA4FF4801343FA05F5A84428EA1D
:101EB000070400262EE0332D06DDB5F5806F2DD00A
:101EC00010461946BDE8F081A7F213474FF0FF3CDA
:101ED0002CFA07F70742F3D01DA3D3E90023FCF740
:101EE000EFFF00220023FDF731FC98B1002C21DB2D
:101EF00026EA070644460DE015A3D3E90023FCF7C4
:101F0000DFFF00220023FDF721FC18B1002C08DBC5
:101F10000026344621463046BDE8F081FCF7D0FF6C
:101F2000D0E724F000430D4A1E43002E18BF14468C
:101F30000026EFE7142D08D00123C5F1340503FA7C
:101F400005F5AE1928BF9844D2E704F10108CFE7A0
:101F50009C7500883CE4377EFFFF0F000000F0BF57
:101F60000020704700200149704700BF0000F87F43
:101F7000F8B5C1F30A5304460D460E4617460BBB8F
:101F800021F00046034633431BD0354B0022FDF7BA
:101F90004DF9344B9F4204460D4635DBC1F30A53DD
:101FA0000E46363B3B4440F2FE72934232DC002B3D
:101FB00011DD26F0FF4626F4E00646EA03552046EA
:101FC0002946F8BD40F2FF729342EBD102460B4620
:101FD000FCF776FFF8BD13F1350F28DA4CF25033D9
:101FE0009F4222462B460ADD19A1D1E9000100F0EB
:101FF00093F917A3D3E90023FDF718F9F8BD16A14B
:10200000D1E9000100F088F913A3D3E90023FDF71B
:102010000DF9F8BD22462B460DA1D1E9000100F0D3
:102020007BF90BA3D3E90023FDF700F9F8BD26F0F7
:10203000FF4626F4E006363346EA03552046294695
:102040000022094BFDF7F2F8F8BD00BFAFF30080A6
:102050009C7500883CE4377E59F3F8C21F6EA501D9
:1020600000005043B03CFFFF0000903C38B520F02A
:102070000044B4F1A14F07EE900A05460DDBB4F120
:10208000FF4F5CDC9FED557ADFED557A0028C8BF25
:10209000F0EE477A17EE900A38BD524B9C4261DC55
:1020A000B4F1445F50DB4FF0FF3327EEA76A9FED9A
:1020B0004E1A9FED4E2ADFED4E1ADFED4E2A9FEDB0
:1020C0004E3ADFED4E3A9FED4E4ADFED4E4A9FED20
:1020D0004E5A9FED4E7ADFED4E5A66EE066A5A1C56
:1020E000A6EE812AE6EEA12AA2EE263AE2EEA63A72
:1020F000A3EE264AE3EEA64AA4EE265AA4EEA67A5A
:10210000E5EE265A27EE267AA5EE867A27EE277A7E
:102110003FD04049404A9B001944D1ED006A37EE58
:10212000667A134437EE677AD3ED007A77EEC77A92
:10213000002DB8BFF1EE677A17EE900A38BD77EE42
:10214000A77A17EE900A38BD9FED347A37EE877A7A
:10215000F7EE006AB4EEE67AF1EE10FAA3DD17EEC0
:10216000900A38BD00F060F82D4B9C4207EE100A33
:1021700014DCA3F5D0039C4225DCF0EE007AFFEEE0
:10218000006AE7EE276A002337EE277AC6EE877AE1
:102190008BE777EEC77A17EE900A38BD214B9C4249
:1021A0000BDCF7EE087AF7EE006AE7EE276A022307
:1021B00037EE677AC7EE267A77E7FFEE006AC6EE5B
:1021C000877A032371E7F7EE007A77EE676A37EED6
:1021D000277A0123C6EE877A67E700BFDB0FC93F86
:1021E000DB0FC9BFFFFFDF3ED769853C59DA4B3DA6
:1021F00021A215BD6BF16EBD356B883D95879DBDE8
:102200006E2EBA3D388EE3BD2549123ECDCC4CBE74
:10221000ABAAAA3ED0C70700C0C70700CAF24971DF
:10222000FFFF973FFFFF1B4020F00040704700BFBB
:1022300000B52DED028B83B00190019B33F000427D
:102240001DD0B2F1FF4F0FD2B2F5000F20D3D20D47
:102250000A44FE2A2CDC002A3DDD23F0FF4343EA3A
:10226000C25307EE903A03E007EE900A77EEA77AA2
:1022700017EE900A03B0BDEC028B5DF804FBDDEDB8
:10228000017A17EE900A03B0BDEC028B5DF804FBF7
:102290009DED017ADFED1B7A1B4B67EE277A9942A1
:1022A000CDED017A10DB019BC3F3C752193ACFE79A
:1022B0009FED168A019918EE100A00F035F807EE26
:1022C000900A67EE887AD3E7DFED117A9DED017A07
:1022D00067EE277ACCE712F1160F06DA4CF250338C
:1022E0009942E5DC9FED0A8AE4E7193223F0FF43C7
:1022F00043EAC2539FED077A07EE903A67EE877A7A
:10230000B6E700BF0000004CB03CFFFFCAF24971C5
:102310006042A20D0000003303F0004321F00042B0
:1023200042EA0301704700BF01F0004120F0004085
:102330000843704708B5062001F0D6FC0120F5F7E8
:1023400033FD00BF014B1868704700BFBC6500201B
:1023500070B5002948D005460C4610B1836B002BA0
:1023600048D0626EB4F90C30D00740D4990530D50E
:102370002146284600F05CF8E36A064633B1E1697D
:10238000284698470028B8BF4FF0FF36A3891A06A1
:102390003CD4216B41B104F14003994202D028465C
:1023A000F5F718F900232363616C21B12846F5F78E
:1023B00011F90023636400F0E9F9636E0022DB0782
:1023C000A2811FD5A06D00F0C3FD00F0E5F93046F5
:1023D00070BDA06D00F0BEFDB4F90C30002BC7D16C
:1023E000666E16F0010616D00026304670BD002B32
:1023F000FAD0BDE700F04CF9626EB4F90C30D007AA
:10240000F5D4B3E7A06D00F0A7FDDBE7216928460E
:10241000F5F7E0F8BDE7A06D00F09EFD304670BD19
:10242000024B01461868FFF793BF00BFBC65002050
:10243000B1F90C309AB22DE9F0410C4611078046F3
:1024400044D4626843F40063002AA38159DDA56A7D
:10245000002D53D000229BB2D8F80060E169C8F883
:10246000002013F4805240F0838001234046A847A7
:10247000421C4AD0A389A56AE1695B0705D5626859
:10248000236B801A0BB1E36BC01A0246002340464F
:10249000A847471C45D0B4F90C302269226023F4C8
:1024A00000630022A381DB04626000D52065216BFC
:1024B000C8F8006011B304F14003994202D04046CD
:1024C000F5F788F800202063BDE8F0812669AEB1F9
:1024D0002568266092070CBF63690023AD1BA360CB
:1024E0000AE02B463246676AE1694046B847002851
:1024F000A5EB000506442BDD002DF2DC0020BDE835
:10250000F081E26B002AA2DCF8E7D8F80030002B5B
:10251000B0D01D2B01D0162B2CD1C8F800600020A4
:10252000EDE7D8F800101D291AD8154BB4F90C2086
:10253000CB40DB4313F0010314D1256922F4006280
:10254000C4E90053D504A281B1D50029AFD1ADE7CC
:10255000A38943F04003A3814FF0FF30BDE8F08131
:10256000B4F90C2042F04002A2814FF0FF30C6E7E0
:10257000206D82E7A38943F04003A381BFE700BF3A
:102580000100402038B50D46044608B1836BA3B165
:10259000B5F90C00B8B16B6EDB0701D481051AD513
:1025A00020462946FFF744FF6B6EDA07044602D443
:1025B000AB899B050AD5204638BD00F069F8B5F90E
:1025C0000C000028E7D10446204638BDA86D00F075
:1025D000C3FC204638BDA86D00F0BCFCE0E700BF9E
:1025E00020B1054B01461868FFF7CCBF034B0449E7
:1025F000186800F04BBC00BFBC650020E4C80700B1
:102600008525070010B5002304468181C281C0E9F9
:10261000003383604366C0E90433836119460822AE
:102620005C3001F05DF907480749084A084BE3624E
:10263000C4E90740C4E9091204F15800BDE810409C
:1026400000F084BC693D07008D3D0700C93D0700CF
:10265000E93D0700014900F019BC00BF5123070004
:1026600070B54A1E682505FB02F50E4605F174019A
:10267000F4F76EFF044640B100210C30666005F1AE
:1026800068022160A06001F02BF9204670BD00BFF8
:1026900010B50446124800F05DFCA26BD2B904F5F7
:1026A0003B731048C4F8E8320321C4F8E022E06329
:1026B000C4F8E41260680421FFF7A4FF0122092195
:1026C000A068FFF79FFF02221221E068FFF79AFF40
:1026D0000123A3630248BDE8104000F03DBC00BFE9
:1026E000607A01205526070070B50646244800F0A0
:1026F00031FC244B1D68AB6B83B305F53875D5E908
:102700000134013B05D525E0013B5A1C04F1680466
:1027100020D0B4F90C20002AF6D100251A4BE36032
:1027200004F15800656600F011FC154800F014FC37
:102730002560C4E90155C4E90455A561294608226C
:1027400004F15C0001F0CCF8C4E90C55C4E9115562
:10275000204670BD2C682CB12546D0E72846FFF7EF
:1027600097FFCAE704213046FFF77AFF0446286046
:102770000028F1D1024800F0EFFB0C233360E7E7BB
:102780006C7A0120E4C807000100FFFF014800F057
:10279000E1BB00BF6C7A0120014800F0DDBB00BF47
:1027A0006C7A0120F0B5134683B00F4601AA194692
:1027B000064604F05BF8002836D005463046FFF7A1
:1027C00093FF044600282FD039464FF4DB73019A5B
:1027D000304601F0CFF8071E30DB636EDB0715D5FE
:1027E0001C4B1D491D4AE781C4E90743C4E909128E
:1027F0001B4BA581E905E3620FD4636EDA0702D4AF
:10280000A3899B0514D5204603B0F0BDA389980584
:10281000E6D4A06D00F09EFBE2E7304602230022E2
:10282000214600F06BF9E8E70024204603B0F0BD34
:10283000A06D00F091FB204603B0F0BD0025FFF72E
:10284000A5FFA581A06D00F083FB2C46FFF7A4FF38
:10285000D9E700BF693D07008D3D0700C93D07006E
:10286000E93D0700024B0A4601461868FFF79ABF88
:10287000BC650020F8B5244F0C460646F5F7A3FAD0
:10288000BB685D68C4F57E610F3125F003052944FE
:1028900021F47F6121F00F01A1F58054B4F5805F30
:1028A00007DB0021304601F019F9BB682B44984240
:1028B00004D03046F5F78BFA0020F8BD614230466F
:1028C00001F00CF901300DD0104BBA6819682D1BBE
:1028D00045F001053046091B55601960F5F777FA98
:1028E0000120F8BD0021304601F0F8F8BA68831ADB
:1028F0000F2BDEDD064C0549246843F00103001B65
:1029000053600860D5E700BF546B0020187A01209F
:102910005C6F0020002953D0F8B50C460646F5F749
:1029200052FA54F804CC714F2CF00101A4F10805BF
:102930006B18B8685A68984222F0030253D01CF012
:10294000010F5A6003EB02003BD154F808CC4068F9
:10295000A5EB0C0507F1080EAC687445614400F066
:10296000010075D0D5F80CC0C4F80CC0CCF80840F4
:1029700060B341F001036B606950B1F5007F50D343
:102980004B0A042B70D88B0903F13904E40003F1DE
:10299000380238193B590838984278D05A6822F0E2
:1029A00003028A4271D99B689842F7D1C368C5E98E
:1029B00002039D60C5603046BDE8F840F5F707BAF0
:1029C0007047406800F001000028D2D19868484C58
:1029D0001144A04241F0010262D0DB68C3609860FC
:1029E0006A606950C9E71CF0010F0A4407D154F826
:1029F000083CED1A1A44D5E90213CB6099603D4BAF
:102A00001B6842F0010193426960BD6004D83A4BF3
:102A100030461968FFF72EFF3046BDE8F840F5F75D
:102A2000D6B9C90878684A1C012389108B40034332
:102A300007EBC20157F832007B600839C5E9020193
:102A400047F83250C5603046BDE8F840F5F7BFB9E9
:102A5000002845D10A44D3E9021342F00100CB60BB
:102A600099606860AA50D7E7142B08D9542B1ED858
:102A70000B0B03F16F04E40003F16E0289E703F12D
:102A80005C04E40003F15B0283E718468EE79310D1
:102A90007968012202FA03F30B437B60034686E761
:102AA000C7E90455C5E902006A606950B4E7B3F5A7
:102AB000AA7F06D8CB0B03F17804E40003F1770278
:102AC00067E740F25452934206D88B0C03F17D0421
:102AD000E40003F17C025CE74FF47E747E2258E749
:102AE00041F001026A60196096E700BF546B002054
:102AF0005C6B0020606F0020487A012000F000B875
:102B00002DE9F04F0C4697B091461F46064618B186
:102B1000836B002B00F08F80626EA389D20702D4F2
:102B20009D0540F1A18003F48473B3F5847F00F028
:102B30009680D4F82880B8F1000F7FD0012F13D0F1
:102B4000022F00F08780002F00F08480636E162231
:102B5000D907326002D4A3899A0577D54FF0FF35A3
:102B6000284617B0BDE8F08F21463046FFF70AFD32
:102B7000A38913F4805240F03181E1693B4630462D
:102B8000C047411C054600F0DC80A38922695F072D
:102B900040F1E8806368216BED1A09B1E06B2D1AF2
:102BA000A9444FF0010A0027002A00F0E580B4F99B
:102BB0000C3040F61A019AB20A4208D1520566D486
:102BC000944A904500F0FB8043F40063A3812146C2
:102BD0003046FFF7D7FC002840F0BF803B464A460E
:102BE000E1693046C047013000F0B780216B41B148
:102BF00004F14003994202D03046F4F7EBFC002385
:102C00002363A3892269226023F402630021A38144
:102C10006160082204F15C0000F062FE656E15F050
:102C2000010503D1A3899B0540F193800025284627
:102C300017B0BDE8F08FFFF72BFD6DE7636E1D2227
:102C4000D80732608AD4A3899A0587D4A06D00F092
:102C500083F983E74FF0000A22695546A4E721462D
:102C60003046FFF78FFC64E7A06D00F073F9A3898D
:102C700059E7019AB4F90C3002F47042B2F5004FF2
:102C8000A2D143F480634FF48062A381E264002FF9
:102C900040F08880CB46BAF1000F72D1A389DB04E3
:102CA0007ED452460123E1693046C047451C8ED090
:102CB0006368216BC51A1A46002968D0E06B2D1A8B
:102CC000A26BD4F810C01D44A2EB0C02AD1A024452
:102CD000AB4580F28580E56CE1696D4205EA0B0544
:102CE0002A4600233046C04701303FF470AF2369C5
:102CF000216B23600023636041B104F140039942DA
:102D000002D03046F4F766FC00232363A389BBEBB3
:102D1000050B23F02003A38110D02146304600F09C
:102D200051FE00287FF453AF63685B45FFF44FAF5B
:102D30002268A3EB0B035A44C4E9002308220021B4
:102D400068E7636EDA073FF509AFA3899B053FF596
:102D500005AFA06D00F000F902E7636ED9077FF5BB
:102D6000FAAEFBE618077FF51BAF2368002B3FF494
:102D700017AF9B1A1D4413E72146304600F01CF99B
:102D800015E7216B11B16368E06B99E76268206811
:102D9000D4F810C0A0EB0C002D1A0244002197E7D4
:102DA000206D85E76A46B4F90E10304600F034F81D
:102DB00000287FF40CAF049B09EB030B6BE7B4F91D
:102DC0000E100029FFF600AF6A46304600F024F8E6
:102DD00000283FF44EAFB4F90C30F5E6256DD5E68A
:102DE000AB185B457FF677AFABEB05050CEB050346
:102DF000521BC4E9003241B104F14003994202D0B0
:102E00003046F4F7E7FB00232363A38923F0200374
:102E1000A38193E7C93D070038B50B46074C05462B
:102E20001146184600232360F5F7CFF9431C00D064
:102E300038BD2368002BFBD02B6038BD4C7A0120B5
:102E40002DE9F04110F538771BD088460026D7E9E8
:102E50000154013D0FD4A389012B05F1FF35204614
:102E600005D9B4F90E30013301D0C04706436B1CBD
:102E700004F16804EFD13F68002FE8D13046BDE887
:102E8000F0813E463046BDE8F08100BF2DE9F843B1
:102E900010F538771FD0884606464FF00009D7E96D
:102EA0000154013D11D4A389012B05F1FF352146C1
:102EB000304606D9B4F90E30013302D0C04749EA92
:102EC00000096B1C04F16804EDD13F68002FE6D1C6
:102ED0004846BDE8F883B9464846BDE8F88300BFD8
:102EE00070B50D4E0D4D761BB61006D00024013482
:102EF00055F8043B9847A642F9D1094E094D761B77
:102F000004F0CAF8B61006D00024013455F8043B8A
:102F10009847A642F9D170BD686F0020686F002005
:102F2000AC6F0020686F0020D0F8EC00704700BF45
:102F3000044B054A1B685B6B002B08BF1346D3F894
:102F4000EC007047BC650020E8690020704700BFB6
:102F5000704700BF704700BF704700BF70B50C4698
:102F6000B1F90E10002996B015461E460FDAA28957
:102F7000002312F08000336004D14FF480632B6093
:102F800016B070BD402218462A6016B070BD6A4661
:102F9000FFF742FF0028EADB019B03F47043A3F52F
:102FA0000053B3FA83F35B094FF480624FF400607F
:102FB00033602A6016B070BD8A8992070B4606D529
:102FC00001F1430201211A60C3E90421704770B581
:102FD00082B001AB6A460C460546FFF7BFFF009979
:102FE00006462846F4F7B4FAB4F90C30D8B11649BD
:102FF000E963019A0099206043F08003A381C4E94A
:1030000004011AB93343A38102B070BD2846B4F954
:103010000E1003F065FCA0B1A38923F0030343F075
:1030200001031BB2EEE79A05EED423F0030304F18B
:10303000430243F002030121A3812260C4E9042179
:10304000E2E7B4F90C30DDE755260700024B0146F4
:103050001868F4F77DBA00BFBC650020024B01463A
:103060001868F4F7B7BA00BFBC6500202DE9F04F2F
:1030700001F10B05162D83B0064623D8102900F266
:10308000B980F4F7A0FE102518230220C54F3B4459
:10309000A3F108025C68944200F06681636823F043
:1030A00003032344D4E902515A68E96042F0010263
:1030B0008D6030465A60F4F78AFE0834204603B02B
:1030C000BDE8F08F35F0070500F19480A94200F2C9
:1030D0009180F4F778FEB5F5FC7FC0F083816B0A30
:1030E00000F08F80042B00F24681AB0903F1390018
:1030F00003F1380CC300AB4F3B44A3F108015C68FB
:10310000A14206D10CE0002A80F21D81E468A142B0
:1031100006D0636823F003035A1B0F2AF3DD6046D1
:103120003C69DFF894C2644571D0636823F00303FF
:103130005A1B0F2A00F34481002AC7E904CC80F20D
:103140002681B3F5007F80F06981DB08591C7A681D
:1031500057F83180C4F808804FF0010E9B100EFA2A
:1031600003F307EBC10E1343AEF10802E2607B608C
:1031700047F83140C8F80C408210012494409C422A
:103180004BD81C4206D120F0030064001C4200F121
:103190000400FAD007EBC009CE468046DEF80C30BA
:1031A0009E4507D122E1002A80F22981DB689E45F5
:1031B00000F01C81596821F003014A1B0F2AF2DD3F
:1031C000D3E9028E5C1945F001055D6042F001050E
:1031D000C8F80CE03046CEF80880C7E90444C4E9DA
:1031E00002CC65605A500193F4F7F1FD019B03F1A5
:1031F000080463E700240C232046336003B0BDE8D5
:10320000F08F4FF4007340204FF03F0C73E77B6862
:103210008210012494409C42B3D9BC68636823F0B7
:103220000309A94503D3A9EB05030F2B7BDC5E4BF8
:10323000DFF888A11A68DAF80030013305EB0208DC
:1032400000F0488108F5805808F10F0828F47F68DD
:1032500028F00F084146304600F040FCB0F1FF3F37
:10326000834600F0048104EB0900584500F2FD801C
:103270004E4A13684344136000F04D81DAF80010A1
:1032800001311BBFABEB00001B18CAF800B0136084
:103290001BF0070300F03481C3F10801C3F580532C
:1032A0008B440833D844C8F30B08A3EB0808414605
:1032B0003046019200F012FC431C019A00F0468156
:1032C000A0EB0B01414441F001011368C7F808B0BD
:1032D0004344BC42CBF80410136015D0B9F10F0F72
:1032E00040F230816068A9F10C0121F0070100F083
:1032F000010004EB010C08434FF0050E0F2960603C
:10330000CCE901EE00F23A81294A2A481168BC68EA
:103310008B42016888BF136062688B4222F003020F
:1033200088BF0360A7E0621943F0010345F001057F
:1033300065603046BA605360F4F749FD08342046B2
:1033400003B0BDE8F08F2344E1685A68A56842F0F5
:103350000102E96030468D605A60F4F738FD0834A8
:10336000204603B0BDE8F08FDC68A34208BF0230FE
:103370003FF4D6AE92E6142B71D9542B00F2AD80F7
:103380002B0B03F16F0003F16E0CC300B3E6234473
:1033900030465A6842F001025A600834F4F717FDCB
:1033A0008CE600BF546B0020487A0120187A012077
:1033B000407A0120447A01205C6B00205C6F002081
:1033C000611945F0010E42F00105C4F804E03046F1
:1033D000C7E90411C1E902CC4D60E250F4F7F7FCF3
:1033E00008346BE6E80805F108034FE608F1010828
:1033F00018F0030F0EF1080E7FF4D0AE52E019441E
:103400001C464A68DB6854F8085F42F001024A60D3
:103410003046EB609D60F4F7DAFC4FE65A0A042A66
:1034200035D9142A6FD802F15C01C9005B3207EB71
:10343000010E7958AEF1080E8E4558D04A6822F038
:1034400003029A4202D989688E45F7D1D1F80CE07F
:103450007B68C4E9021ECEF80840CC608CE603F11C
:103460005C0003F15B0CC30045E6BC4272D0BC6853
:10347000626822F003029542A2EB050302D80F2BEB
:103480003FF751AF3046F4F7A2FC002416E69A0944
:1034900002F13901C9003832C9E7D9F800909945DD
:1034A00040F0838010F0030FA9F1080300F1FF3012
:1034B000F3D17B6823EA04037B6064009C423FF6FF
:1034C000ACAE1CB9A9E6640008F104081C42FAD0AD
:1034D00040465FE608F11008BCE6B3F5AA7F26D89F
:1034E000EB0B03F1780003F1770CC30003E67B6874
:1034F00092104FF0010808FA02F213437B60A8E72C
:103500004FF48053CEE6542A29D81A0B02F16F01EA
:10351000C9006E328BE7C0F30B0100297FF4AEAE19
:1035200009EB0802B96842F001024A60ECE640F299
:10353000545293421CD8AB0C03F17D0003F17C0C78
:10354000C300D8E50123CBF804309BE701214FF0FD
:103550000008BAE6164A1368434413608EE6B2F5D3
:10356000AA7F14D8DA0B02F17801C90077325EE73E
:103570004FF47E737F204FF07E0CBCE504F1080110
:1035800030460192F4F726F8019A1368BCE640F23F
:1035900054518A4205D89A0C02F17D01C9007C324F
:1035A00045E74FF47E717E2241E77B6885E700BFE7
:1035B000187A012082B049B15AB16BB113780B600F
:1035C0001278101C18BF012002B0704701A9002A10
:1035D000F3D1104602B070476FF00100F4E700BF6E
:1035E00001F0FF01102A2BDB10F0070F08D010F8B4
:1035F000013B013A8B422DD010F0070F42B3F6D1B8
:10360000F0B441EA012141EA014122F007047FF0D0
:1036100000070023F0E80256083C85EA010586EA27
:10362000010685FA47F5A3FA87F586FA47F6A5FA63
:1036300087F68EB9EED1F0BC01F0FF0102F007026F
:1036400032B110F8013B013A83EA010313B1F8D11A
:103650000020704701387047002D06BF35460338FB
:10366000073815F0010F07D1013015F4807F02BF34
:10367000013015F4C03F0130F0BC0138704700BF85
:10368000032A70B414D940EA0105AD0704460B467D
:1036900022D11D682668AE421946204603F1040374
:1036A00004F1040418D1043A032A20461946F0D83C
:1036B000541E72B102780B789A4208BF641806D083
:1036C0000CE010F8012F11F8013F9A4206D1A142F7
:1036D000F7D1002070BC7047541EEBE7D01A70BCC5
:1036E000704700BF844641EA000313F003036DD125
:1036F000403A41D351F8043B40F8043B51F8043BB5
:1037000040F8043B51F8043B40F8043B51F8043BBB
:1037100040F8043B51F8043B40F8043B51F8043BAB
:1037200040F8043B51F8043B40F8043B51F8043B9B
:1037300040F8043B51F8043B40F8043B51F8043B8B
:1037400040F8043B51F8043B40F8043B51F8043B7B
:1037500040F8043B51F8043B40F8043B51F8043B6B
:1037600040F8043B51F8043B40F8043B51F8043B5B
:1037700040F8043B403ABDD2303211D351F8043BFB
:1037800040F8043B51F8043B40F8043B51F8043B3B
:1037900040F8043B51F8043B40F8043B103AEDD2AA
:1037A0000C3205D351F8043B40F8043B043AF9D2FB
:1037B000043208D0D2071CBF11F8013B00F8013BCE
:1037C00001D30B8803806046704700BF082A13D3DB
:1037D0008B078DD010F003038AD0C3F10403D21AF3
:1037E000DB071CBF11F8013B00F8013B80D331F827
:1037F000023B20F8023B7BE7043AD9D3013A11F8A7
:10380000013B00F8013BF9D20B7803704B78437011
:103810008B788370604670478842F0B40DD98B185E
:1038200083420AD9841832B1224613F8014D02F8B6
:10383000014D9942F9D1F0BC70470F2A49D940EAAD
:1038400001039B0747D1A2F110031B0901F12007D7
:1038500007EB031701F1100400F1100554F8106C88
:1038600045F8106C54F80C6C45F80C6C54F8086C66
:1038700045F8086C54F8046C45F8046C1034BC42EC
:1038800005F11005EAD1013302F00F051B01032DEC
:103890001944034421D91F1F0E462C46043C56F8F8
:1038A00004CB47F804CF032CF8D82C1F24F00304D2
:1038B00004342344214402F00302002ABBD0013B1C
:1038C0000A4411F8014B03F8014F9142F9D1F0BCC1
:1038D00070470346F1E70346F1E72A46EDE700BFEC
:1038E000F0B4860743D0541E002A3ED0CAB2034625
:1038F00002E014F1FF3438D303F8012B9D07F8D10F
:10390000032C2BD9CDB245EA05250F2C45EA0545F8
:1039100016D9A4F110073F0903F1200606EB07169C
:1039200003F1100242E9045542E902551032B24255
:10393000F8D104F00F040137032C03EB07130DD962
:103940001E462246043A032A46F8045BFAD8221F90
:1039500022F003020432134404F003042CB1C9B270
:103960001C4403F8011B9C42FBD1F0BC7047144679
:103970000346C5E770B50D46084C114606461A4683
:10398000284600232360F4F713FD431C00D070BDCC
:103990002368002BFBD0336070BD00BF4C7A012040
:1039A000024B0A4601461868F3F762BDBC65002069
:1039B000838903F00903092B01D000207047FEF72B
:1039C0000FBE00BFF8B50C46054610B1836B002B47
:1039D00040D0B4F90C309AB2970407D4626E43F425
:1039E000005322F400526266A3819AB20021960627
:1039F000616038D450071AD4D10662D512074ED46C
:103A000043F00403A3812369002B55D0B4F90C7053
:103A1000BEB2B3072AD12269226028466369256AAB
:103A2000E169A8470028606017DD0020F8BD216B20
:103A30000029E8D004F14003994202D02846F3F768
:103A4000C9FDE36B636000202063002BDBD0A36B18
:103A50002360F8BDFEF71CFEBBE7B4F90C3016D1AD
:103A600043F02003A3814FF0FF30F8BD194B1A49F2
:103A700018680123A38106F00906FFF7E1F9092E72
:103A8000A781C8D121462846FEF7D2FCC3E743F000
:103A900040030022A38162604FF0FF30F8BD214651
:103AA0002846FEF76FFD0028DDD1B4F90C30A06088
:103AB000A06123F00803A3E721462846FFF77CFA1C
:103AC000A4E743F0400309222A604FF0FF30A381AE
:103AD000F8BD00BFE4C80700B139070038B5074C8E
:103AE0000023054608462360F4F748F9431C00D03C
:103AF00038BD2368002BFBD02B6038BD4C7A0120E9
:103B000000290CBF022200224FF4806300F000B8AD
:103B10002DE9F0435D4C256883B00446884616467F
:103B20001F4615B1AB6B002B7ED0022E05D0012EA7
:103B300000F2A980002FC0F2A680636EDA0735D5A7
:103B400021462846FEF71EFD216B41B104F14003DA
:103B5000994202D02846F3F73DFD00232363B4F9D0
:103B60000C3000221806A261626061D423F44A631B
:103B700023F00303022EA3811FD10025616E0020D4
:103B800004F1430243F00203A060C9074FF00100B3
:103B9000A3812260C4E9042004D49B0502D4A06D53
:103BA000FFF7DAF9284603B0BDE8F083A3899B0547
:103BB000C6D4A06DFFF7CEF9C2E701AB6A46214635
:103BC0002846FFF7CBF9A3891843A081002F36D1EF
:103BD000009F3846FFF73AFA8046002842D0A38972
:103BE00043F08003A381AB6B7BB3009AB4F90C3034
:103BF000C4F80080BA421CBF43F40063A381012EC5
:103C000004BF43F00103A3819BB213F00802C4E98F
:103C100004871ED1A260656E15F00105BDD0002598
:103C2000284603B0BDE8F0832846FEF731FD7CE767
:103C300021692846F3F7CEFCB4F90C3096E7B8F1C9
:103C4000000FC6D0AB6B002BCFD12846FEF720FD6E
:103C5000CBE7DA0704D57F420022A761A260DAE74A
:103C6000A760D8E7DDF80090B94504D1B4F90C306D
:103C70004FF0FF3582E74846FFF7E8F98046002815
:103C8000F4D04F46ABE74FF0FF358BE7BC65002023
:103C90001F2938B522D8D0F8DC3205460C466BB166
:103CA00053F8212052B1012A12D0511C12D0002504
:103CB000204643F824509047284638BD284600F057
:103CC0002FF8224601462846BDE8384000F014B8D7
:103CD000002038BD16230360012038BD1623036081
:103CE0004FF0FF3038BD00BF024B01461868FFF7A8
:103CF000CFBF00BFBC65002038B50B46074C05465A
:103D0000114618460023236003F0BEF9431C00D07F
:103D100038BD2368002BFBD02B6038BD4C7A0120C6
:103D200003F0AAB90EB430B59CB01FAB0C4C0D4DCE
:103D300053F8042B0193014602910691206802A9D1
:103D40006FF000440794CDE9044500F03DFB029B71
:103D500000221A701CB0BDE8304003B0704700BFAD
:103D6000BC6500200802FFFF10B50C46B1F90E102B
:103D700003F0F2F8002803DB236D0344236510BD34
:103D8000A38923F48053A38110BD00BF2DE9F04126
:103D90001646B1F90C201F46D3050C460546B1F96D
:103DA0000E1007D50022022302F0BAFDB4F90C2050
:103DB000B4F90E1022F48052A2813B4632462846C6
:103DC000BDE8F04101F0A2BD10B50C46B1F90E10EE
:103DD00002F0A6FDA389421C0EBF23F4805343F4D6
:103DE00080532065A38110BDB1F90E1001F0A4BD70
:103DF000F8B507460E4617F8014BFFF799F820442F
:103E000016F8015B437803F00303012B08BF20344D
:103E1000FFF78EF82844437803F00303012B04D006
:103E2000601B01D1002DE6D1F8BD05F12000201A5C
:103E3000E1D0F8BD0000000000000000000000001C
:103E4000A2EB0300704700BF02780B78012A28BF5D
:103E50009A42F5D16DE9044540EA0104CDE90267D3
:103E60006FF0000C4FEA447212B380EA010414F0C0
:103E7000070F6AD100F0070420F0070004F00305E3
:103E800021F007014FEAC505F0E8042314F0040F00
:103E9000F1E804670CFA05F462EA040266EA040633
:103EA0000AD063EA0403624667EA0407664603E051
:103EB000F0E80423F1E8046782FA4CF582EA06048C
:103EC000A4FA8CF46CBB83FA4CF583EA0705A5FAD7
:103ED0008CF595B950E9022351E9026782FA4CF555
:103EE00082EA0604A4FA8CF483FA4CF583EA070507
:103EF000A5FA8CF52543DBD09CB92DBAB5FA85F42B
:103F000024F0070427FA04F1DDE9026723FA04F339
:103F100003F0FF0001F0FF01FDE80445A0EB010004
:103F2000704724BAB4FA84F424F0070426FA04F1A2
:103F3000DDE9026722FA04F202F0FF0001F0FF015E
:103F4000FDE80445A0EB0100704714F0030F3CD1DD
:103F500010F0030428D150F8082B51F8083B82FADE
:103F60004CF582EA0305A5FA8CF55DB950F8042CEE
:103F700051F8043C82FA4CF582EA0305A5FA8CF567
:103F8000002DE8D02DBAB5FA85F424F0070423FA01
:103F900004F122FA04F202F0FF0001F0FF01FDE853
:103FA0000445A0EB010070474FEAC40420F0030071
:103FB00050F8082B21F0030151F8083B0CFA04F4E7
:103FC00062EA040263EA0403C9E710F003041AD0AA
:103FD000A1EB040120F00300E40750F8042B06D005
:103FE0000FD28B785FFAA2F4E41A06D12BB1CB780A
:103FF0005FFAB2F4E41A00D11BB920465DF8104B09
:10400000704701F1040150F8042BCC0721F00301A3
:1040100051F8043B48D824D222F07F4482FA4CF570
:1040200094EA1325A5FA8CF50AD165B951F8043B39
:1040300084EA0204B4EB036F0ED150F8042BEBE7D3
:104040004FEA132355E035F07F454DD10878FDE860
:104050000445C0F1000070474FEA126203F0FF030D
:1040600047E002EA1C4482FA4CF594EA1345A5FAAB
:104070008CF50AD165B951F8043B84EA0204B4EB2B
:10408000034F0CD150F8042BEBE74FEA134330E019
:1040900015EA1C4528D10B884FEA124229E04FEA65
:1040A000124203EA1C4324E002F0FF0482FA4CF5BA
:1040B00094EA1365A5FA8CF50AD165B951F8043B69
:1040C00084EA0204B4EB032F09D150F8042BEBE788
:1040D0004FEA13630DE015F0FF0F05D10B684FEAAF
:1040E000122223F07F4304E04FF00000FDE8044576
:1040F000704712BA1BBA82FA4CF482EA0304A4FA9B
:104100008CF5B5FA85F402FA04F203FA04F34FEAE7
:104110001260FDE80445A0EB13607047000000004A
:10412000000000000000000000000000000000008F
:10413000000000000000000000000000000000007F
:1041400090F800F06DE9024520F007016FF0000CD7
:1041500010F0070491F820F040F049804FF000047F
:104160006FF00700D1E9002391F840F000F108005A
:1041700082FA4CF2A4FA8CF283FA4CF3A2FA8CF392
:104180004BBBD1E9022382FA4CF200F10800A4FAF9
:104190008CF283FA4CF3A2FA8CF3E3B9D1E904234D
:1041A00082FA4CF200F10800A4FA8CF283FA4CF384
:1041B000A2FA8CF37BB9D1E9062301F1200182FA3E
:1041C0004CF200F10800A4FA8CF283FA4CF3A2FA44
:1041D0008CF3002BC6D0002A04BF04301A4612BA52
:1041E000B2FA82F2FDE8024500EBD2007047D1E955
:1041F000002304F00305C4F100004FEAC50514F0E4
:10420000040F91F840F00CFA05F562EA05021CBFB4
:1042100063EA050362464FF00004A9E770B404782E
:10422000A4B10D7806464DB1A5420AD00A4601E078
:10423000A34206D012F8013F002BF9D1801B70BCBD
:10424000704710F8014F002CEDD1F7E72046F6E754
:104250002DE9F0470D460746164698468A4600E087
:10426000A2465446089814F8019BFEF75DFE4844A8
:10427000407810F00800F3D1B9F12D0F5CD0B9F1FE
:104280002B0F0ABF9AF8011049460AF10204B8F14F
:10429000000F0CD0B8F1100F54D04FF0FF3EBEFB12
:1042A000F8FE08FB0EFA6FEA0A0AC14608E0302958
:1042B00050D04FF00A08DFF8E0E0C1464FF0050AA1
:1042C00000239C4607E0F44513D828D009FB0C2CAA
:1042D000012314F8011BA1F13002092A05D9A1F12B
:1042E0004102192A08D8A1F1370290450CDD002BB4
:1042F000E9DA4FF0FF33ECE7A1F16102192A03D8A4
:10430000A1F157029045F2DC002B0DDB08B1CCF196
:10431000000C0EB173B935606046BDE8F0875245B8
:10432000D4DD4FF0FF33D4E722233B604FF0FF3C56
:10433000002EF1D0651EEEE70AF102049AF8011092
:104340000120A4E7302912D04FF00F0A6FF0704E11
:10435000C146B5E7237803F0DF03582B0CD04FF0AC
:104360000808C1464FF0070A6FF0604EA8E72378AF
:1043700003F0DF03582B09D14FF010096178C846CC
:104380004FF00F0A02346FF0704E99E7C1466FF09C
:10439000704E4FF00F0A93E79999991930B5084C70
:1043A000084B25686C6B83B0002C08BF1C4600943A
:1043B00013460A4601462846FFF74AFF03B030BDC0
:1043C000BC650020E86900202DE9F04FC5B00C461F
:1043D0000C9191460F930D9002F094FA0368189394
:1043E0001846FFF7ADFEA38917901D0603D5236974
:1043F000002B00F01D879FED947B00238DED147B37
:10440000CDE928330DF1D0081393169319930A932D
:10441000CDF89C80C246CB469BF80030002B00F0C4
:104420009980252B5C4602D11CE0252B03D014F883
:10443000013F002BF9D1A4EB0B0585B1DDE9283252
:1044400001332A44072BCAF800B0CAF80450CDE95A
:10445000283277DC0AF1080A0A9B2B440A93237856
:10446000002B77D000231A468DF87F3019460B9326
:104470001F464FF0FF306378099004F1010B0BF1F8
:10448000010B9946A9F12003582B00F27583DFE850
:1044900013F0C30273037303BE0273037303730346
:1044A000730373037303B202AD02730367034C0318
:1044B00073036C03B600B600B600B600B600B600D3
:1044C000B600B600B600730373037303730373037C
:1044D000730373037303730373033703E4027303F8
:1044E000E4027303730373037303DF027303730341
:1044F000A5007303730373037303730375007303DE
:1045000073038D02730373037303730373037303E2
:1045100073037303730373037C012F01E402E4024A
:10452000E4022A012F01730373031D0173030901C0
:10453000A700CA00C5007303E1007303770073038B
:104540007303CB0227AADDE90C1002F01BFD40B972
:10455000C24681E7299B23B10D980C9927AA02F046
:1045600011FD0C9B9B8913F0400F0A9B18BF4FF065
:10457000FF330A930A9845B0BDE8F08F47F0100763
:10458000BE0640F127850F9D073525F0070303F18F
:104590000802D3E900450F920123099A002601324F
:1045A0008DF87F6000F0288427F08002079254EA9B
:1045B000050240F0C080099A002A40F0B386002B23
:1045C00040F0D68417F001030E9300F0488544AB09
:1045D0001A46302302F8413D1192CDE047F0100712
:1045E00017F0200300F000850F9D073525F0070325
:1045F00003F10802D3E900450F920023CDE7A9F1AA
:10460000300300201BF8019B00EB800003EB40000F
:10461000A9F13003092BF5D90B9033E747F02007B8
:104620009BF800302BE70F9A094B1468169304325D
:1046300047F63003ADF8803047F002070F920025AF
:1046400002234FF07809A8E70000000000000000F6
:104650001CC907000F9A1368119300248DF87F403E
:10466000151D002B00F00E86099A531C00F0B6862B
:1046700021461198FEF7B4FF002800F09C87119B9B
:104680000994C31A0E930F95079723EAE3739DF8D5
:104690007F6008931294002E00F08980089B0133FC
:1046A000089384E0002A41F0AE800F9AB90652F8D0
:1046B000043B0F9200F11285FA0600F109867F068D
:1046C00040F10686BDF828201A80A5E69BF8003048
:1046D0006C2B03BF9BF8013047F020070BF1010B57
:1046E00047F01007CBE647F040079BF80030C6E6DE
:1046F000002A41F06A80BC0640F10A820F9D07350E
:1047000025F00703D3E9004503F108020F92002CBE
:1047100075F10003C0F2AF84099B9DF87F600133FF
:1047200000F0B48427F08002079254EA05024FF0AB
:1047300001033FF440AF012B00F06283022B00F035
:104740008283414600E01146E20842EA4572E808E9
:1047500004F0070305461446303354EA050001F817
:10476000013C01F1FF32EED107981192C00700F130
:104770005984A8EB02030E93099B0E9A9342B8BF8B
:10478000134608930023129385E70F9900230A68C4
:104790008DF87F301E468DF8A82001230A1DCDE933
:1047A0000773CDE90E322AAB099612961193079B37
:1047B00013F0020702D0089B02330893079B299C41
:1047C00013F0840310933FD10B9B089A9D1A002D80
:1047D0003ADD102D289B29DD52462146AA46102697
:1047E000DDE90C5406E0AAF1100ABAF1100F02F14B
:1047F000080218DD0133BB481031072BCDE9283101
:10480000C2E90006EFDD27AA2946204602F0BAFBDE
:1048100000287FF4A6AEAAF1100ABAF1100FDDE964
:1048200028314246E6DC55460C4692460133AD4AF5
:104830002C44072BCDE92834CAE9002500F34C8528
:104840009DF87F600AF1080A76B1289B0133013494
:104850000DF17F010122072BCDE92834CAE90012AE
:1048600000F3DB820AF1080A6FB1289B013302349E
:1048700020A90222072BCDE92834CAE9001200F34F
:10488000D7820AF1080A109B802B00F0E781099B70
:104890000E9A9D1A002D31DD102D289A924F22DD9F
:1048A000534621461026DDE90CA404E0103D102DEE
:1048B00003F1080315DD01321031072ACDE9282163
:1048C000C3E90076F2DD27AA5146204602F05AFBE2
:1048D00000287FF446AE103D102DDDE92821434627
:1048E000E9DC9A460C4601322C44072ACDE92824FB
:1048F000CAE9007500F3BC820AF1080A079BDF05CC
:1049000000F15081289B119ACAF800200E9ACAF82B
:10491000042001331444072B2994289300F30E82BA
:104920000AF1080A079B5A0731D50B9B089A9D1A72
:10493000002D2CDD102D289B1FDD1026DDE90C97A6
:1049400004E0103D102D0AF1080A16DD0133654A16
:104950001034072BCDE92834CAE90026F1DD27AA57
:104960004946384602F00EFB00287FF4FAAD103DB0
:10497000102DDDE92834C246E8DC0133594A2C44C5
:10498000072BCDE92834CAE9002500F35E83DDE971
:104990000A3208998A42ACBF9B185B180A93002C14
:1049A00040F0958100232893C24635E5002A40F067
:1049B0001A874E4B1693B9063DD50F9D073525F046
:1049C0000703D3E9004503F108020F92FE0740F107
:1049D000D18054EA050300F0CD8030238DF880307B
:1049E0008DF8819047F002070223D6E59BF800304E
:1049F00001222B2143E50F989BF8003004680B94AB
:104A0000002C00F10400C0F20D840F9037E547F050
:104A100001079BF8003032E59BF8003000297FF455
:104A20002EAD012220212AE5002A40F0F086304BED
:104A30001693B906C1D40F9BFA0653F8044B0F9393
:104A400000F111837B0640F10E83A4B20025BDE77F
:104A500047F008079BF8003011E5002A40F0C786B0
:104A60000F9D073525F0070595ED007B52EC171BD0
:104A700022F000431B938DED1A7A05F10804DDE95D
:104A80001A014FF0FF321B4B0F948DED147BFAF798
:104A900067FE002840F031834FF0FF32154BDDE90F
:104AA0001A01FAF73FFE002840F027830022002376
:104AB000DDE91401FAF72CFE002840F02A859DF864
:104AC0007F600D4A0D4B0321002027F08004B9F1CF
:104AD000470FD8BF1A46CDE90810079411920E91DE
:104AE0001290D8E53CC907004CC9070008C9070067
:104AF0001CC90700FFFFEF7FFCC80700F8C80700CC
:104B0000002A40F0788647F01007BC063FF5F6AD66
:104B10000F9BF80653F8044B0F9300F1A682790619
:104B200040F1A38224B2E517F1E59BF80090B9F1BA
:104B30002A0F0BF1010000F02286A9F13003092BA6
:104B4000834600F20C8500201BF8019B00EB8000DF
:104B500003EB4000A9F13003092BF5D9099091E44A
:104B60009BF8003047F0040789E447F080079BF882
:104B7000003084E4022310E5002A40F04086B9F1B9
:104B8000000F3FF4E7AC002301221E468DF87F3072
:104B9000099312932AAB08928DF8A89007970E926A
:104BA000119304E6B9F1650F40F3D380002200238E
:104BB000DDE91401FAF7A2FD002800F06981289BC5
:104BC000B14ACAF80020013301340122072BCDE994
:104BD0002834CAF8042000F3D1830AF1080A219B83
:104BE000139A299C934280F22B82289B189ACAF828
:104BF0000020179ACAF8042001331444072BCDE98A
:104C0000283400F334830AF1080A139B5D1E002D3B
:104C10007FF788AE102D289A9C4F40F38883234657
:104C20001026DDE90C4905E00AF1080A103D102DB7
:104C300040F37C8301321033072ACDE92823CAE9E7
:104C40000076F1DD27AA2146484602F09BF90028AC
:104C50007FF487ACDDE92823C246E7E70B9B089A7F
:104C60009D1A002D7FF713AE102D289A874F22DD55
:104C7000534621461026DDE90CA404E0103D102D1A
:104C800003F1080315DD01321031072ACDE928218F
:104C9000C3E90076F2DD27AA5146204602F072F9F8
:104CA00000287FF45EAC103D102DDDE9282143463D
:104CB000E9DC9A460C4601322C44072ACDE9282427
:104CC000CAE9007500F33D830AF1080ADFE527AA67
:104CD000DDE90C1002F056F900283FF463AE40E421
:104CE00027AADDE90C1002F04DF900287FF439AC59
:104CF000219B299CC2461BB9139A002A00F0788395
:104D0000289A1899CAF800101799CAF804100132A5
:104D10000C44072A2994289200F358840AF1080ABF
:104D2000002BC0F29184139B119901321C44072A75
:104D3000CDE92824CAE900137FF7F2AD27AADDE9FF
:104D40000C1002F01FF900287FF40BAC299CC2461E
:104D5000E8E5139A289B012A04F1010403F10105F7
:104D60000AF1080640F34A810123119ACAF800208B
:104D7000072DCDE92854CAF8043000F3BB82179BF5
:104D8000189A01351C44072DCDE92854C6E90023A3
:104D900000F3BC8208366B1C1F46B946139F0E9366
:104DA000013F00220023DDE91401099706F1080AFA
:104DB000FAF7A4FC002840F0E180119B77600133F2
:104DC0003C44B9F1070F33602994CDF8A09000F36B
:104DD0003E8206F1100305F1020956469A46199AD9
:104DE0007260144423ABB9F1070F2994CDF8A09059
:104DF00033607FF797ADA1E7012B07977FF49EAC57
:104E0000002D08BF0A2C80F0478144AB303403F8F2
:104E1000414D119301230E93AEE427AADDE90C1056
:104E200002F0B0F800287FF49CAB299CC2461BE539
:104E300027AADDE90C1002F0A5F800287FF491AB59
:104E4000299CC2461FE5169F4246230904F00F0025
:104E500043EA057329091C460D463B5C02F8013DF7
:104E600054EA0503F1D1A8EB020311920E9383E4F7
:104E700027AADDE90C1002F085F800287FF471AB59
:104E8000299CC2463AE500BF38C907004CC9070053
:104E9000219B002B40F36182DDE912329342A8BFCF
:104EA0001346002B1D460EDD289B119ACAF80020E0
:104EB00001332C44072B2994CAF80450289300F39B
:104EC0001D830AF1080A129B002DA8BF5B1B002B53
:104ED0001D4600F38381219B139A9342C0F2E78120
:104EE000079AD00700F1E381139A1298D31A151A82
:104EF0009D42A8BF1D46002D0FDD289A1199CAF8C2
:104F00000450013201442C44072ACAF80010CDE9AC
:104F1000282400F328830AF1080A002DACBF5D1B8A
:104F20001D46002D7FF7FEAC102D289ABF4F40F391
:104F3000FE8123461026DDE90C4905E00AF1080A46
:104F4000103D102D40F3F28101321033072ACDE9D4
:104F50002823CAE90076F1DD27AA2146484602F057
:104F600011F800287FF4FDAADDE92823C246E7E70F
:104F7000099B0E93CDF84480FFF7FEBB099A002AE7
:104F80007FF72DAF102AA94F40F3F48333469246A2
:104F90004FF0100922460E9DDDE90C6407E008334E
:104FA000AAF1100ABAF1100F40F3F2810135103264
:104FB000072DCDE92852C3E90079F0DD27AA314653
:104FC000204601F0DFFF00287FF4CBAADDE928525C
:104FD0004346E5E70F9BFD0653F8044B0F9376D548
:104FE00000250123FFF7D9BA0F9A52F8044B0F920C
:104FF00017F0100279D00025FFF7CFBA079AD10732
:105000003FF5B2AE01221199CAF80010072DCDE983
:105010002854CAF8042000F31A8103F102090AF1A6
:10502000100ADCE6302B00F03C81119A0239302363
:1050300002F8013CA8EB01030E931191FFF79CBB12
:10504000079BDE073FF5D1AD6CE427AADDE90C1024
:1050500001F098FF00287FF484AA299C97E4CDF8FA
:105060004480FFF789BB0025B0E4E517002C75F1FB
:105070000003BFF651AB099B64424FF02D0665EB70
:10508000450501338DF87F607FF44CAB002D08BFE0
:105090000A2C0797FFF4B9AE4746204629460A2254
:1050A0000023FAF73BFC303207F8012D2046294651
:1050B00000230A22FAF732FC04460D4654EA05039F
:1050C000EBD1A8EB070311970E93FFF755BB7806BA
:1050D00048BFA4B200250123FFF75FBA0A9A104621
:1050E000D117C3E90001FFF797B917F040031CBFC0
:1050F0001346A4B20025FFF750BADDE914010246B9
:105100000B46FAF72DFB002840F00D83099B5A1C33
:1051100029F0200600F04C82472E00F06E81159B8E
:1051200047F48072002B0792C0F210829DED147B31
:105130008DED1C7B00231093B9F1660F00F02682E1
:10514000B9F1460F00F06482452E00F05B8125A87E
:1051500022A921AA0223099C0292CDE903100093FF
:105160000194DDE91C230D9800F08AFCB9F1670F6A
:10517000119040F03683FB0740F16B81119B099A37
:105180009C1800220023DDE91C01FAF7B7FA002879
:1051900000F0D0812346119A9B1A1393472E219B2E
:1051A000129300F05F81B9F1660F40F06381129BAA
:1051B000002B099B40F3D782002B40F0C082FD07F3
:1051C00000F1BD82129B08930E93109B002B40F0C0
:1051D0007C8109939DF87F60FFF75DBA102B289AB8
:1051E000124F40F3EF8023461026DDE90C4905E01D
:1051F0000AF1080A103D102D40F3E380013210330C
:10520000072ACDE92823CAE90076F1DD27AA21463D
:10521000484601F0B7FE00287FF4A3A9DDE9282362
:10522000C246E7E764420B940F909BE44CC9070029
:1052300040210D98F2F78CF90C9B1860186100283A
:1052400000F0C7820C9A40235361FFF7D4B827AA15
:10525000DDE90C1001F096FE00287FF482A9DDE95B
:1052600028340DF1D80A03F101094646B7E527AA0B
:10527000DDE90C1001F086FE00287FF472A9299C5C
:10528000C246C2E4099B119E0996062B28BF06233D
:1052900008930E93BB4B0F95079712961193FFF748
:1052A000FAB9119BA8EB03030E93FFF765BA289A8E
:1052B0001899CAF800101799CAF8041001320C4462
:1052C000072A2994289200F329810AF1080A0BE69B
:1052D0000A9A1A60FFF7A0B827AADDE90C1001F0BE
:1052E00051FE00287FF43DA99DF87F60299CC246AD
:1052F000FFF7AABA27AADDE90C1001F043FE002847
:105300007FF42FA9DDE92854464638E527AADDE9D0
:105310000C1001F037FE00287FF423A9DDE92854A2
:10532000464638E5012B7FF409AA6EE51C4601329A
:105330002C44072ACDE92824CAE900757FF7F0AA92
:10534000FCE427AADDE90C1001F01CFE00287FF424
:1053500008A9299CC246FFF79ABA289A8A49CAF82E
:105360000010013201340121072ACDE92824CAF8AE
:1053700004103FF7B5AC0AF1080ABCE427AADDE93E
:105380000C1001F0FFFD00287FF4EBA8C24626E4D4
:1053900014461E46CDF824A005F1010903F10802C8
:1053A000099BCDF8A0901C44B9F1070F2994C6E9D8
:1053B00000733FF74CAF09F1010902F1080A1646E4
:1053C0000DE51C4601322C44072ACDE92824CAE900
:1053D000007500F32E810AF1080A7CE51198099402
:1053E000FEF7AEFE0797CDE90E050346FFF74DB970
:1053F000079AD5077FF596AA82E4002B08BF012300
:1054000009938CE6099B25A85D1C22A921AA0223E9
:10541000CDE90310029200930195DDE91C230D985C
:1054200000F02EFB1190B9F1470F40F0C881FB0747
:1054300040F1BE81119BB9F1460F03EB05047FF4E7
:10544000A0AE119B1B78302B00F05F81219D2C4476
:1054500097E6219A259B1292119A472EA3EB0203FD
:10546000139307D1129BDA1C02DB099A9A4233DAB2
:10547000A9F10209129B8DF88C90013B002B21931E
:10548000BDBF129BC3F101032D222B22092B8DF8E6
:105490008D2000F30681303330228DF88F308DF867
:1054A0008E2024AB23AA9B1A139A1993012A134422
:1054B0000E9340F34E810E9B179A13440E9323EAEA
:1054C000E3730893002312937FE62D2600238DF8C3
:1054D0007F600993FFF7E2B8DDE912318B42C0F239
:1054E0008380F80740F10A81129B179A13440E93A8
:1054F00023EAE37308934FF0670966E627AADDE91C
:105500000C1001F03FFD00287FF42BA8299CC24617
:10551000D9E42D268DF87F60FFF7D3BA27AADDE9FD
:105520000C1001F02FFD00287FF41BA8219B299C63
:10553000C246D9E4259BA342BFF42DAE30215A1CAC
:1055400025921970259B9C42F9D824E6DDE91412B6
:1055500002F100431D932D231C911093ECE50023D1
:105560000993FEF78FBF27AADDE90C1001F00AFDB1
:1055700000287EF4F6AF219B139A299CD31AC246C9
:10558000CBE400BF30C9070038C90700099D019569
:1055900025A822A921AA0323CDE903100292009392
:1055A0000D98DDE91C2300F06BFA1190441948E7CF
:1055B00006230993B3E5099B08930E9309900F9571
:1055C000079712909DF87F60FFF765B827AADDE97D
:1055D0000C1001F0D7FC00287EF4C3AF219BDDE95D
:1055E0002824C246FFF79CBB179A139B1344129AB8
:1055F0000E93002A06DC129B0E9AC3F101031A4493
:1056000013460E9223EAE37308934FF06709DCE533
:1056100025A822A921AA0323099D0292CDE90310FE
:1056200000930195DDE91C230D9800F029FA1190F3
:1056300000E727AADDE90C1001F0A4FC00287EF4A5
:1056400090AF299CC24646E45D421033724F1CDA8B
:105650001026DDF8349004E00AF1080A103D102D00
:1056600013DD01321034072ACDE92824CAE9007677
:10567000F2DD27AA0C99484601F084FC00287EF44C
:1056800070AFDDE92824C246E8E701322C44072A3E
:10569000CDE92824CAE900757DDC0AF1080AFFF784
:1056A00042BB0DF19B0420465C4D00E01046A5FB7B
:1056B0000312D20802EB8201A3EB410303F1300194
:1056C0001346092B00F8011C00F1FF32EEDC3033E9
:1056D0000238D9B2844202F8011C73D90DF18E0050
:1056E000134601E013F8011B00F8011B9C42F9D19D
:1056F00027AB9B1A0DF18E021344D3E623EAE37223
:1057000008920E934FF067095FE500220023DDE960
:105710001C01F9F7F3FF00287FF498AEC5F10105ED
:1057200021952C442DE5159B3D4A002BB6BF2D2617
:105730009DF87F608DF87F603A4BFFF7C4B9129BEC
:10574000179A1344099A1A4422EAE2730E920893B4
:105750003BE517F0010312937FF4ADAE0E9B23EAF5
:10576000E373089331E53BB9FC0705D401230893A3
:105770000E932AE5524613E6179B0133E2E70F9D8D
:105780009BF801302C68834644EAE474281D099490
:105790000F90FEF774BE27AADDE90C1001F0F2FBB2
:1057A00000287EF4DEAEDDE92824C246FFF7BBBA4E
:1057B000219A259B1292119A9B1A139352E6119BE0
:1057C0005C19DEE40DF18E036CE68DF87F10FEF7B8
:1057D00092BF0D9A0C2313604FF0FF330A93FEF72C
:1057E000C9BE099D1FE68DF87F10FFF7E2B88DF85E
:1057F0007F10FFF735B98DF87F10FFF784B98DF86A
:105800007F10FFF7BCB98DF87F10FEF74EBF8DF803
:105810007F10FFF70CB900BF4CC90700CDCCCCCC32
:1058200004C9070000C9070010B50446FDF780FB56
:105830002044437803F00303012B08BF20342046A3
:1058400010BD00BF10B50446FDF772FB204443783D
:1058500003F00303022B08BF203C204610BD00BF0D
:1058600070B5141E9AB005462CDB1A464FF402732D
:1058700000910491ADF80C3013D0013C4FF6FF7647
:105880001E9B029469460594ADF80E60FEF79CFDE0
:10589000421C01DA8B232B60009B00221A701AB085
:1058A00070BD1E9B02944FF6FF7669460594ADF8D5
:1058B0000E60FEF789FD431C01DB1AB070BD8B231F
:1058C0002B60FAE78B2303604FF0FF30F5E700BF52
:1058D00010B582B0054C0093246813460A46014671
:1058E0002046FFF7BDFF02B010BD00BFBC65002021
:1058F00021B1FF2A04D80A7001207047084670477A
:105900008A2303604FF0FF30704700BF70B50D462B
:10591000084C114606461A46284600232360F2F733
:105920005BFB431C00D070BD2368002BFBD03360B1
:1059300070BD00BF4C7A012038B5074C00230546E6
:1059400008462360F2F7E4FA431C00D038BD236810
:10595000002BFBD02B6038BD4C7A01202DE9F04F95
:1059600003690F69BB4283B0C0F28680013F01F139
:10597000140900F1140A59F827205AF82730BC00FE
:105980000132B3FBF2F80AEB0403009409EB040BB9
:105990000193B8F1000F38D000252E46CE46D446EC
:1059A0005EF8044BDCF80030A2B208FB0255220C72
:1059B0002C0C08FB0242ADB2751B96B2C6EB134627
:1059C00015FA83F306EB23469BB243EA0643F345FD
:1059D0004FEA12454CF8043B4FEA2646E0D2009BC2
:1059E0005AF803308BB9019A131F9A450CD252F81A
:1059F000043C4BB9A2F1080302E01A68043B1AB94F
:105A00009A4507F1FF37F8D30761044601F0B4F96E
:105A100000282DDB08F101085546002359F8041B26
:105A200028688AB29A1A0B0C12FA80F2C3EB104360
:105A300003EB224392B242EA0342CB4545F8042BE2
:105A40004FEA2343EAD25AF827200AEB87037AB9B0
:105A50001A1F92450BD253F8042C42B9083B02E0BE
:105A60001A68043B1AB99A4507F1FF37F8D3276142
:105A7000404603B0BDE8F08F002003B0BDE8F08FD2
:105A80002DE9F04F016C97B014461D468346CDE9D1
:105A9000024549B1426C4A60012393408B6000F09B
:105AA0007BFF0023CBF840302E1E239AB4BF012386
:105AB00000231360784BBCBF26F000460396B34327
:105AC00000F0A880DDE90289002200234046494613
:105AD000F9F714FE054678B1229A01231360249B3E
:105AE000002B00F0C4806D4B249A1360013B04939B
:105AF000049817B0BDE8F08F14AA15ABCDE90032B9
:105B0000584642464B4601F0C9F9340D824640F0F2
:105B1000A380DDE914542C4404F23243202B40F3DB
:105B20001384C3F140039E40029B04F2124023FA07
:105B300000F03043F9F700FB01238046013CA1F15E
:105B4000F87912930022564B40464946F9F7B6F9C8
:105B50004BA3D3E90023F9F769FB4BA3D3E9002357
:105B6000F9F7AEF9064620460F46F9F7F5FA48A3CD
:105B7000D3E90023F9F75AFB02460B463046394673
:105B8000F9F79EF906460F46F9F700FE0022059048
:105B9000002330463946F9F7BBFD002840F06C82FF
:105BA000059E162E00F25D823E4B03EBC603D3E941
:105BB0000001DDE90223F9F7C9FD002800F0C083E8
:105BC000731E059300230A932C1B059BB4F1010857
:105BD00046BFC4F101094FF000084FF00009002B47
:105BE000C0F242829844099300230893209B092B1A
:105BF00060D8052B40F3A683043B20930025209B0F
:105C0000023B032B00F28984DFE813F0C503A503F0
:105C1000CF03E604229A42F20F731360029B7BB912
:105C2000C6F3130666B9249B002B00F00E861E4BAC
:105C300004930833249A0498136017B0BDE8F08FDA
:105C4000249B2BB9194B0493049817B0BDE8F08F2F
:105C5000164B04930333EDE7C9F3130343F07F5965
:105C60001295A4F2FF3449F44019149D6AE7104BD1
:105C70000493049817B0BDE8F08F00BFAFF3008025
:105C800061436F63A787D23FB3C8608B288AC63F42
:105C9000FB799F501344D33F0000F07F39C90700C0
:105CA0000000F83F98C907005CC9070068C90700F1
:105CB00038C907004FF0FF340125CDE90645002320
:105CC000209321930021CBF844100B94584600F008
:105CD0003DFE0E2C0490CBF8400000F2F780002D22
:105CE00000F0F4809DED027B059900298DED0C7B81
:105CF00040F3D183C14B01F00F0203EBC20393EDDC
:105D0000007B0C11E3068DED027B40F18684BC4BD9
:105D1000DDE90C01D3E90823F9F7B2FBCDE90E0167
:105D200004F00F0403267CB1DDE90201B44DE7075E
:105D300004D5D5E90023F9F779FA0136641005F1A5
:105D40000805F4D1CDE90201DDE90223DDE90E0108
:105D5000F9F796FBCDE902010A9B43B10022A94B5A
:105D6000DDE90201F9F7D4FC002840F0E98430466F
:105D7000F9F7F2F9DDE90223F9F758FAA24B00220C
:105D8000F9F79EF8069B0646A1F15077002B00F02C
:105D90000884059B1393069B0E93DDE90201F9F736
:105DA000F5FC0E9A954B03EBC20313ED027B00F159
:105DB00030058DED107BF9F7CFF902460B46DDE992
:105DC0000201CDE90267F9F779F8049B06460798C6
:105DD0005C1CEDB20F46DDE91023002800F043847F
:105DE00000208A49F9F74CFBDDE90223F9F766F850
:105DF000049A3B4615703246CDE90201F9F7A6FC3C
:105E0000002840F0ED8432463B4600207D49F9F7FA
:105E100055F802460B46DDE90201F9F797FC002828
:105E200040F0E3840E9901294CD0049ACDF83890C3
:105E30001144CDF84080DDE90289CDF808A08A46FA
:105E40000CE000206F49F9F739F842464B46F9F764
:105E50005FFC002840F0C78454452DD04046494699
:105E600000226B4BF9F7E2F90022694B8046894624
:105E700030463946F9F7DAF90F460646F9F786FC57
:105E80000546F9F769F902460B4630463946F9F7F7
:105E900015F83035EDB242464B4604F8015B064634
:105EA0000F46F9F735FC32463B460028C9D0139B14
:105EB000DDF808A0059317E2DDF83890DDF84080A2
:105EC000DDF808A0DDE90C34CDE90234159B002B88
:105ED000C0F2AD80059A0E2A00F3A980474B03EB70
:105EE000C203D3E90089219B002BC0F2B182DDE916
:105EF000026742464B4630463946F9F7C1FAF9F790
:105F000045FC0546F9F728F942464B46F9F78EF964
:105F100002460B4630463946F8F7D0FF049A05F1A1
:105F200030031370069B012B06460F4602F1010455
:105F300046D00022364BF9F779F9002200230646B5
:105F40000F46F9F7DBFB002840F0CE81CDF808A022
:105F5000DDF818A0CDF818B0DDF810B00AE0F9F7B8
:105F600065F90022002306460F46F9F7C7FB002813
:105F700040F03C8342464B4630463946F9F780FABA
:105F8000F9F704FC0546F9F7E7F842464B46F9F7FE
:105F90004DF902460B4630463946F8F78FFF05F1BA
:105FA000300C04F801CBA4EB0B0CE24506460F467F
:105FB0004FF00002164BD2D1DDF808A0DDF818B082
:105FC00032463B4630463946F8F77AFF42464B4662
:105FD00006460F46F9F7BAFB58B942464B463046DB
:105FE0003946F9F78BFB002800F07E81EB0740F182
:105FF0007B8114F8015C049A12E000BF98C9070085
:1060000070C907000000F03F00001C400000E03FA6
:10601000000024409A4200F01C8313F8015C1C46E7
:10602000392D04F1FF33F5D001351D705CE1079A7D
:1060300092B3209A012A40F30082069B5F1E089BC0
:10604000BB42C0F2D882DF1B069B002BC0F2F78256
:106050004C46984499440121584600F037FD0546C6
:106060001DE001230A93AFE5059BA9EB03095B4201
:10607000089300230993B9E5DDF814804046F9F749
:106080006BF832463B46F9F739FB00287FF488ADC0
:1060900008F1FF33059383E5089F079D4C46002CCC
:1060A0000BDDB8F1000F08DD44452346A8BF434689
:1060B000A9EB0309E41AA8EB0308089B6BB1079A44
:1060C000002A00F08C82DE1B002F40F08C815146AC
:1060D0003246584600F0AAFD82460121584600F09B
:1060E000F5FC099A0646002A40F01681209B012BF8
:1060F00040F35E810120404410F01F0000F0078152
:10610000C0F12003042B40F3A483C0F11C008144A0
:1061100004448044B9F1000F05DD51464A46584613
:1061200000F0D4FD8246B8F1000F05DD314642464D
:10613000584600F0CBFD06460A9B002B73D1069B08
:10614000002B40F30782079B002B00F08580002C7A
:1061500000F35E81099B002B40F0C681A846029A9D
:10616000049F02F001020992069A7B1E1A440792CC
:1061700031465046FFF7F2FB2946814608905046CB
:1061800000F0FAFD314602904246584600F010FEFB
:10619000C368044609F130090146002B40F0D5815F
:1061A000504600F0E9FD21460690584600F0F4FB09
:1061B000069B33B9209A22B9099B002B00F0198362
:1061C000209B029A002AC0F21E8205D1209A1AB999
:1061D000099A002A00F01782002B07F1010400F34E
:1061E0002382079B87F80090BB4200F02C82514627
:1061F00000230A22584600F0D9FB4545824629462D
:106200004FF000034FF00A02584600F0988100F06A
:10621000CDFB4146054600230A22584600F0C6FB46
:1062200027468046A4E73146504600F0A5FD0028E9
:1062300085DA059F514600230A225846013F0597FB
:1062400000F0B4FB079B8246002B40F0E2820B9BE0
:10625000002B40F3EA820693DDF81080069F444647
:1062600002E000F0A3FB824631465046FFF776FB82
:1062700000F1300904F8019BA4EB08039F424FF0A2
:106280000A024FF0000351465846EADC002302930D
:1062900051460122584600F019FD3146824600F071
:1062A0006BFD002814F8012C40F3B980049905E037
:1062B000994200F05C8113F8012C1C46392A04F144
:1062C000FF33F5D001321A703146584600F064FBB6
:1062D00055B1029921B1A94202D0584600F05CFBA9
:1062E0002946584600F058FB5146584600F054FBEA
:1062F0000022059B2270229A01331360249B002BFD
:106300003FF4F6AB04981C6017B0BDE8F08F1C207A
:10631000814404448044FDE60146584600F086FC72
:10632000209B012B064640F3F38000230993336939
:1063300006EB8303186900F079FBC0F12000DAE670
:106340000A9041E401255AE4C3F12006029B03FAB6
:1063500006F0FFF7EFBB00230793059B219A134438
:106360000B930133012B1E460693B8BF0126002173
:10637000172ECBF84410069C7FF7A8AC012204230B
:106380005B0003F11400B042114602F10102F7D99B
:10639000CBF844109AE400230793219B002B40F391
:1063A000ED800B9306931E46E1E701230793F4E784
:1063B000029B002B7FF49EAEDDE90212C2F31303B1
:1063C000002B40F0998122F000431B0D1B0523B1E7
:1063D00009F1010908F101080123099A0993002A2A
:1063E0003FF488AEA3E73A462946584600F01EFC23
:1063F000524601460546584600F072FB5146074694
:10640000584600F0C9FABA46002E3FF466AE5EE682
:1064100029462246584600F059FC05469AE607D11F
:1064200019F0010F7FF442AF02E014F8022C1C4671
:10643000302A04F1FF33F8D046E7129A002A00F020
:10644000538103F233434C4698449944089F02E633
:10645000069B002B3FF74BAD40F0BB800022B24BB8
:1064600040464946F8F7E2FEDDE90223F9F764F910
:10647000069E3546002875D1059A01320592049A88
:1064800031231370541C3146584600F085FA002D14
:106490007FF426AF28E700F03F81059B5C42A34BC9
:1064A00004F00F0203EBC203D3E90023DDE90C0182
:1064B000F8F7BCFE2411CDE9020100F0BB819C4D30
:1064C00000230226E20705D5D5E90023F8F7AEFE42
:1064D00001360123641005F10805F3D1002B3FF4C8
:1064E0003BACCDE9020137E46968584600F02EFA6A
:1064F0002B6902339A00044605F10C010C30FDF7BC
:10650000F1F821460122584600F0E0FB804626E6DD
:10651000029B002B3FF450AF07E70024CBF8444028
:106520002146584600F012FA4FF0FF330B930693C2
:10653000012304902194CBF840000793C6E400F0B7
:1065400035FA27460546804612E6584600F024FAFA
:10655000012336E6209B022B7FF7F5AD069B002B2F
:1065600000F0CC80219B049CDB4305938BE7059ACC
:1065700001320592049A31231370A5E60124219477
:106580000694FFF79FBB3046F8F7E6FDDDE90223EE
:10659000F8F74CFE0022674BF8F792FC0646A1F193
:1065A00050770022604BDDE90201F8F787FC3246A4
:1065B0003B4604460D46F9F7C9F8002846D1324655
:1065C00007F1004320462946F9F7A2F800283FF4D6
:1065D00079AC00263546C5E701230793BDE6514651
:1065E000089A584600F022FB824676E5DDF808A0BE
:1065F000DDF818B078E6089B099AFB1A1A44CDE931
:106600000872002720E5002B07F1010400F3BC808D
:10661000029587F80090454656E69DED0C7B0226D4
:106620008DED0E7BFFF77FBBB9F1390F00F0BE8017
:1066300009F10109029587F80090454644E6069B5A
:10664000A9EB030407E50295454621E600263546F9
:1066500012E7049A30231370059B14F8015C013390
:1066600005931346E0E4DDE90201F8F7DFFD049B42
:106670001D700E9B012BCDE9020123D00E9B049AC5
:10668000CDF838901344C146984600222A4B304634
:106690003946F8F7CBFD0F460646F9F777F8054679
:1066A000F8F75AFD303502460B4630463946F8F7C2
:1066B00005FC04F8015B444506460F46E5D1C84693
:1066C000DDF838901D4B0022DDE90201F8F7F8FBF8
:1066D00032463B46F9F71CF800286DD0139B059312
:1066E00014F8015C049A9BE4149B089FC3F13603E1
:1066F0004C4698449944AEE400236EE631460522A8
:10670000584600F053F901460646504600F034FB67
:1067100000283FF7B1AE25E79DED0C7B02268DEDFD
:10672000027BFFF719BB00BF0000144098C90700A7
:1067300070C9070000001C40000024400000E03F3A
:10674000069B002B3FF41FAF0B9C002C7FF7BAABCE
:106750000022424BDDE90201F8F768FDCDE90201B4
:10676000701CF8F7F9FCDDE90223F8F75FFD3C4BFC
:106770000022F8F7A5FB059B0E94013B0646A1F10C
:1067800050771393FFF709BB51460122584600F09A
:106790009DFA3146824600F0EFFA002832DDB9F169
:1067A000390F03D0089B03F1310931E739220295F3
:1067B0003A704546049981E5DDE902230020294924
:1067C000F8F77CFB32463B46F8F7C0FF10B9FFF7FD
:1067D00079BB144614F8013C302B04F1FF32F8D099
:1067E000139B059380E5DDF808A0139B0593049A9D
:1067F00016E4B9F1390F07F10104D7D0029B002B41
:10680000D0DC05E77FF404AF19F0010F3FF400AFCF
:10681000C5E7294600230A22584600F0C7F80B9B1B
:10682000002B054609DD069391E4209B022B09DC31
:106830000B9B10E50226FFF78FBA209B022B01DC91
:106840000B9BF0E70B9B069388E6074B0493FFF73F
:106850004FB93FF45FACC0F13C0059E50000244063
:1068600000001C400000E03F5CC907000B78722B61
:1068700030B431D0772B2AD0612B04D0162303609B
:1068800030BC002070474FF4027501244FF484702F
:1068900011F8013F8BB1622B16D0782B11D02B2B26
:1068A000F6D111F8013F20F01C0024F0030440F061
:1068B000100044F00204002BEDD12C43146030BCD6
:1068C000704744F40064E3E744F48034E0E74FF4B5
:1068D000C06501240820DBE700252C460420D7E70B
:1068E00038B5074C0023054608462360F1F7E2FB64
:1068F000431C00D038BD2368002BFBD02B6038BD73
:106900004C7A0120044A054B1268506B002808BFDE
:106910001846F030704700BFBC650020E8690020D1
:1069200070B50D46084C114606461A462846002307
:106930002360F1F72AFC431C00D070BD2368002BB4
:10694000FBD0336070BD00BF4C7A0120C36C70B5C2
:1069500005460C464BB153F8240080B1026843F859
:1069600024200023C0E9033370BD21220421F0F765
:106970009BFD0346E8640028EDD1002070BD012195
:1069800001FA04F6721D28469200F0F78DFD0028EA
:10699000F3D0C0E90146E4E731B1C36C4A6853F86B
:1069A0002200086043F82210704700BFF0B50C6960
:1069B00083B00D46064601F1140C0027DCF80000F8
:1069C00081B202FB0133010C180C02FB01019BB2E6
:1069D000013703EB0143BC424CF8043B4FEA11433F
:1069E000ECDC3BB1AA68A24207DD05EB840201346E
:1069F00053612C61284603B0F0BD696801930131F1
:106A00003046FFF7A3FF2A69023205F10C01074661
:106A100092000C30FCF766FEF26C6968019B52F83C
:106A20002100286042F821503D46DEE7020C1204A6
:106A30000346C2B90304102013F07F4F04BF1B02AA
:106A4000083013F0704F04BF1B01043013F0404FA7
:106A500004BF9B000230002B04DB5B0001D501303A
:106A60007047202070470020E6E700BF036813F05E
:106A70000702014607D0DA071FD498071FD55B0825
:106A80000B600120704798B2A0B1104613F0FF0FC1
:106A900004BF1B0A08301A0704BF1B0904309A07F9
:106AA00004BF9B080230DA0702D45B080BD0013028
:106AB0000B6070471B0C1020E8E7002070479B0814
:106AC0000B60022070472020704700BF10B50C46B5
:106AD0000121FFF73BFF0122C0E9042410BD00BFE4
:106AE0002DE9F04F0E691469A64283B00F46154692
:106AF00004DA32462F4626460D461446D7E90113DE
:106B000006EB04084345B8BF0131FFF71FFF00F152
:106B1000140909EB880EF145009005D24B4600227E
:106B200043F8042B9E45FBD805F1140A0AEB8404B4
:106B300007F11403A24503EB860C61D2641B153CDC
:106B400024F00304CDF804E0A24405F110029E46AF
:106B500005E02D0C2BD1924509F104094ED052F8D5
:106B6000045F1FFA85FBBBF1000FF2D077464E465B
:106B7000002000E0264657F8041B34688BB2A5B20B
:106B8000090C240C0BFB035303440BFB014000EBEB
:106B9000134034469BB243EA0043BC454FEA1040E1
:106BA00044F8043BE6D8706015682D0CD3D0D9F8B2
:106BB000003076461846CB46002100E0A3463488D4
:106BC000000C05FB040001449BB25C4643EA014310
:106BD00044F8043B56F8043BDBF804001B0C87B276
:106BE00005FB037303EB1143B4454FEA1341E5D8AA
:106BF0009245CBF8043009F10409B0D1DDF804E086
:106C0000B8F1000F0BDD5EF8043CAEF1040E1BB1D1
:106C100005E05EF8043D13B9B8F10108F9D1009818
:106C2000C0F8108003B0BDE8F08F00BF12F003037E
:106C30002DE9F041144607462ED10D46A4101CD074
:106C4000BE6C96B3E3074FF0000806D4641014D06E
:106C50003068A8B10646E307F8D5324629463846DB
:106C6000FFF73EFFB5B16A68FB6C641053F8221061
:106C7000296043F822500546EAD12846BDE8F08154
:106C8000324631463846FFF72BFF3060C0F80080AF
:106C90000646E0E70546D9E7013B0B4A52F82320B8
:106CA0000023FFF783FE0546C8E701213846FFF7BA
:106CB0004DFE40F27123436101220023026106462A
:106CC000B8640360BEE700BF60CA07002DE9F04763
:106CD00091460A690E464FEA6914D1E9011304EBA3
:106CE000020808F101059D42074604DD5B009D4254
:106CF00001F10101FADC3846FFF728FE002C00F113
:106D0000140337DD03EB8401002243F8042B8B428C
:106D1000FBD1346906F1140319F01F0903EB840C4D
:106D200020D0C9F1200E002200E051461C688A469E
:106D300004FA09F414434AF8044B53F8042B63454E
:106D400022FA0EF2F1D34A600AB108F10205FB6C97
:106D50007268013D53F822100561316043F82260EA
:106D6000BDE8F087043953F8042B41F8042F9C4503
:106D7000F9D8ECE71946CCE730B40B690546006951
:106D8000C01A0FD19B001435143119442B4401E073
:106D90009D4207D253F8044D51F8042D9442F7D088
:106DA00002D3012030BC70474FF0FF30FAE700BF3C
:106DB0002DE9F04113690D69ED1A002D0E4690463C
:106DC00001F1140402F1140714D19B00E2183B44B2
:106DD00001E0A24259D952F804CD53F8041D8C4564
:106DE000F7D009D2224633463C46464617469846D7
:106DF000012501E0F6DB00257168FFF7A7FDD8F853
:106E000010303669C56007EB830EBC4600F11405EF
:106E100004EB860700235CF8041B54F8048B8AB249
:106E200013FA88F3090C9A1AC1EB184303EB2243B7
:106E300092B242EA0342E64545F8042B4FEA234367
:106E4000E9D8A74217D9AE46A4465CF8042B13FA3A
:106E500082F3191401EB12419BB243EA01426745E8
:106E60004EF8042B4FEA2143EFD8E443274427F0A0
:106E7000030704373D44043D22B955F8043D013E63
:106E8000002BFAD00661BDE8F0810021FFF75EFD1E
:106E900001220023C0E90423BDE8F0812DE9F0437D
:106EA00083B001211F4616460A9DFFF74FFDC7F329
:106EB0000A548146C7F313030CB143F48013002E28
:106EC000019323D002A840F8086DFFF7CFFD0028FA
:106ED00035D1DDE90023C9F81420002B0CBF0121B6
:106EE0000221C9F81830C9F81010DCB909EB810388
:106EF000A0F2324028601869FFF798FD0B9BC0EBA9
:106F000041101860484603B0BDE8F08301A8FFF7C0
:106F1000ADFD019BC9F8143001212030C9F81010D3
:106F2000002CE3D0A4F2334808EB00032B600B9B4A
:106F3000C0F135001860484603B0BDE8F083DDE9D4
:106F40000013C0F1200203FA02F20A43C340019386
:106F5000C9F81420C1E700BF70B50D46084C1146B2
:106F600006461A46284600232360F1F7A5F8431C7D
:106F700000D070BD2368002BFBD0336070BD00BF14
:106F80004C7A01202DE9F04F936883B09046002B96
:106F90006CD017688D6882460C460868083742E056
:106FA000A38913F4906F2DD0D4E9041505EB4505A2
:106FB000A0EB010B05EBD575701C6D105844A84271
:106FC0002A4684BF05462A465B0536D511465046FB
:106FD000F0F7BEFA00283AD05A4621690190FCF732
:106FE00081FBA289019B22F4906242F08002A2817F
:106FF000A5EB0B0203EB0B00656123612060A2602F
:107000003546B3465A464946FCF706FCD8F80830E0
:10701000A2682068551B58449E1BA5602060C8F8D4
:1070200008601EB3083757E90296AB46002EF9D028
:10703000AE42B5D23546B346E4E75046F0F718FA0B
:1070400003460028D4D121695046F0F7C3FA0C2337
:10705000CAF80030A389002243F040034FF0FF300C
:10706000A381C8E9012203B0BDE8F08F0020C8F871
:10707000040003B0BDE8F08F024B58221A604FF0B5
:10708000FF3070474C7A0120024B58221A604FF0B3
:10709000FF3070474C7A0120F8B500BFF8BC08BC3F
:1070A0009E467047F8B500BFF8BC08BC9E467047C6
:1070B00031394233303030302D453846322D35337A
:1070C00037452D344636432D443130343736384138
:1070D000313231340031394233303030312D45389E
:1070E00046322D353337452D344636432D44313025
:1070F000343736384131323134003139423330306F
:1071000030322D453846322D353337452D3446360D
:10711000432D443130343736384131323134003147
:10712000394233303030332D453846322D35333700
:10713000452D344636432D443130343736384131CD
:1071400032313400560030303030005068616E7497
:107150006F6D2000352E322E31310000000000000E
:10716000000000005D8A02005F8A0200000000004B
:1071700000000000318E0200698E02002530327856
:107180003A253032783A253032783A253032783A1A
:10719000253032783A2530327800000000000000B7
:1071A00000000000498F0200C18F02004D8F0200D5
:1071B0005D8F0200459002006D8F0200D18F0200AA
:1071C000898F02000590020025900200799002004C
:1071D00000000000000000005D9202009592020095
:1071E0000000000000000000139302001993020049
:1071F0001593020032393032000000000000000018
:1072000000000000CD950200299602006B93020059
:10721000000000000000000005970200199702001E
:10722000FF960200787100200000000000000000BE
:10723000719C0200919C020085990200399A02001B
:10724000659702007597020085970200CD970200AE
:107250006D9A0200A59C0200C59A0200CB9A02001A
:10726000E59A0200EB9A0200F19A0200F79A0200F6
:10727000039B0200FD9A0200E5970200F5970200C9
:1072800005980200259B020015980200259802002F
:107290007D9B0200A99B0200D59B0200359802004D
:1072A000459802006D98020095980200A59802008A
:1072B000B5980200C5980200019C0200D598020012
:1072C0006599020075990200E5980200F5980200A0
:1072D000A99702003599020005990200259902003C
:1072E000159902004599020055990200DD970200A8
:1072F000E19702000000000000000000AD9D0200C8
:10730000019E0200D99C0200000000000000000065
:10731000159E02002D9E02000000000000000000EB
:10732000ED9F020045A002000000000000000000E8
:10733000FDA0020021A102000000000000000000EA
:107340001DA202003DA2020000000000000000009B
:1073500001A302005DA302005483637CC51EF7EC09
:1073600032DDAD51894B9E073C72002000000000C9
:1073700000000000F1A602000DA7020071A30200A8
:1073800077A3020025A70200A5A7020089A8020092
:1073900099AA02007DA3020031BC020035AB0200B5
:1073A00077AB0200C1A40200DFA40200F5A4020032
:1073B00025A502003FA5020063A5020051BD020001
:1073C000B7AB020029AC0200C9AC02005DA6020006
:1073D0006BA6020063A902009DA9020089A6020013
:1073E00029AA0200ADA60200D7A9020005AA020040
:1073F00057AA020075BA02000DB90200A1B8020036
:1074000085A502003FB902009DAD0200A3A50200C0
:1074100089B9020015AF020071B10200F3A50200A4
:1074200021BA020001C10200F1B9020031B002002C
:10743000C7A50200BDB9020081BE020053BA020016
:1074400045B4020081B30200CDBA02001FA60200BB
:1074500029A60200FFAB0200C1B50200B1B60200CE
:1074600085B7020001A80200C073002000000000E0
:107470000000000061C7020091C7020099C4020029
:107480009DC402003DC5020051C50200B5C5020001
:10749000E9C5020025C60200A5C7020029C80200EE
:1074A000A5C50200A9C50200ADC50200C3C90200FE
:1074B00061C6020000740020313830300032613083
:1074C00030003261303100313830310032613035D6
:1074D0000041726475696E6F0000000000000000DA
:1074E00000000000A5CD0200C9CD020025CA02009F
:1074F00011CB020099CB02009FCB0200B7CB020058
:1075000005CA020009CA0200D3CB02007DCC0200EA
:10751000DDCD0200307400204843492041434C44F3
:10752000415441205458202D3E20004843492043D7
:107530004F4D4D414E44205458202D3E20005F7247
:10754000656376427566666572206F766572666CF5
:107550006F77004843492041434C444154412052F5
:1075600058203C2D2000484349204556454E542084
:107570005258203C2D2000000000000000000000B8
:1075800065CE02004DD2020069CE02007DCE02001F
:107590008DCE02005DD2020095CE02002BD70200F4
:1075A00033D802006BD70200ADCE0200E1CE02005C
:1075B000FDCE020095D7020019CF020031CF0200A4
:1075C000A5D40200E1D4020081CF02009BCF0200CB
:1075D000CDCF0200EBCF020075D002005DD00200DB
:1075E000D9D7020059D80200D9D6020037D20200FA
:1075F000B3D00200CDD0020059D6020079D60200E5
:107600002FD1020057D102006BD1020099D602009F
:1076100081DD02001DD502009FD10200BFD1020012
:10762000C5D10200B9D50200E3D102001BD202008D
:10763000FFD10200C9D30200CDD1020081D80200DF
:1076400079DE020073DF020035E0020025DF020070
:10765000507700202F55736572732F64756E6361C8
:107660006E7374796C65732F446F63756D656E749A
:10767000732F41726475696E6F2F6C6962726172EB
:107680006965732F41726475696E6F424C452F7343
:1076900072632F7574696C6974792F484349436F1D
:1076A0007264696F5472616E73706F72742E63705E
:1076B000700062797465735F7573656420213D2085
:1076C00030000000000000000000000059E102004E
:1076D000C1E0020045E0020029DF02002FDF0200C6
:1076E00045DF02007DE0020081E0020085E002004B
:1076F00027DF020077DF0200050B00008078002002
:107700000000000000000000F5E2020013E30200A8
:1077100011E802007DE8020021E30200F7E2020026
:10772000F9E20200FFE2020003E3020007E30200C5
:10773000A5E60200B1E8020011E30200EC0234A366
:1077400057C8AD05341010A60A397D9B0DFBAA6CF5
:10775000888391AAF5A53860370BDB5A6083BE6237
:10776000746C6520B003D2F297BE2C5E2C83A7E91F
:10777000F9A5B9EFF49111ACF4FDDBCC0301480E8F
:10778000359DE655188B3D32F6BB9A900AFCFBEE10
:10779000D4E72A59CB9AC2F19D7CFB6B4FDD49F4AB
:1077A0007FC5FDD5CB8454D177733EFFFFB2EC711A
:1077B0002BAEABA6E8E7CC25A75F6E216583F7FF6C
:1077C0003DC4CF00ADF7020035E0020025DF020026
:1077D000493243536C6176650000000000000000F0
:1077E0000000000093F502006514030063F5020039
:1077F000B7F50200B1F50200C5F50200FBF5020085
:107800002DF6020049F60200EBF60200CDF602006A
:107810006FF502001BF702007BF5020053F7020030
:1078200083F50200B9F50200BFF5020067F502001A
:107830009DF60200000000000000000015FA0200A2
:1078400057FA020085F90200ABF90200EFF90200D5
:1078500003FA020003FA020017FA020005FA020016
:1078600005FA020005FA020065FA020007FA0200B2
:1078700000C00140001002400020024000D0024041
:1078800079FD020035E0020025DF02000000000063
:1078900000000000E9FD020069FE020063F502003D
:1078A00033FC020055FF020039000300B1FF020063
:1078B000EDFC0200E7FB02004BFC020099FD020018
:1078C0005365656564205849414F206E52463532F4
:1078D0003834302053656E736500000000000000EE
:1078E00000000000810103009D01030023650600E4
:1078F000055A060009570600F957060009660600F2
:10790000095306000B530600655406006554060033
:10791000A153060079020300BD0303007153060062
:10792000790103006D0303009903030089530600E6
:107930003303030041010300450103004701030035
:10794000490103005F010300B3010300F3010300D9
:10795000270203004F020300690503006D050300C1
:107960007105030010034100720064007500690096
:107970006E006F00000000000000000079070300A7
:107980008D070300D30C0300954F06000000000094
:1079900000000000A1070300B50703000D0E03005F
:1079A000954F060000000000000000005107030092
:1079B000650703007B050300954F06006D09030072
:1079C00035E0020025DF02008025000000000800ED
:1079D000FFFFFFFF5F72785F73697A65203D3D208E
:1079E00030005F74785F6C6973742E656D707479A4
:1079F0002829005F72785F6C6973742E656D7074EE
:107A0000792829002F55736572732F64756E636131
:107A10006E7374796C65732F4C6962726172792F21
:107A200041726475696E6F31352F7061636B616788
:107A300065732F536565656475696E6F2F68617234
:107A400064776172652F6D6265642F322E392E3333
:107A50002F636F7265732F61726475696E6F2F5536
:107A600053422F5553424344432E63707000726556
:107A7000736F6C7665722E76616C696428290000DC
:107A8000000000000000000095050300050B030046
:107A9000190B0300350B0300490803008D0903008F
:107AA0004B070300C9070300830503008905030092
:107AB00001070300350703008D050300750503006A
:107AC00077050300790503001603430044004300D3
:107AD00020004400450056004900430045000000D6
:107AE000CD0F030035E0020025DF0200555342654B
:107AF00076740000000000000000000095050300FF
:107B0000050B0300190B0300350B030049080300A4
:107B10008D0903004B070300C90703008305030019
:107B200089050300ED0F0300491003008D050300D4
:107B3000530F03008D0F030079050300010F0300AD
:107B4000290F030035110300970E0300A30E030055
:107B500031FF02007DFF0200EDFF0200A70E0300CF
:107B6000C5FD02002DFE0200AB0E0300D8FEFFFF94
:107B7000000000003910030067100300F36E0600D8
:107B8000C36E0600256F0600BF6E0600BF6E0600BE
:107B9000BF6E0600BF6E0600296F0600BF6E0600AE
:107BA0006B0E0300710E03007D0E0300810E0300B7
:107BB000870E03008D0E0300910E0300210F0300BA
:107BC0004B0F0300930E0300950E0300D4FEFFFF3E
:107BD00000000000411003005F100300C0FEFFFF23
:107BE00000000000E1FD020063FE020063F50200F8
:107BF000A90E03004DFF020031000300ABFF02009D
:107C0000111203009D0E0300A50E0300BB0E03001E
:107C100000000000000000008F1203002F55736564
:107C200072732F64756E63616E7374796C65732FF4
:107C30004C6962726172792F41726475696E6F313D
:107C4000352F7061636B616765732F53656565647C
:107C500075696E6F2F68617264776172652F6D62EE
:107C600065642F322E392E332F636F7265732F6147
:107C7000726475696E6F2F6D6265642F74617267CF
:107C80006574732F5441524745545F4E4F524449D7
:107C9000432F5441524745545F4E524635782F6723
:107CA00070696F5F6F626A6563742E68006F626AE5
:107CB0002D3E70696E20213D202850696E4E616D09
:107CC00065294E43005254582056352E352E330028
:107CD0007274785F74696D6572007274785F69643C
:107CE0006C650000000000000000000000000000C3
:107CF0000000000000000000000000000000000084
:107D00000000000000000000000000000000000073
:107D1000000000000000000000000000050000005E
:107D2000E803000005000000C089002010000000EA
:107D30000000000000000000000000000000000043
:107D40000000000000000000000000000000000033
:107D50000000000000000000000000000000000023
:107D60000000000000000000000000000000000013
:107D700000100000907D0700CC7D0700713C0300DF
:107D8000513C0300B47D0700040000000000000027
:107D9000DA7C070000000000C88A002044000000D0
:107DA000108B002000020000010000000100000014
:107DB000000000000000000000000000008A002019
:107DC00034000000348A002050000000D07C0700FE
:107DD00000000000848A002044000000108D002074
:107DE0000003000028000000010000000000000067
:107DF0006D616C6C6F635F6D7574657800656E7630
:107E00005F6D75746578006D61696E0050726520F4
:107E10006D61696E20746872656164206E6F742094
:107E200063726561746564004661696C65642074A1
:107E30006F2073746172742052544F530073696ED3
:107E4000676C65746F6E5F6D757465780000000017
:107E50003D7E07000B000000E41001201C00000024
:107E6000434D5349532D52544F53206572726F72D4
:107E70003A20537461636B206F766572666C6F771E
:107E800000434D5349532D52544F53206572726F26
:107E9000723A20495352205175657565206F766599
:107EA00072666C6F7700434D5349532D52544F53B4
:107EB000206572726F723A20557365722054696D35
:107EC00065722043616C6C6261636B2051756575EE
:107ED00065206F766572666C6F7700434D5349532A
:107EE0002D52544F53206572726F723A205354448E
:107EF00020432F432B2B206C696272617279206CB6
:107F000069627370616365206E6F74206176616968
:107F10006C61626C6500434D5349532D52544F536D
:107F2000206572726F723A2053544420432F432BC2
:107F30002B206C696272617279206D75746578208E
:107F4000696E697469616C697A6174696F6E2066C3
:107F500061696C656400434D5349532D52544F532E
:107F6000206572726F723A20556E6B6E6F776E007D
:107F70004E6F7420616C6C6F77656420696E204968
:107F8000535220636F6E746578740053797374650F
:107F90006D206973206F7574206F66206D656D6F3D
:107FA000727900506172616D6574657220657272DC
:107FB0006F72005265736F75726365206E6F742007
:107FC000617661696C61626C65004F7065726174A5
:107FD000696F6E206E6F7420636F6D706C65746571
:107FE000642077697468696E207468652074696DAF
:107FF000656F757420706572696F6400556E73707B
:10800000656369666965642052544F5320657272D6
:108010006F720000707F07008B7F0700A37F07004F
:10802000B37F0700CA7F0700FC7F07002E2F6D6219
:1080300065642D6F732F636D7369732F6465766943
:1080400063652F72746F732F736F757263652F6D15
:108050006265645F7274785F69646C652E637070CA
:10806000007469636B735F736C657074203C20727D
:10807000746F733A3A4B65726E656C3A3A77616920
:10808000745F666F725F7533325F6D617800667220
:108090006571203D3D20313030300068616E646C88
:1080A0006572203D3D202849525148616E646C65DF
:1080B000725F74294E5649435F4765745665637411
:1080C0006F722869727129000200000038150120C2
:1080D000081014182030343840444C5C58607078D4
:1080E000F4ECE8E4DCCCC8C4BCB8B0A0A49C8C849C
:1080F00010001000000000000901000BFFFF020348
:10810000FFFF040D05060700F401FA009600640065
:108110004B0032001E001400BD1A3CCDA6B8995881
:1081200099B740EB7B60FF4A503F10D2E3B3C9746C
:10813000385FC5A3D4F6493F00E69D350E480103DC
:10814000CCDBFDF4AC1191F4EFB9A5F9E9A7832CD0
:108150005E2CBE97F2D203B0208BD28915D08E1C34
:10816000742430ED8FC24563765C15525ABF9A3243
:10817000636DEB2A65499C80DC0000000000000074
:10818000516B0300D96B0300000000001D6C03005D
:10819000B96B0300356C0300B96B0300E56B03009A
:1081A0000000000000000000DF6B0300DF6B030035
:1081B000FD6B03001D6C030000000000DF6B03007B
:1081C000DF6B0300196C03001D6C0300000100004D
:1081D0000003010200010302020002030303000383
:1081E00000000000716E03000000000000000000AD
:1081F0000000000000000000016F0300000000000C
:10820000016F0300296F0300ED6E03000000000002
:10821000000000000000000000000000000000005E
:1082200000000000756F0300000000000000000067
:10823000000000000000000000000000756F030057
:10824000000100000000030102020001020202021C
:10825000020003030303000000000000396D030067
:10826000FD6D030000000000B16D0300A96D030067
:10827000B16D03000000000000000000456E030027
:10828000056E0300556E030000000000316E030010
:10829000316E0300556E030000010000030102006F
:1082A0000302020003030300000000001171030039
:1082B00000000000000000000000000055710300F5
:1082C000000000005571030000000000657103000C
:1082D0000000000000000000000000005F710300CB
:1082E000000000000000000000000000000000008E
:1082F0005F710300000000000001000000030102A4
:108300000102030202000203030300030000000055
:10831000BD6F03000000000000000000000000002E
:1083200000000000E57003000000000000000000F5
:10833000C5700300C17003000000000000000000D1
:10834000000000000000000000000000000000002D
:10835000F9700300000000000000000000000000B1
:108360000000000000000000F970030000000000A1
:1083700015720300997203004972030000000000A7
:10838000517403007972030099720300797203003B
:1083900000000000A57203000000000000000000C3
:1083A0009F7203009F72030000000000217403000D
:1083B00051740300000000009F7203009F720300CD
:1083C000000000003B740300517403000001000131
:1083D0000000030102010001030202020002030384
:1083E00003030003597A0300AD7A03008D7A03007A
:1083F000997A030001000100257A0300E17403006B
:10840000137603005D75030000000000000000000B
:10841000057A0300BD750300F97503000000000034
:1084200025760300A3780300000000001B760300FC
:108430001B760300000000007178030000000000BC
:10844000000000001B7603001B7603000000000004
:108450008B78030000000000000100010000030110
:1084600002010001030202020002030303030003EE
:1084700000000000E9780300000000000000000098
:1084800000000000A5790300B5790300000000009A
:1084900000000000AD790300AD790300457A0300C8
:1084A00000000000AD790300AD790300000000007A
:1084B00000010000030102000302020003030300A5
:1084C00000000000BD920300A19503000000000021
:1084D000E193030089950300E193030001940300F5
:1084E000000000008995030000000000FD940300D7
:1084F0000000000089950300A19503005595030035
:108500000001000003010200030202000303030054
:108510000000000000000000719603000000000051
:10852000BD95030059960300BD9503003D880300E7
:10853000000000005996030000000000D5950300DC
:10854000000000005996030071960300D5950300C2
:108550000001000003010200030202000303030004
:108560000403FFFFFFFF070405FFFF030704FFFFEE
:1085700007FFFF0405FFFFFF03FFFF0304050000E3
:10858000ED7F0300657F0300D97F0300000000003A
:1085900000000000717D0300857D0300E17D030084
:1085A000000000000000000000000000217E030029
:1085B000AD7E0300657E0300AD7E03000000000079
:1085C000ED840300F17E0300ED840300F17E0300DF
:1085D000D1810300F98103005D820300FF81030064
:1085E0005D82030000000000598303009D830300A7
:1085F0000000000000000000118603002186030037
:10860000318603000000000000000000C583030065
:10861000D5830300158403000D8403001584030033
:10862000735D04000000000000000000E95C04002D
:10863000000000000000000000000000000000003A
:108640003F5D0400DD5C040000000000735D040079
:10865000B75C040029600400000000000000000076
:10866000000000000000000000000000000000000A
:108670000000000000000000795C04000000000021
:10868000000000007F5C0400995C0400C5600400E9
:1086900000000000875C04000000000000000000F3
:1086A00000000000795C04000000000000000000F1
:1086B0007F5C04007F5C0400000000005160040047
:1086C000000000000000000000000000035D040046
:1086D000020000010000000002010001030001018E
:1086E0000101010101010202020203000003020272
:1086F00002030303030303000303030021610400D7
:10870000A760040000000000000000009560040065
:108710000000000000000000F56004007560040027
:10872000216004007B6004002960040021600400D3
:108730006960040000000000F5600400756004003A
:10874000C16004000000000000000000956004000B
:10875000C560040000000000000000007560040017
:1087600021600400000000000000000021600400FF
:108770000000000051600400000000000201000041
:1087800003000000010102000101010102010202D7
:10879000030000020303030303030003D564040082
:1087A000F98F0300F98F0300F98F0300F98F03009D
:1087B000000000000000000049650400F98F03007C
:1087C000F98F0300F98F0300F98F03008F64040011
:1087D00015650400496504006D650400F98F030008
:1087E000F98F0300F98F03000000000015650400F5
:1087F00049650400F98F03004F650400F98F0300F9
:10880000F98F0300000000001565040049650400AD
:10881000F98F0300F98F0300E7640400F98F030068
:108820000000000015650400BF640400F98F030018
:10883000F98F0300F98F0300F98F03000000000097
:108840000000000049650400F98F0300F98F030060
:10885000F98F0300F98F0300AD64040000000000ED
:1088600049650400F98F0300F98F0300F98F0300B5
:10887000656404000000000000000000010000002A
:1088800000000001010101010200020302020202D4
:1088900000030304030303000404040504040006A6
:1088A0000505050505050606060606070007070770
:1088B00007020707AD670400F98F0300F98F030073
:1088C000F98F03000000000000000000000000001D
:1088D000F98F0300F98F0300F98F0300F98F03006C
:1088E00000000000000000006D680400F98F030024
:1088F000F98F0300F98F0300F98F0300416804002A
:10890000FF67040000000000F98F0300C567040042
:10891000F98F0300F98F0300000000000000000041
:1089200000000000F98F0300F98F03008B6704003B
:10893000F98F0300000000000000000000000000AC
:10894000F98F0300F98F0300F98F0300F98F0300FB
:10895000000000000000000079670400F98F0300A8
:10896000F98F0300F98F0300DD8E03000000000083
:1089700000000000000000000100000000000001F5
:1089800001010101010202020202030002030403C9
:108990000303030304040504040404050505050595
:1089A000050606060600060606000000916B040098
:1089B000000000007F6B04000000000000000000C9
:1089C000A16F0400A16F040000000000796B040097
:1089D00000000000716B04000000000000000000B7
:1089E00000000000000000001D710400796B04000D
:1089F000996C0400716B040011700400B56E0400E2
:108A0000000000000000000000000000796B04007E
:108A100000000000716B0400000000000000000076
:108A200000000000000000004F6C0400796B04009F
:108A300000000000716B040000000000B56E04002F
:108A40000000000000000000000000000100030022
:108A50000001030001010101010101020204020001
:108A600000020202030303030303030404040400DB
:108A700000040404F36F040000000000DD6F040034
:108A80000000000000000000A16F040000000000D2
:108A9000AD6E040000000000EF6F04000000000055
:108AA00000000000000000001D710400AD6E040015
:108AB000B56F0400EF6F04001170040051700400E2
:108AC0000000000000000000AD6E04000000000087
:108AD0000000000011700400000000000000000011
:108AE000AB710400AD6E0400B56F0400000000001F
:108AF00011700400000000000000000000000000F1
:108B0000AD6E040000000000000000000000000046
:108B1000B56E04000000000000000000010003002A
:108B2000000100010103010101020205030000022E
:108B300002030303030303040405040404040405FB
:108B400005050500050510001000000000003200BA
:108B5000190011000D000A000500000096C298D807
:108B60004539A1F4A033EB2D817D0377F240A46356
:108B7000E5E6BCF847422CE1F2D1176BF551BF375F
:108B80006840B6CBCE5E316B5733CE2B169E0F7C32
:108B90004AEBE78E9B7F1AFEE242E34F4B60D227FF
:108BA0003E3CCE3BF6B053CCB0061D65BC869876F5
:108BB00055BDEBB3E7933AAAD835C65A512563FCA5
:108BC000C2CAB9F3849E17A7ADFAE6BCFFFFFFFF48
:108BD000FFFFFFFF00000000FFFFFFFFFFFFFFFFA1
:108BE000FFFFFFFFFFFFFFFF00000000000000008D
:108BF0000000000001000000FFFFFFFF02040590DD
:108C0000880002008000200000800000000000FFBB
:108C1000FFEFFF030000000424240A0E061C0A0EC6
:108C2000080E100808080A10060806060606060CB4
:108C30000C06160E08080A06080E0E0E4626080632
:108C40000A060A24040A0C16100608040404040484
:108C5000041A08081C08080808080A000000000098
:108C6000A30F05003B0F0500290B0500450B050070
:108C70007B0B050000000000830B0500510E050072
:108C80009F0B0500B10B05002D0E0500E10B050043
:108C9000F90B0500FD0B0500010C0500FF0D05009B
:108CA000050C0500110C0500F90D0500290C050047
:108CB000151005001D10050025100500210F0500E9
:108CC000370F05002D100500DB0D0500BF0D050059
:108CD0002F0C0500470C05004B0C05000510050086
:108CE000690C05006D0C05009F0C0500D90C0500F2
:108CF000A10D0500830D0500DD0C0500E10C05004C
:108D0000F10C05000D100500110D0500000000001C
:108D1000150D0500170D0500070F0500C70E05000E
:108D200000000000351005003B0D0500350D050065
:108D3000350D0500350D0500350D0500350D050017
:108D4000350D0500730E05004F0D0500530D050090
:108D500000000000570D05005B0D05005F0D0500CC
:108D6000630D0500670D05006B0D0500F11D050085
:108D7000ED1D0500ED1D0500EF1D0500811E050020
:108D8000811E0500ED1D0500EF1D0500012A0328C9
:108D90000229002A00182A2B0118042A0028052A73
:108DA000F1200500A5210500512305006D240500D3
:108DB0000000000051210500D1220500D12205004C
:108DC000D12205002D200500D12205002D2005000F
:108DD000D12205002D200500CB2105002122050010
:108DE0002D20050000000000000000000000000031
:108DF0002D200500B5250500AD260500E12505005F
:108E00008B2A0500E1250500A3260500FD2A0500A3
:108E1000A3260500E1250500A526050000000000A9
:108E20000B2F0500A5260500000000000000000033
:108E300000000000F9260500012D0500C92C0500E1
:108E4000F11D050071340500C1320500FD33050038
:108E5000353705002D3505008D3905009D35050098
:108E600000030507050305050503030502000001CE
:108E7000000F000000131D12101501000001010079
:108E800089520500E55705000956050061560500A1
:108E9000D15605008557050081520500C1510500D6
:108EA00031520500295A0500C55105003555050008
:108EB0005D5505006955050095550500ED51050006
:108EC00015570500D9510500F55D0500A55D0500A4
:108ED000555E05007D5E05008D5D0500675F050040
:108EE000655F0500695F0500B95D0500A55E0500C9
:108EF000915D05000570050011610500D163050055
:108F00004D60050065600500916405002965050058
:108F1000656505005160050019630500956205004F
:108F2000B9630500180028000000D0070000000009
:108F3000A1600500102011210570050007700500D3
:108F400075660500196A0500216A0500AD6A05000D
:108F50003D6A0500896B05003D6A0500696C0500E6
:108F6000516C0500156D0500376D0500516D05004C
:108F70006B6D0500B16D0500C16D0500D96D050073
:108F8000F16D050001100000022000000322000026
:108F900000000000010004110100000303020003AF
:108FA000010001000200002102000023032200232F
:108FB0000200020003000401030003000300000498
:108FC000030503000400040004000004040100047D
:108FD0000400040005700500756E0500E56E0500CF
:108FE00005700500077005000770050007030303FF
:108FF0000303020404040404050505050507070727
:109000000706060606060605050404070704070406
:109010000405050404090909020200000B0B0B07F3
:10902000020002000A010B0C0C0D0D0D0D0D0D0DB3
:109030001010100411111414141414141212131318
:1090400013130700057005000D710500077005007A
:109050008572050029730500497305005D730500DD
:1090600061730500717305007D730500ED720500E5
:109070005572050005700500077005004172050076
:109080002D720500E573050019720500CD78050005
:109090007979050081770500A578050099770500A5
:1090A00085770500D17905007D7A0500997A05005C
:1090B000497A05009D7A0500BD790500D97B050038
:1090C0000D7C0500757B0500057005000770050027
:1090D000E97D0500D1800500118105003981050079
:1090E0005381050059810500D5800500E980050000
:1090F0008D810500FD8005000D8305006D82050052
:109100003583050001010000000000000000000898
:10911000020701000303000502040005000802071E
:10912000020000020200020000060200020003002A
:1091300003000005030200060008030200070711F0
:109140001102110B110811024111026C888391AABE
:10915000F5A53860370BDB5A6083BE0062746C651E
:10916000778805004B9A05005D9A0500739A050003
:109170003D8905005F89050067890500B189050003
:10918000D5890500258C0500498C0500698C0500F2
:10919000518C05005D8C0500998C05005DA30500D0
:1091A000CDA30500E1A305000DA4050075A40500ED
:1091B000CDA4050031A5050081A5050009A605007F
:1091C0003BA605006DA6050069A6050079A6050069
:1091D000ADA60500D9A60500FBA60500A59B0500C8
:1091E000ED9A0500E99B0500239C050029A70500D1
:1091F000A5A70500E7A70500EDA70500F1A7050055
:1092000041A80500A9A80500F1A80500659C050076
:10921000F19C0500699D0500D99D0500499E05004A
:10922000BD9E050013A905003DA905003892070061
:10923000609107002793070054930700CC93070021
:10924000A8930700A2930700F6930700E89207008F
:109250007E93070078930700699307006F930700D8
:10926000849307001D940700D2930700DE93070044
:10927000E4930700D8930700EA930700B19307002F
:10928000B7930700F49207000693070000930700C6
:10929000FA920700369307003C93070017940700E3
:1092A0009C9307000F93070015930700C0930700D6
:1092B000C69307001B930700219307000E94070035
:1092C000429307008D930700D0920700FC9307009C
:1092D00010000B0F250206240A01010C0A000103ED
:1092E000000107240000000013061B140B201511B9
:1092F0002800000019142C0000001C172F0000008B
:109300001C162E0000001C152D0D24090000000B5A
:109310001C050000000B1D060000000B20080000CB
:10932000000B21140000000A0002070002030003E2
:109330000F25020000001C18300000001C1931002D
:1093400000000823160900020322001D00030D245B
:109350000900000001010F0A0001030010060011BE
:109360000700000F00000000001C091E0000001C88
:109370000A1F0D240900000006081D000000060752
:109380001C00000016132B0D2409000000062317F3
:109390000C23180E000E032300000000041B040021
:1093A0000000040419000000110300121A0000005C
:1093B000001C122900000006132A0D2409000000D9
:1093C000061E13000000061F070000000602120020
:1093D00000001C0D250000001C1027000000060ED8
:1093E00026000000060F240000001A0C231B132B7C
:1093F0000D240900000006051A0000000A000107FC
:1094000025000325000F250001250D0000000B227B
:10941000150D2409000000062232000000060B2171
:10942000170B22040C2300000000000077880500C1
:10943000B3880500D9880500FD8805003D89050031
:109440005F89050067890500B1890500D589050098
:10945000258C0500498C0500698C0500518C0500A0
:109460005D8C0500998C05005DA30500CDA305006A
:10947000E1A305000DA4050075A40500CDA4050019
:1094800031A5050081A5050009A605003BA605003C
:109490009C9407002C940700049507001F95070073
:1094A0004F95070055950700EC940700F2940700CC
:1094B0004395070049950700F8940700FE940700BC
:1094C0006D9507001395070034950700D4940700A5
:1094D0005B95070010000B0F0D02060C0A01010C32
:1094E0000A0001030001070C000000000B04050046
:1094F00000000B05060000000B08080000000B0927
:10950000140000000A00020700020300030F0D020E
:10951000000000080B16090002030A000000000109
:10952000010F0A00010300100600110700000F00E0
:1095300000000000060B170C0B180E000E030B00AA
:1095400000000006061300000006070700000006E2
:1095500002120000000403040000000A0001070DCD
:1095600000030D000F0D00010D0D0000000B0A158A
:109570000D0C090000000000778805004B9A0500DB
:109580005D9A05002D8D0500739A05009DAD0500BF
:109590001589050049AD05003D8905005F89050075
:1095A00067890500B1890500D5890500258C05006E
:1095B000998C0500698C0500518C05005D8C0500B7
:1095C000498C050019AA050041AA0500B5AA0500A5
:1095D00055AB0500B5AD0500F5AD0500FBAD0500CB
:1095E0001BAE0500ED9A0500E99B0500239C0500D4
:1095F0003DAE050091AE0500A7AE05004DAE0500DD
:10960000BDAE0500C1AE0500FFAE050063AF0500AD
:109610006DAF0500E5AF05002FB0050045B00500B2
:109620005DB00500F19C0500699D0500D99D050010
:10963000499E0500BD9E050089B0050077AB050079
:1096400099AB0500FDAB0500D5AC05001DAD0500CF
:1096500069AC0500609607007895070060970700E1
:109660008D970700009707001B970700DE970700FC
:109670002C980700D897070039970700A89707008C
:10968000AE970700A2970700B4970700C09707009E
:10969000F39707000298070026980700089807002C
:1096A000149807000E9807001A980700E79707001C
:1096B000ED9707004D98070045970700579707005B
:1096C000519707004B9707006F97070075970700A2
:1096D000749807007D980700569807005C9807006B
:1096E0006E98070062980700689807004498070082
:1096F0007B970700C997070021970700329807005A
:109700000A00010602140700020300010800010913
:1097100000010F01031F00010000000203150000FB
:109720000010000F0F27020626120500100A000184
:10973000030001072600000000130717140C1B1577
:10974000142500000019172B0000001C1A2E000021
:10975000001C192D0000001C182C0D260D00000007
:109760000A00020700020300040F27020000001C89
:109770001B2F0000001C24300000000825340900C5
:10978000020324001D00040D260D00000005011336
:109790000A00010602140700000300010F00000088
:1097A00000001C0A1A0000001C081800000006092E
:1097B00019000000161529060B280D260D000000C3
:1097C00016162A0D260D0000000625350C25360E2E
:1097D000000E03250000000004040700000011052E
:1097E00000121C000000001C1527000000061326B4
:1097F000000000060C1C1E0D1E170C1D040E070099
:109800000000040F200000001C10220000001C12A9
:10981000240000000611230000001A0E001B152969
:109820000D260D000000060F1F00000006060500B3
:1098300000000A00010727000327000F2700052763
:10984000110000000B24330D260D00000006162A1F
:109850000D260D0000000B1F090000000B200A0060
:1098600000000B220C0000000B2332000000062138
:109870000B000000041D06061D16000000041E0853
:10988000061E31000000000077880500B38805003F
:10989000D98805002D8D0500FD8805001589050076
:1098A0003D8905005F89050067890500B1890500CC
:1098B000D5890500258C0500498C0500698C0500BB
:1098C000518C05005D8C0500998C050019AA0500D6
:1098D00041AA0500B5AA050055AB050077AB050008
:1098E00099AB0500FDAB0500D5AC050069AC0500E2
:1098F0001DAD050000990700889807008D990700A5
:10990000A89907003C99070057990700D2990700CA
:10991000DB990700759907007B990700CC99070030
:109920008199070087990700F69907009C9907001D
:10993000BD9907005D990700E49907000A00010638
:1099400002120700020300010800010900010F01D3
:10995000031F000100000002031300000010000DAF
:109960000F0E02060D0C05000E0A00010300010790
:109970000D000000000B06070000000B07080000A8
:10998000000B090A0000000B0A160000000A000282
:109990000700020300040F0E02000000080C180963
:1099A0000002030B000000000501110A000106027D
:1099B000120700000300010F00000000000C0C194A
:1099C000060C1A0E0010030C000000000608090027
:1099D0000000040405060414000000040506060542
:1099E000150000000A0001070E00030E000F0E0014
:1099F000050E0F0000000B0B170D0D0B00000000F3
:109A00000000000000000000000000000000000056
:109A100000000000963007772C610EEEBA510999CC
:109A200019C46D078FF46A7035A563E9A395649E28
:109A30003288DB0EA4B8DC791EE9D5E088D9D2974C
:109A40002B4CB609BD7CB17E072DB8E7911DBF90A8
:109A50006410B71DF220B06A4871B9F3DE41BE84CC
:109A60007DD4DA1AEBE4DD6D51B5D4F4C785D38328
:109A700056986C13C0A86B647AF962FDECC9658ACC
:109A80004F5C0114D96C0663633D0FFAF50D088D28
:109A9000C8206E3B5E10694CE44160D5727167A2CC
:109AA000D1E4033C47D4044BFD850DD26BB50AA528
:109AB000FAA8B5356C98B242D6C9BBDB40F9BCAC4C
:109AC000E36CD832755CDF45CF0DD6DC593DD1ABA8
:109AD000AC30D9263A00DE518051D7C81661D0BFCC
:109AE000B5F4B42123C4B3569995BACF0FA5BDB828
:109AF0009EB802280888055FB2D90CC624E90BB1CC
:109B0000877C6F2F114C6858AB1D61C13D2D66B627
:109B10009041DC760671DB01BC20D2982A10D5EF8B
:109B20008985B1711FB5B606A5E4BF9F33D4B8E8E7
:109B3000A2C9077834F9000F8EA8099618980EE18B
:109B4000BB0D6A7F2D3D6D08976C6491015C63E6E7
:109B5000F4516B6B62616C1CD83065854E0062F20B
:109B6000ED95066C7BA5011BC1F4088257C40FF567
:109B7000C6D9B06550E9B712EAB8BE8B7C88B9FC8B
:109B8000DF1DDD62492DDA15F37CD38C654CD4FBE7
:109B90005861B24DCE51B53A7400BCA3E230BBD48B
:109BA00041A5DF4AD795D83D6DC4D1A4FBF4D6D3E7
:109BB0006AE96943FCD96E34468867ADD0B860DA8B
:109BC000732D0444E51D03335F4C0AAAC97C0DDDE7
:109BD0003C710550AA41022710100BBE86200CC90B
:109BE00025B56857B3856F2009D466B99FE461CE67
:109BF0000EF9DE5E98C9D9292298D0B0B4A8D7C78B
:109C0000173DB359810DB42E3B5CBDB7AD6CBAC0E6
:109C10002083B8EDB6B3BF9A0CE2B6039AD2B17402
:109C20003947D5EAAF77D29D1526DB048316DC735E
:109C3000120B63E3843B64943E6A6D0DA85A6A7A02
:109C40000BCF0EE49DFF099327AE000AB19E077D5E
:109C500044930FF0D2A3088768F2011EFEC2066982
:109C60005D5762F7CB67658071366C19E7066B6EDE
:109C7000761BD4FEE02BD3895A7ADA10CC4ADD6702
:109C80006FDFB9F9F9EFBE8E43BEB717D58EB0605E
:109C9000E8A3D6D67E93D1A1C4C2D83852F2DF4F02
:109CA000F167BBD16757BCA6DD06B53F4B36B2485E
:109CB000DA2B0DD84C1B0AAFF64A0336607A044102
:109CC000C3EF60DF55DF67A8EF8E6E3179BE69465E
:109CD0008CB361CB1A8366BCA0D26F2536E2685282
:109CE00095770CCC03470BBBB91602222F260555DE
:109CF000BE3BBAC5280BBDB2925AB42B046AB35C02
:109D0000A7FFD7C231CFD0B58B9ED92C1DAEDE5B5D
:109D1000B0C2649B26F263EC9CA36A750A936D0241
:109D2000A906099C3F360EEB85670772135700059D
:109D3000824ABF95147AB8E2AE2BB17B381BB60CC1
:109D40009B8ED2920DBED5E5B7EFDC7C21DFDB0B1D
:109D5000D4D2D38642E2D4F1F8B3DD686E83DA1F41
:109D6000CD16BE815B26B9F6E177B06F7747B7189D
:109D7000E65A0888706A0FFFCA3B06665C0B011141
:109D8000FF9E658F69AE62F8D3FF6B6145CF6C169D
:109D900078E20AA0EED20DD75483044EC2B3033941
:109DA000612667A7F71660D04D476949DB776E3E9D
:109DB0004A6AD1AEDC5AD6D9660BDF40F03BD837C1
:109DC00053AEBCA9C59EBBDE7FCFB247E9FFB5301D
:109DD0001CF2BDBD8AC2BACA3093B353A6A3B42441
:109DE0000536D0BA9306D7CD2957DE54BF67D9239D
:109DF0002E7A66B3B84A61C4021B685D942B6F2A41
:109E000037BE0BB4A18E0CC31BDF055A8DEF022D9C
:109E10006261642068616E646C6520746F20756E89
:109E20006465726C79696E67207472616E73706FAD
:109E30007274002E2F6D6265642D6F732F636F6EC9
:109E40006E65637469766974792F4645415455523D
:109E5000455F424C452F736F757263652F636F7258
:109E600064696F2F6472697665722F436F726469DB
:109E70006F4843494472697665722E63707000655D
:109E80007272203D3D20424C455F4552524F525F19
:109E90004E4F4E45005F746573745F656E645F6816
:109EA000616E646C6572000000000000000000003C
:109EB000000000000000000075120300CBB7050091
:109EC00061B80500C1B70500C5B70500C7B70500F3
:109ED00075120300751203002E2F6D6265642D6FDD
:109EE000732F636F6E6E65637469766974792F463C
:109EF0004541545552455F424C452F736F7572630F
:109F0000652F636F7264696F2F6472697665722F53
:109F1000436F7264696F4843495472616E73706F26
:109F200072744472697665722E637070002E2F6DA4
:109F30006265642D6F732F636F6E6E6563746976EF
:109F40006974792F464541545552455F424C452F1F
:109F5000736F757263652F636F7264696F2F736FB0
:109F6000757263652F50616C4576656E74517565C9
:109F70007565496D706C2E68006576656E745F62FC
:109F8000756620213D206E756C6C707472002E2FEA
:109F90006D6265642D6F732F636F6E6E6563746998
:109FA000766974792F464541545552455F424C4578
:109FB0002F736F757263652F636F7264696F2F7390
:109FC0006F757263652F424C45496E7374616E63A1
:109FD0006542617365496D706C2E637070005F68D7
:109FE00063695F64726976657220213D206E756CCD
:109FF0006C70747200546F6F206D756368206D65AE
:10A000006D6F727920616C6C6F636174656420663A
:10A010006F7220436F7264696F206D656D6F727926
:10A0200020706F6F6C2C207265647563652062759B
:10A03000665F706F6F6C5F646573632E62756666D2
:10A0400065725F73697A652062792076616C7565E7
:10A050002062656C6F772E002E2F6D6265642D6F08
:10A06000732F706C6174666F726D2F696E636C759F
:10A0700064652F706C6174666F726D2F43616C6CD8
:10A080006261636B2E6800626F6F6C282A74686966
:10A0900073290000000000000000000075BB0500EF
:10A0A00077BB050079BB05007BBB05007DBB0500C8
:10A0B0007FBB050081BB050083BB050085BB050098
:10A0C00087BB050089BB05008BBB05008DBB050068
:10A0D0000000000000000000BBBB050001BC050043
:10A0E0000000000000000000B5BD05005FBD0500D8
:10A0F00000000000000000001DC50500ADBB05000C
:10A1000095C305008FBB050041C0050099BB050044
:10A110000DC0050089C00500F9BC05002DBD050076
:10A1200029BF050035C60500A1BB050079BD0500A6
:10A13000A1BD05000000000000000000A1C2050054
:10A1400067656E657269632D636F7264696F002E57
:10A150002F6D6265642D6F732F636F6E6E65637410
:10A1600069766974792F464541545552455F424C92
:10A17000452F736F757263652F636F7264696F2FFC
:10A18000736F757263652F4761747453657276657A
:10A1900072496D706C2E637070006C656E202B20A0
:10A1A0006F6666736574203C3D2070417474722D37
:10A1B0003E6D61784C656E006765745F76616C75A5
:10A1C000655F68616E646C655F62795F6363636439
:10A1D0005F68616E646C652861747472696275741D
:10A1E0006548616E646C652C206368617248616EBD
:10A1F000646C652900000000000000000000000001
:10A20000F1CA050005CB05000000000000000000B9
:10A2100041BC050059BC0500000000000000000022
:10A2200015BC05002DBC050000000000000000006A
:10A23000B1CA0500C5CA0500FFFFFFFF0000FFFF10
:10A240000000000000000000BDC605002E2F6D625A
:10A2500065642D6F732F706C6174666F726D2F69FA
:10A260006E636C7564652F706C6174666F726D2FB0
:10A270005370616E2E6800636F756E74203E3D20D2
:10A28000300070747220213D204E554C4C207C7C57
:10A2900020636F756E74203D3D203000000000008B
:10A2A0000000000013D1050093D20500C9D00500BD
:10A2B000CBD20500000000000000000011D1050015
:10A2C000A1D20500D3D00500D9D0050000000000C0
:10A2D000000000000FD10500AFD20500F5D0050049
:10A2E0007FD5050000000000000000000DD1050032
:10A2F000BDD20500FFD005005DD5050000000000BF
:10A300000000000009D1050009D1050015D10500A4
:10A310002DD105003DD1050059D1050081D10500A1
:10A32000ADD10500BDD10500D1D10500E5D10500B5
:10A3300011D2050027D205003DD205005FD20500ED
:10A3400083D2050099D305007DD305009DD4050077
:10A3500011D4050029D80500E1D705008DD70500E7
:10A360004DD705000DD70500CDD6050079D60500DF
:10A3700045D405002BD605006BD40500E5D50500B6
:10A380009FD505000000000000000000CDD80500AA
:10A390007BDB05008DD8050091D80500000000008A
:10A3A000000000005BDD05005BDD0500BBDD050096
:10A3B000ABD80500EDD8050089DB05002DE30500CD
:10A3C00089E3050097DB050003D90500BFDB050025
:10A3D0000BDC05001BD90500E5DB050025E10500C8
:10A3E000ABE105001FDC050033DC0500B9D8050032
:10A3F000BDD8050037DC050047DC050053DC05004F
:10A4000071D90500E3DD0500D3DC0500A5D9050001
:10A410005DDC0500C1D8050095DC0500A1DC050068
:10A42000B3DC0500C5DC0500CFDC0500E3D9050081
:10A430002BDE050035D9050053DA050057DA050093
:10A4400061DA050079DA050091DA0500DFDA050046
:10A450001BDB050061D90500CFD805002BDB05000B
:10A46000FDDC050057DB050031DD0500C5D8050022
:10A47000C9D8050019E8050049DF0500EBDF050034
:10A480001FE005005FE00500A7D805000000000000
:10A490000000000081E805009FE805002E2F6D6296
:10A4A00065642D6F732F636F6E6E65637469766973
:10A4B00074792F464541545552455F424C452F73A0
:10A4C0006F757263652F636F7264696F2F736F7539
:10A4D0007263652F50616C50726976617465416476
:10A4E0006472657373436F6E74726F6C6C657249DE
:10A4F0006D706C2E637070006D736700000000005B
:10A5000000000000BDE80500B5E80500C7E805004B
:10A51000C1E90500E3E80500FDE805000BE90500D9
:10A5200017E905002FE9050033E905008DE905006D
:10A53000ADE905006BE90500B9E805002E2F6D6255
:10A5400065642D6F732F636F6E6E656374697669D2
:10A5500074792F464541545552455F424C452F73FF
:10A560006F757263652F636F7264696F2F736F7598
:10A570007263652F50616C53656375726974794DB0
:10A58000616E61676572496D706C2E63707000005A
:10A590000000000000000000A9EA0500B7F1050076
:10A5A000C1F1050093EC0500B5EC0500D7EC050002
:10A5B00053EA050071EA0500C1EA050059EA050001
:10A5C00081EA0500D1EA050019EB0500E1EA050082
:10A5D0005DEA050071EB05005DEB050093EB0500FE
:10A5E000B3EB0500C3EB0500F5EB050065EC0500DA
:10A5F000E7EC050061EA0500F5EC050059ED050002
:10A600000DED05001DED05002DED05003DED0500EE
:10A61000A1EA0500A5EA0500030400022E2F6D62E1
:10A6200065642D6F732F636F6E6E656374697669F1
:10A6300074792F464541545552455F424C452F731E
:10A640006F757263652F67656E657269632F476109
:10A6500070496D706C2E637070005F7363616E5F24
:10A660007374617465203D3D205363616E53746162
:10A6700074653A3A70656E64696E675F7363616EA4
:10A68000004576656E742068616E646C6572207238
:10A690006571756972656420696620636F6E6E65A9
:10A6A0006374696F6E20706172616D732061726591
:10A6B00020757365722068616E646C6564000000CB
:10A6C0000000000000000000D74A06000000000063
:10A6D00000000000490006005D00060081F605004C
:10A6E00035E0020025DF02009FF6050035E002009C
:10A6F00025DF0200131512101B00000000000000EF
:10A70000000000002DF5050051F505002DF50500B0
:10A710005F09060069F50500010A0600B5F50500A8
:10A7200039F90500C903060017F605003BF60500D8
:10A730003704060029060600B5070600CDF505001A
:10A74000E3FA050041FB050097070600A507060090
:10A75000F8FFFFFF000000009D070600AB070600A2
:10A76000EDF6050035E0020025DF020023060600B5
:10A7700035E0020025DF0200B304060035E00200E8
:10A7800025DF0200AD04060035E0020025DF0200EF
:10A790001D06060035E0020025DF0200FFF505007A
:10A7A00035E0020025DF0200E9F5050035E0020092
:10A7B00025DF020093F9050035E0020025DF0200E5
:10A7C00000000000000000006DBC050085BC050015
:10A7D000000000000000000099BC0500E5BC050079
:10A7E000710A060035E0020025DF02008D0A06002E
:10A7F00035E0020025DF020000000000000000003C
:10A800004F0A0600530A0600E70C0600FCFFFFFF94
:10A81000000000005F0A06000D0D060000000000A9
:10A8200000000000610D0600630D0600330D0600F8
:10A830000000000000000000150D0600870E060055
:10A840002E2F6D6265642D6F732F636F6E6E65635F
:10A850007469766974792F464541545552455F4273
:10A860004C452F736F757263652F67656E657269EE
:10A87000632F53656375726974794D616E616765A5
:10A8800072496D706C2E637070005F64620000002E
:10A89000CF0F060035E0020025DF0200E90F0600B9
:10A8A00035E0020025DF02000310060035E002005B
:10A8B00025DF02000000000000000000371A06003B
:10A8C000D1140600F710060019150600450F060002
:10A8D000911F06000D190600470F06001111060012
:10A8E0008D110600551106006F110600311B060080
:10A8F000991A0600530F0600E911060055120600CA
:10A90000AD120600ED1206003513060075130600A1
:10A910008D140600BD1306001D20060099200600B8
:10A92000A9110600AB180600810F0600C11B060026
:10A9300019170600FCFFFFFF00000000891C06003D
:10A9400061170600F8FFFFFF00000000E11106009C
:10A9500005190600B10F0600E121060035E00200EE
:10A9600025DF0200FD21060035E0020025DF0200A0
:10A97000000000000000000095210600952106005F
:10A98000F5200600FD2006005B2206009D21060042
:10A990008B220600B12206000521060013210600C5
:10A9A0001B2106002F2106003F210600472106003B
:10A9B0005721060067210600772106008D21060039
:10A9C0003F22060023220600ED200600F1200600AB
:10A9D0002E2F6D6265642D6F732F636F6E6E6563CE
:10A9E0007469766974792F647269766572732F62FF
:10A9F0006C652F464541545552455F424C452F5496
:10AA000041524745545F4E4F524449432F5441529F
:10AA10004745545F4E4F524449435F434F52444968
:10AA20004F2F5441524745545F4E524635782F4E72
:10AA30005246436F7264696F484349447269766550
:10AA4000722E6370700028616464726573735B3585
:10AA50005D2026203078433029203D3D203078434A
:10AA600030005F737461636B5F6275666665722048
:10AA7000213D204E554C4C0014009600E803F40193
:10AA8000FFFFFFFF5F00032309000000000000003C
:10AA9000030400024000000000000400000205045E
:10AAA00004000001000000000000000000000000A1
:10AAB000000010270101010100000000000000005B
:10AAC000C9240600492506006523060083230600E5
:10AAD00061B8050099230600C5B70500C7B7050092
:10AAE000C92306008123060010001800200014006E
:10AAF0004000080080000800140108000000000069
:10AB000000000000092606000D2606000B260600A0
:10AB10000B2606001B2606002E2F6D6265642D6F26
:10AB2000732F706C6174666F726D2F696E636C75D4
:10AB300064652F706C6174666F726D2F53696E67F8
:10AB40006C65746F6E5074722E680070203D3D20ED
:10AB50007265696E746572707265745F6361737437
:10AB60003C54202A3E28265F64617461290000005D
:10AB70000000000000000000E53D0600E73D060083
:10AB80003D3E0600513E06002E2F6D6265642D6F1E
:10AB9000732F746172676574732F54415247455423
:10ABA0005F4E4F524449432F5441524745545F4EE4
:10ABB000524635782F6770696F5F6F626A6563749C
:10ABC0002E68000000000000000000003341060075
:10ABD00043410600693F0600893F06002E2F6D6243
:10ABE00065642D6F732F647269766572732F736F4E
:10ABF000757263652F5350492E637070005F7065E6
:10AC0000726970686572616C735F75736564203C0E
:10AC1000205350495F5045524950484552414C538A
:10AC20005F55534544000000000000000000000094
:10AC3000FD450600354606007F450600A145060095
:10AC4000D7450600E94506002E2F6D6265642D6F1D
:10AC5000732F647269766572732F736F7572636593
:10AC60002F53657269616C426173652E6370700069
:10AC70005F7374617469635F70696E6D6170203DAC
:10AC80003D204E554C4C000000000000000000002C
:10AC9000494606004946060005490600794906006E
:10ACA0000000000000000000D74A0600000000007D
:10ACB00000000000014C0600000000000000000041
:10ACC000014C0600000000000000000075120300A7
:10ACD000000000000000000049460600494606004A
:10ACE000954E0600B14E0600CD4E0600194F0600E7
:10ACF000154E0600214E06002D4E0600354E06006C
:10AD00006F4E0600814E06003D4E060004FFFFFF19
:10AD100000000000A94E0600C74E06003F4F060087
:10AD2000114F06001B4E0600394E0600114E06005C
:10AD3000314E06008D3E0600973E0600274E060067
:10AD40006B0E0300710E03007D0E0300794E0600AA
:10AD50008B4E0600674E0600910E03002E2F6D628B
:10AD600065642D6F732F647269766572732F7573C6
:10AD7000622F736F757263652F4173796E634F70C5
:10AD80002E637070005F6C697374203D3D204E55DA
:10AD90004C4C005F77616974203D3D204E554C4C12
:10ADA00000000000000000000000000000000000A3
:10ADB0000000000075120300954F06002E2F6D62F3
:10ADC00065642D6F732F647269766572732F757366
:10ADD000622F736F757263652F55534244657669B0
:10ADE00063652E637070005F6C6F636B6564203EFB
:10ADF00020300054686520656E64706F696E742041
:10AE00006973206E6F7420696E64657861626C6529
:10AE10002E005F7472616E736665722E7573657253
:10AE20005F63616C6C6261636B203D3D20526571B4
:10AE30007565737458666572446F6E650044657617
:10AE40006963652073746174652069732022506F93
:10AE5000776572656422206F722022446574616395
:10AE6000686564220054686520737461636B2069AF
:10AE7000732077616974696E67206F6E2061207539
:10AE80007365722063616C6C6261636B20666F72C4
:10AE9000207468652062756666657220746F20662E
:10AEA000696C6C206F72207374617475732E005F0F
:10AEB0007472616E736665722E757365725F63611D
:10AEC0006C6C6261636B203D3D20536574436F6E13
:10AED00066696775726174696F6E005F7472616E26
:10AEE000736665722E757365725F63616C6C626107
:10AEF000636B203D3D20536574496E7465726661D5
:10AF00006365005F7472616E736665722E7573653A
:10AF1000725F63616C6C6261636B203D3D205265C2
:10AF20007175657374002128696E666F2D3E666CBD
:10AF3000616773202620454E44504F494E545F456B
:10AF40004E41424C454429006D61785F7061636BEE
:10AF500065745F73697A65203C3D2031303234007E
:10AF600021636F6E6669677572656428290054688D
:10AF7000652073697A65206F662074686520646156
:10AF8000746120746F2072656164206973206C6540
:10AF90007373207468616E20746865206D61782019
:10AFA0007061636B65742073697A6520666F7220C7
:10AFB0007468697320656E64706F696E742E0054D6
:10AFC000686520656E64706F696E74206973206EA9
:10AFD0006F7420696E64657861626C650053697A8C
:10AFE00065206265696E67207772697474656E208A
:10AFF000697320746F6F206C617267652E00215F2A
:10B00000696E697469616C697A65640000000000AA
:10B0100000000000000000000000000023650600A2
:10B02000055A060009570600F9570600096606008A
:10B03000095306000B5306006554060065540600CC
:10B04000A153060011530600751203007153060048
:10B050007953060099530600815306008953060070
:10B06000915306004101030045010300470103001D
:10B0700007530600751203007512030075120300D2
:10B08000751203007512030039540600C1530600FF
:10B09000195406000403090416033000310032007D
:10B0A000330034003500360037003800390016030D
:10B0B000550053004200200044004500560049005E
:10B0C00043004500080355005300420012036D0081
:10B0D0006200650064002E006F00720067000603C6
:10B0E00030003100ECB00700B06E012041EE0600E8
:10B0F00049EE060089EE060099EE060055EE0600C0
:10B1000061EE060045EE060039EE06000100000083
:10B1100070696E6D6170206E6F7420666F756E64FD
:10B1200020666F72207065726970686572616C006C
:10B130002E2F6D6265642D6F732F68616C2F736F96
:10B14000757263652F6D6265645F7469636B6572A8
:10B150005F6170692E63006D617463685F74696319
:10B160006B20213D2071756575652D3E7469636B9B
:10B170005F6C6173745F72656164005469636B65D1
:10B1800072206672657175656E6379206973207AC5
:10B1900065726F005469636B6572206E756D6265D0
:10B1A00072206F662062697420697320677265611E
:10B1B000746572207468616E203332206F72206C67
:10B1C000657373207468616E203420626974730043
:10B1D000D8B10700F06E0120396C0600B9B0060046
:10B1E00015B1060025B10600C9B0060005B106007C
:10B1F000296C060015B00600000000006465666159
:10B20000756C74000000000000000000F56C060082
:10B21000596D060000000000000000000000000062
:10B220000000000075120300751203007512030080
:10B2300075120300114E0600E16D06008D3E0600FA
:10B24000973E0600E56D06006B0E0300710E0300CD
:10B250007D0E0300810E0300870E03008D0E030098
:10B26000910E03002F002E2F6D6265642D6F732FDA
:10B27000706C6174666F726D2F736F757263652F7A
:10B2800046696C65506174682E637070006C656E01
:10B2900020213D203000772B0053747265616D20B2
:10B2A0006F626A206661696C75726500000000005B
:10B2B0000000000000000000000000007512030004
:10B2C000751203007512030075120300114E06007B
:10B2D000E16D06008D3E0600973E0600E56D060016
:10B2E0006B0E0300710E03007D0E0300810E030040
:10B2F000870E03008D0E0300910E0300FCFFFFFF7D
:10B30000000000000000000000000000000000003D
:10B31000000000000000000000000000F36E0600C6
:10B32000C36E0600256F0600BF6E0600BF6E0600E6
:10B33000BF6E0600BF6E0600296F0600BF6E0600D6
:10B340006B0E0300710E03007D0E0300810E0300DF
:10B35000870E03008D0E0300910E0300751203008B
:10B3600075120300930E0300950E0300FCFFFFFF10
:10B370000000000000000000000000002E2F6D62A1
:10B3800065642D6F732F706C6174666F726D2F73AF
:10B390006F757263652F53797354696D65722E638F
:10B3A000707000215F7469636B696E6700215F7460
:10B3B00069636B696E6720262620215F77616B6564
:10B3C0005F74696D655F73657400000000000000C4
:10B3D00000000000197206000A52252D34643A203C
:10B3E0002530386C58000A53502020203A20253050
:10B3F000386C580A4C522020203A202530386C589E
:10B400000A50432020203A202530386C580A7850C2
:10B410005352203A202530386C580A50535020207F
:10B420003A202530386C580A4D535020203A2025B8
:10B4300030386C58000A43505549443A202530387A
:10B440006C58000A48465352203A202530386C5830
:10B450000A4D4D4653523A202530386C580A424620
:10B460005352203A202530386C580A554653522002
:10B470003A202530386C580A44465352203A202549
:10B4800030386C580A41465352203A202530386CE7
:10B4900058000A4D4D4641523A202530386C58002C
:10B4A0000A42464152203A202530386C58000A4D55
:10B4B0006F6465203A20546872656164000A5072B6
:10B4C0006976203A2055736572000A5072697620B9
:10B4D0003A2050726976696C65676564000A4D6F41
:10B4E0006465203A2048616E646C6572000A53748A
:10B4F00061636B3A20505350000A537461636B3A96
:10B50000204D5350000A2B2B204D6265644F532071
:10B510004661756C742048616E646C6572202B2BDB
:10B520000A0A4661756C74547970653A20004D655D
:10B530006D4D616E6167654661756C74004275732F
:10B540004661756C740055736167654661756C740E
:10B5500000486172644661756C74000A0A436F6E3C
:10B56000746578743A000A0A2D2D204D6265644F87
:10B5700053204661756C742048616E646C6572205E
:10B580002D2D0A0A004661756C742065786365701C
:10B5900074696F6E002E2E2E0A002E2F6D62656468
:10B5A0002D6F732F706C6174666F726D2F736F7572
:10B5B0007263652F6D6265645F637269746963614C
:10B5C0006C2E6300637269746963616C5F73656399
:10B5D00074696F6E5F7265656E7472616E63795FB8
:10B5E000636F756E746572203C2055494E5433323A
:10B5F0005F4D4158003C756E6E616D65643E002084
:10B600003C68616E646C65723E000A0A2B2B204D0B
:10B610006265644F53204572726F7220496E666F87
:10B62000202B2B0A4572726F7220537461747573EC
:10B630003A203078255820436F64653A20256420ED
:10B640004D6F64756C653A2025640A4572726F729D
:10B65000204D6573736167653A20004B65726E65B6
:10B660006C204572726F723A203078256C582C200D
:10B67000005468726561643A203078256C582C203B
:10B68000004D757465783A203078256C582C200070
:10B6900053656D6170686F72653A203078256C581B
:10B6A0002C20004D656D6F7279506F6F6C3A2030B1
:10B6B00078256C582C20004576656E74466C616761
:10B6C000733A203078256C582C200054696D6572CF
:10B6D0003A203078256C582C20004D6573736167D3
:10B6E0006551756575653A203078256C582C2000B9
:10B6F000417373657274696F6E206661696C65640D
:10B700003A20000A4C6F636174696F6E3A2030789A
:10B71000256C58000A46696C653A20002B256400A8
:10B720000A4572726F722056616C75653A203078E6
:10B73000256C58000A43757272656E7420546872E5
:10B740006561643A20257325732049643A20307876
:10B75000256C5820456E7472793A203078256C58E3
:10B7600020537461636B53697A653A203078256C95
:10B770005820537461636B4D656D3A203078256CA9
:10B78000582053503A203078256C5820000A466FD4
:10B7900072206D6F726520696E666F2C20766973FA
:10B7A00069743A2068747470733A2F2F6D626564FF
:10B7B0002E636F6D2F732F6572726F723F65727299
:10B7C0006F723D307825303858266F737665723D3C
:10B7D000256C6426636F72653D30782530386C586F
:10B7E00026636F6D703D2564267665723D256C7508
:10B7F000267467743D41524455494E4F5F4E414E49
:10B800004F3333424C45000A2D2D204D6265644F65
:10B8100053204572726F7220496E666F202D2D0A7B
:10B820000044656570536C6565704C6F636B206F89
:10B83000766572666C6F7720283E203078464646E3
:10B8400046290044656570536C6565704C6F636B89
:10B8500020756E646572666C6F7720283C203029F5
:10B86000002E2F6D6265642D6F732F706C6174668E
:10B870006F726D2F736F757263652F6D6265645F94
:10B8800072657461726765742E63707000286775E5
:10B890006172642026204358415F47554152445FFE
:10B8A0004D41534B29203D3D203000286775617282
:10B8B000642026204358415F47554152445F4D4123
:10B8C000534B29203D3D204358415F475541524449
:10B8D0005F494E49545F494E5F50524F475245535E
:10B8E00053004572726F72202D2077726974696EF1
:10B8F0006720746F20612066696C6520696E206125
:10B900006E20495352206F722063726974696361BB
:10B910006C2073656374696F6E0D0A000D004572CB
:10B92000726F72202D2072656164696E6720667285
:10B930006F6D20612066696C6520696E20616E20E4
:10B94000495352206F7220637269746963616C207D
:10B9500073656374696F6E0D0A004F706572617470
:10B960006F72206E6577206F7574206F66206D652D
:10B970006D6F72790D0A00000000000000000000E9
:10B98000A17C06001D7D0600297D0600C97C0600FD
:10B990008D7C06009D7C0600114E0600997C0600F9
:10B9A0008D3E0600973E0600937C06006B0E03005A
:10B9B000710E03007D0E0300810E0300870E03004D
:10B9C000ED7C0600910E0300000000002300000043
:10B9D000000000002A00000000000000010000003C
:10B9E0002F737464657272002F737464696E002F14
:10B9F0007374646F7574002E2F6D6265642D6F73A0
:10BA00002F706C6174666F726D2F736F75726365E2
:10BA10002F6D6265645F73746174732E6300737459
:10BA200061747320213D204E554C4C002E2F6D62C9
:10BA300065642D6F732F72746F732F736F757263DC
:10BA4000652F4576656E74466C6167732E63707002
:10BA5000005F6964006170706C69636174696F6E26
:10BA60005F756E6E616D65645F6576656E745F6649
:10BA70006C616773006170706C69636174696F6E8B
:10BA80005F756E6E616D65645F6D75746578002EAF
:10BA90002F6D6265642D6F732F72746F732F736FC8
:10BAA000757263652F4D757465782E637070005FD5
:10BAB0006964207C7C206D6265645F6765745F6586
:10BAC00072726F725F696E5F70726F6772657373A7
:10BAD0002829004D75746578206C6F636B20666152
:10BAE000696C6564004D7574657820756E6C6F6364
:10BAF0006B206661696C6564002E2F6D6265642D34
:10BB00006F732F72746F732F736F757263652F531A
:10BB1000656D6170686F72652E637070005F696437
:10BB200020213D206E756C6C7074720053656D61E0
:10BB300070686F72652061637175697265206661F6
:10BB4000696C6564002E2F6D6265642D6F732F72B2
:10BB5000746F732F736F757263652F5468697354B4
:10BB600068726561642E6370700028666C6167732B
:10BB7000203D3D206F73466C6167734572726F7232
:10BB800054696D656F75742026262072656C5F742C
:10BB9000696D6520213D20776169745F666F725F12
:10BBA0007533325F666F726576657229207C7C2002
:10BBB00028666C616773203D3D206F73466C61673A
:10BBC000734572726F725265736F7572636520266A
:10BBD000262072656C5F74696D65203D3D2072653D
:10BBE0006C5F74696D652E7A65726F282929007300
:10BBF0007461747573203D3D206F734F4B0061700D
:10BC0000706C69636174696F6E5F756E6E616D658E
:10BC1000645F7468726561640000000000000000E9
:10BC200000000000B1880600ED880600FFFF00005C
:10BC3000FFFFFFFFFF000000FFFFFFFFFFFFFF0010
:10BC4000FFFFFFFFFFFF0000FFFFFFFF02000000FC
:10BC500000000000000000000300000000000000E1
:10BC600001000000040000000000000002000000CD
:10BC70000500000000000000030000001C000000A0
:10BC800000000000040000001D0000000000000093
:10BC9000050000001E00000000000000060000007B
:10BCA0001F0000000000000007000000FF0000006F
:10BCB000FFFFFFFFFFFFFFFF2E2F6D6265642D6FFB
:10BCC000732F746172676574732F544152474554E2
:10BCD0005F4E4F524449432F5441524745545F4EA3
:10BCE000524635782F5441524745545F4E5246359F
:10BCF000322F5441524745545F4D43555F4E524693
:10BD000035323834302F5553425068795F4E6F7258
:10BD10006469632E63707000726574203D3D204E2F
:10BD200052465F5355434345535300000000000003
:10BD3000000000003D8906006D890600FD8A0600AE
:10BD40008D8A06003F890600C98A06007B890600A5
:10BD5000558906009B890600578906005D89060003
:10BD60006389060055890600658906005D8E060018
:10BD7000878E06009D8B0600098A0600218C06002E
:10BD8000158A0600198A0600398A0600578A0600B5
:10BD90005D8A06009F8906000F8A0600CF8906008B
:10BDA000858A0600458D060000060000310000006F
:10BDB0003C0000003C0000003C0000003C00000093
:10BDC0003C0000003C0000003C000000320000008D
:10BDD00030000000300000003000000030000000A3
:10BDE000300000003000000030000000098F060025
:10BDF0002E2F6D6265642D6F732F74617267657489
:10BE0000732F5441524745545F4E4F524449432F7C
:10BE10005441524745545F4E524635782F54415253
:10BE20004745545F4E524635322F616E616C6F67E5
:10BE3000696E5F6170692E63006F626A007265737C
:10BE4000756C74203D3D204E5246585F5355434318
:10BE5000455353006368616E6E656C20213D202858
:10BE600075696E7433325F7429204E4300020007F7
:10BE7000002E2F6D6265642D6F732F74617267657C
:10BE800074732F5441524745545F4E4F52444943B7
:10BE90002F5441524745545F4E524635782F5441F6
:10BEA000524745545F4E524635322F6770696F5F77
:10BEB0006170692E63002875696E7433325F74296E
:10BEC00070696E203C204750494F5F50494E5F4398
:10BED0004F554E54002E2F6D6265642D6F732F7475
:10BEE0006172676574732F5441524745545F4E4FDA
:10BEF000524449432F5441524745545F4E524635B0
:10BF0000782F5441524745545F4E524635322F697F
:10BF100032635F6170692E6300696E7374616E6372
:10BF200065203C204E5246585F5457495F454E416C
:10BF3000424C45445F434F554E5400000030004092
:10BF40000000000000400040010000000030004000
:10BF50000040004000300040000000000040004071
:10BF6000010000002E2F6D6265642D6F732F7461C8
:10BF700072676574732F5441524745545F4E4F5258
:10BF80004449432F5441524745545F4E52463578F9
:10BF90002F5441524745545F4E524635322F7077E9
:10BFA0006D6F75745F6170692E6300696E73746183
:10BFB0006E6365203C2028696E74292873697A6550
:10BFC0006F66286E6F726469635F6E7266355F704C
:10BFD000776D5F696E7374616E636529202F2073BE
:10BFE000697A656F66286E7266785F70776D5F74C8
:10BFF0002929002E2F6D6265642D6F732F74617275
:10C00000676574732F5441524745545F4E4F5244F5
:10C0100049432F5441524745545F4E524635782F7D
:10C020005441524745545F4E524635322F73657224
:10C0300069616C5F6170692E6300646174615F6245
:10C04000697473203D3D20380028706172697479ED
:10C05000203D3D205061726974794E6F6E652920D4
:10C060007C7C2028706172697479203D3D2050618C
:10C07000726974794576656E290073746F705F62BA
:10C08000697473203D3D2031000101010020004012
:10C09000008002402E2F6D6265642D6F732F7461D6
:10C0A00072676574732F5441524745545F4E4F5227
:10C0B0004449432F5441524745545F4E52463578C8
:10C0C0002F5441524745545F4E524635322F7370BC
:10C0D000695F6170692E63007370695F696E737464
:10C0E0002D3E696E7374616E6365203C204E52462E
:10C0F000585F5350495F454E41424C45445F434F62
:10C10000554E5400736C617665203D3D2030000033
:10C11000003000400000000000400040010000002E
:10C12000003002400200000040420F0020000000EA
:10C130000000FFFFDEC0ADDEFE011EF1DEC0ADDEA1
:10C14000FF011EF102030405060708090B000801A0
:10C150000C011001140118011C01200124012C0103
:10C160000C0D0E0F101112131400300134013801A0
:10C170003C014001440148014C015001C9BC06008A
:10C180008DBE06005DBE060015BF06000FBF06008F
:10C1900009BF060003BF0600FDBE0600F7BE06008D
:10C1A000F1BE06004DBD0600ADC1060019C7060070
:10C1B00019C1060013C106000DC1060007C1060023
:10C1C00001C10600FBC00600F5C0060065C10600FF
:10C1D00021C1060069BD0600E1C8060005C20600CF
:10C1E000C9DC0600D9DC0600E9DC060005E406002F
:10C1F00015E4060049E9060059E906000080000040
:10C2000018000000000000006173696E6600000005
:10C210007371727466000000FB21F93FFB21094035
:10C220007CD91240FB2119407A6A1F407CD92240F8
:10C23000BBFD2540FB2129403A462C407A6A2F401D
:10C240005C4731407CD932409C6B3440BBFD35406B
:10C25000DB8F3740FB2139401BB43A403A463C4023
:10C260005AD83D407A6A3F404C7E40405C4741404E
:10C270006C1042407CD942408CA243409C6B4440AD
:10C28000AC344540BBFD4540CBC64640DB8F474004
:10C29000EB584840FB21494083F9A200444E6E0010
:10C2A000FC291500D1572700DD34F50062DBC00002
:10C2B0003C999500419043006351FE00BBDEAB000A
:10C2C000B761C5003A6E2400D24D42004906E00035
:10C2D00009EA2E001C92D100EB1DFE0029B11C00C2
:10C2E000E83EA700F535820044BB2E009CE984009F
:10C2F000B4267000417E5F00D69139005383390027
:10C300009CF439008B5F840028F9BD00F81F3B00C6
:10C31000DEFF97000F980500112FEF000A5A8B00DF
:10C320006D1F6D00CF7E360009CB2700464FB7004A
:10C330009E663F002DEA5F00BA277500E5EBC70057
:10C340003D7BF100F739070092528A00FB6BEA004F
:10C350001FB15F00085D8D00300356007BFC460076
:10C36000F0AB6B0020BCCF0036F49A00E3A91D00AF
:10C370005E619100081BE60085996500A0145F00CE
:10C380008D40680080D8FF0027734D0006063100FD
:10C39000CA561500C9A873007BE260006B8CC00010
:10C3A000000FC93F000F494000CB9640000FC94025
:10C3B0000053FB4000CB164100ED2F41000F4941D7
:10C3C0000031624100537B41003A8A4100CB9641E3
:10C3D000005CA34100EDAF41007EBC41000FC941AC
:10C3E00000A0D5410031E24100C2EE410053FB41C3
:10C3F00000F20342003A0A420083104200CB164288
:10C4000000141D42005C234200A5294200ED2F428A
:10C4100000363642007E3C4200C74242000F49428D
:10C42000A2000000F9000000830000006E00000080
:10C430004E0000004400000015000000290000002C
:10C44000FC0000002700000057000000D1000000A1
:10C45000F500000034000000DD000000C000000016
:10C46000DB00000062000000950000009900000061
:10C470003C0000004300000090000000410000006C
:10C48000FE0000005100000063000000AB0000004F
:10C49000DE000000BB000000C500000061000000DD
:10C4A000B7000000240000006E0000003A00000009
:10C4B000420000004D000000D2000000E00000003B
:10C4C00006000000490000002E000000EA00000005
:10C4D00009000000D1000000920000001C000000D4
:10C4E000FE0000001D000000EB0000001C0000002A
:10C4F000B100000029000000A70000003E0000007D
:10C50000E80000008200000035000000F500000097
:10C510002E000000BB00000044000000840000006A
:10C52000E90000009C0000007000000026000000F0
:10C53000B40000005F0000007E0000004100000029
:10C540003900000091000000D60000003900000012
:10C55000830000005300000039000000F4000000D8
:10C560009C000000840000005F0000008B000000C1
:10C57000BD000000F9000000280000003B000000A2
:10C580001F000000F800000097000000FF000000FE
:10C59000DE00000005000000980000000F00000011
:10C5A000EF0000002F000000110000008B000000D1
:10C5B0005A0000000A0000006D0000001F0000008B
:10C5C0006D000000360000007E000000CF0000007B
:10C5D00027000000CB00000009000000B7000000A9
:10C5E0004F000000460000003F0000006600000011
:10C5F0009E0000005F000000EA0000002D00000027
:10C600007500000027000000BA000000C70000000D
:10C61000EB000000E5000000F10000007B000000DE
:10C620003D0000000700000039000000F700000096
:10C630008A0000005200000092000000EA000000A2
:10C640006B000000FB0000005F000000B100000074
:10C650001F0000008D0000005D00000008000000C9
:10C6600056000000030000003000000046000000FB
:10C67000FC0000007B0000006B000000AB0000002D
:10C68000F0000000CF000000BC000000200000000F
:10C690009A000000F4000000360000001D000000B9
:10C6A000A9000000E300000091000000610000000C
:10C6B0005E000000E60000001B0000000800000013
:10C6C0006500000099000000850000005F00000088
:10C6D00014000000A00000006800000040000000FE
:10C6E0008D000000FF000000D80000008000000066
:10C6F0004D00000073000000270000003100000022
:10C7000006000000060000001500000056000000B2
:10C71000CA00000073000000A8000000C90000006B
:10C7200060000000E20000007B000000C00000008C
:10C730008C0000006B00000000000040FB21F93F6E
:10C74000000000002D44743E000000809846F83C34
:10C750000000006051CC783B00000080831BF03962
:10C760000000004020257A38000000802282E33655
:10C77000000000001DF36935020000000300000006
:10C7800004000000060000000000C93F0000F0396E
:10C790000000DA370000A2330000842E0000502B86
:10C7A0000000C2270000D0220000C41F0000C61BEA
:10C7B000000044170400000007000000090000000A
:10C7C0003863ED3EDA0F493F5E987B3FDA0FC93F91
:10C7D0006937AC3168212233B40F14336821A23396
:10C7E0000020202020202020202028282828282041
:10C7F0002020202020202020202020202020202039
:10C8000020881010101010101010101010101010A0
:10C810001004040404040404040404101010101090
:10C82000101041414141414101010101010101015A
:10C8300001010101010101010101010110101010AC
:10C84000101042424242424202020202020202022C
:10C850000202020202020202020202021010101080
:10C8600020000000000000000000000000000000A8
:10C8700000000000000000000000000000000000B8
:10C8800000000000000000000000000000000000A8
:10C890000000000000000000000000000000000098
:10C8A0000000000000000000000000000000000088
:10C8B0000000000000000000000000000000000078
:10C8C0000000000000000000000000000000000068
:10C8D0000000000000000000000000000000000058
:10C8E00000000000C065002043000000504F534985
:10C8F000580000002E000000494E4600696E660098
:10C900004E414E006E616E00303132333435363771
:10C91000383941424344454600000000303132334B
:10C92000343536373839616263646566000000006B
:10C93000286E756C6C29000030000000202020203B
:10C9400020202020202020202020202030303030A7
:10C95000303030303030303030303030496E666911
:10C960006E697479000000004E614E000000000006
:10C970000080E03779C34143176E05B5B5B89346DB
:10C98000F5F93FE9034F384D321D30F94877825AA7
:10C990003CBF737FDD4F1575000000000000F03FC5
:10C9A000000000000000244000000000000059408A
:10C9B0000000000000408F40000000000088C340DD
:10C9C00000000000006AF8400000000080842E4152
:10C9D00000000000D01263410000000084D797419E
:10C9E0000000000065CDCD41000000205FA00242A4
:10C9F000000000E876483742000000A2941A6D4219
:10CA0000000040E59C30A2420000901EC4BCD6420B
:10CA100000003426F56B0C430080E03779C34143B6
:10CA200000A0D8855734764300C84E676DC1AB432C
:10CA3000003D9160E458E143408CB5781DAF15444A
:10CA400050EFE2D6E41A4B4492D54D06CFF0804425
:10CA5000F64AE1C7022DB544B49DD9794378EA443A
:10CA600005000000190000007D000000000000002B
:08CA7000D0A6FA7F01000000CE
:10CA780000000000547107000000803F64000000BF
:10CA880000008040E0930400010000000000803FA7
:10CA9800AE47613D0000803F0000803F5C8FA23FB1
:10CAA8000000C03F0000000000000000000000007F
:10CAB80000000087000002010200000000000000E2
:10CAC8000200000000000000030000000000000059
:10CAD8001C000000000000001D0000000000000015
:10CAE8000400000000000000050000000000000035
:10CAF8001F0000000000000002000000000000000D
:10CB0800000000000000000003000000000000001A
:10CB180000000000000000001C00000000000000F1
:10CB280000000000000000001D00000000000000E0
:10CB380000000000000000000400000000000000E9
:10CB480000000000000000000500000000000000D8
:10CB580000000000000000001F00000000000000AE
:10CB680000000000000000002B0000000000000092
:10CB780000000000000000002C0000000000000081
:10CB880000000000000000002D0000000000000070
:10CB980000000000000000002E000000000000005F
:10CBA80000000000000000002F000000000000004E
:10CBB80000000000000000001A0000000000000053
:10CBC80000000000000000001E000000000000003F
:10CBD8000000000000000000060000000000000047
:10CBE8000000000000000000280000000000000015
:10CBF80000000000000000001B0000000000000012
:10CC08000000000000000000070000000000000015
:10CC180000000000000000000B0000000000000001
:10CC280000000000000000002A00000000000000D2
:10CC380000000000000000002000000000000000CC
:10CC480000000000000000001000000000000000CC
:10CC580000000000000000000D00000000000000BF
:10CC680000000000000000001100000000000000AB
:10CC78000000000000000000150000000000000097
:10CC88000000000000000000190000000000000083
:10CC98000000000000000000140000000000000078
:10CCA8000000000000000000180000000000000064
:10CCB8000000000000000000160000000000000056
:10CCC8000000000000000000170000000000000045
:10CCD8000000000000000000090000000000000043
:10CCE80000000000000000000A0000000000000032
:10CCF80000000000000000000E000000000000001E
:10CD080000000000000000000A0000000800000009
:10CD1800C57C0700D3B3FB02000000000000000040
:10CD280000000000000000000000000000000000FB
:10CD380000000000000000000000000000000000EB
:10CD480000000000000000000000000000000000DB
:10CD580000000000000000000000000000000000CB
:10CD680000000000000000000000000000000000BB
:10CD780000000000000000000000000000000000AB
:10CD8800000000000000000000000000000000009B
:10CD9800000000000000000000000000000000008B
:10CDA800000000000000000000000000000000007B
:10CDB80000000000553F0300301C01200000000067
:10CDC800381801203313490515CD5B07E5559A1529
:10CDD800B53B121F11E20400FF060000000000002E
:10CDE800FB349B5F80000080001000000000000002
:10CDF80000000000013B0500953B0500FD400500D3
:10CE08003D420500BD3C0500014005009544050074
:10CE1800B9450500494A0500494A0500554B050032
:10CE2800AD4C050000000000000000009134050032
:10CE38009D3D0500000000000F00000017001E04C3
:10CE4800C8630020D8630020F40100000307100124
:10CE58000000000000FA000000FA000002000000D4
:10CE6800E08F0700E08F0700E08F0700E08F0700E2
:10CE7800E08F0700E08F0700E08F0700D48F0700DE
:10CE8800E08F0700E08F0700E08F0700E08F0700C2
:10CE9800E08F0700E08F0700E08F0700E08F0700B2
:10CEA800E08F0700E08F0700E08F0700E08F0700A2
:10CEB800E08F070001000000F5F1050094A40700C9
:10CEC8003CA1070004A507000000000000000000C6
:10CED80004AB0700010000FB00FB0000336B0600F9
:10CEE800336B0600FFFFFFFFFFFFFFFFFFFFFFFFA2
:10CEF800000000000000000000000000000000002A
:10CF08000000000000000000000000000000000019
:10CF18000000000000000000000000000000000009
:10CF280000000000000000000000000000000000F9
:10CF380000000000000000000000000000000000E9
:10CF480000000000000000000000000000000000D9
:10CF580000000000000000000000000000000000C9
:10CF680000000000000000000000000000000000B9
:10CF780000000000000000000000000000000000A9
:10CF88000000000000000000000000000000000099
:10CF98000000000000000000000000000000000089
:10CFA8000000000000000000000000000000000079
:10CFB8000000000000000000000000000000000069
:10CFC8000000000000000000000000000000000059
:10CFD8000000000000000000000000000000000049
:10CFE80000000000787A01200090D00301010100C0
:10CFF80001000000FFFFFFFFFFFFFFFFFFFFFFFF34
:10D00800FFFFFFFFFF00000000C00140000000001C
:10D018000010024001000000002002400200000051
:10D0280000D002400300000001010100C06500209B
:10D0380000000000AC680020146900207C69002012
:10D0480000000000000000000000000000000000D8
:10D0580000000000000000000000000000000000C8
:10D0680000000000000000000000000000000000B8
:10D0780000000000000000000000000000000000A8
:10D088000000000000000000000000000000000098
:10D098000000000000000000000000000000000088
:10D0A8000000000000000000000000000000000078
:10D0B8000000000000000000000000000000000068
:10D0C8000000000000000000000000000000000058
:10D0D8000000000000000000010000000000000047
:10D0E8000E33CDAB34126DE6ECDE05000B0000000C
:10D0F8000000000000000000000000000000000028
:10D108000000000000000000000000000000000017
:10D118000000000000000000000000000000000007
:10D1280000000000000000000000000000000000F7
:10D1380000000000000000000000000000000000E7
:10D1480000000000000000000000000000000000D7
:10D1580000000000000000000000000000000000C7
:10D1680000000000000000000000000000000000B7
:10D1780000000000000000000000000000000000A7
:10D188000000000000000000000000000000000097
:10D198000000000000000000000000000000000087
:10D1A8000000000000000000000000000000000077
:10D1B8000000000000000000000000000000000067
:10D1C8000000000000000000000000000000000057
:10D1D8000000000000000000000000000000000047
:10D1E8000000000000000000000000000000000037
:10D1F8000000000000000000000000000000000027
:10D208000000000000000000000000000000000016
:10D218000000000000000000000000000000000006
:10D2280000000000000000000000000000000000F6
:10D2380000000000000000000000000000000000E6
:10D2480000000000000000000000000000000000D6
:10D2580000000000000000000000000000000000C6
:10D2680000000000000000000000000000000000B6
:10D2780000000000000000000000000000000000A6
:10D288000000000000000000000000000000000096
:10D298000000000000000000000000000000000086
:10D2A8000000000000000000000000000000000076
:10D2B8000000000000000000000000000000000066
:10D2C8000000000000000000000000000000000056
:10D2D8000000000000000000000000000000000046
:10D2E8000000000000000000000000000000000036
:10D2F8000000000000000000000000000000000026
:10D308000000000000000000000000000000000015
:10D318000000000000000000000000000000000005
:10D3280000000000000000000000000000000000F5
:10D3380000000000000000000000000000000000E5
:10D3480000000000000000000000000000000000D5
:10D3580000000000000000000000000000000000C5
:10D3680000000000000000000000000000000000B5
:10D3780000000000000000000000000000000000A5
:10D388000000000000000000000000000000000095
:10D398000000000000000000000000000000000085
:10D3A8000000000000000000000000000000000075
:10D3B8000000000000000000000000000000000065
:10D3C8000000000000000000000000000000000055
:10D3D8000000000000000000000000000000000045
:10D3E8000000000000000000000000000000000035
:10D3F8000000000000000000000000000000000025
:10D408000000000000000000000000000000000014
:10D418000000000000000000000000000000000004
:10D4280000000000000000000000000000000000F4
:10D4380000000000000000000000000000000000E4
:10D4480000000000000000000000000000000000D4
:10D458000000000000000000430000000000000081
:10D4680000000000000000000000000000000000B4
:10D478000000000000000000430000000000000061
:10D488000000000000000000000000000000000094
:10D498000000000000000000430000000000000041
:10D4A8000000000000000000000000000000000074
:10D4B8000000000000000000430000000000000021
:10D4C8000000000000000000000000000000000054
:10D4D8000000000000000000430000000000000001
:10D4E8000000000000000000000000000000000034
:10D4F80000000000000000004300000000000000E1
:10D508000000000000000000000000000000000013
:10D5180000000000000000004300000000000000C0
:10D5280000000000000000000000000000000000F3
:10D538000000000000000000F1580700B5350700A2
:10D5480000000000E0C70700F4C8070018C907007A
:10D5580018C9070018C9070018C9070018C9070023
:10D5680018C9070018C9070018C9070018C9070013
:10D57800FFFFFFFFFFFFFFFFFFFFFFFFFFFF0000B1
:10D588000100415343494900000000000000000029
:10D598000000000000000000000000000000000083
:10D5A800000041534349490000000000000000000A
:10D5B8000000000000000000000000000000000063
:10D5C800000000000000000000000000546B002074
:10D5D800546B00205C6B00205C6B0020646B0020A7
:10D5E800646B00206C6B00206C6B0020746B002057
:10D5F800746B00207C6B00207C6B0020846B002007
:10D60800846B00208C6B00208C6B0020946B0020B6
:10D61800946B00209C6B00209C6B0020A46B002066
:10D62800A46B0020AC6B0020AC6B0020B46B002016
:10D63800B46B0020BC6B0020BC6B0020C46B0020C6
:10D64800C46B0020CC6B0020CC6B0020D46B002076
:10D65800D46B0020DC6B0020DC6B0020E46B002026
:10D66800E46B0020EC6B0020EC6B0020F46B0020D6
:10D67800F46B0020FC6B0020FC6B0020046C002085
:10D68800046C00200C6C00200C6C0020146C002032
:10D69800146C00201C6C00201C6C0020246C0020E2
:10D6A800246C00202C6C00202C6C0020346C002092
:10D6B800346C00203C6C00203C6C0020446C002042
:10D6C800446C00204C6C00204C6C0020546C0020F2
:10D6D800546C00205C6C00205C6C0020646C0020A2
:10D6E800646C00206C6C00206C6C0020746C002052
:10D6F800746C00207C6C00207C6C0020846C002002
:10D70800846C00208C6C00208C6C0020946C0020B1
:10D71800946C00209C6C00209C6C0020A46C002061
:10D72800A46C0020AC6C0020AC6C0020B46C002011
:10D73800B46C0020BC6C0020BC6C0020C46C0020C1
:10D74800C46C0020CC6C0020CC6C0020D46C002071
:10D75800D46C0020DC6C0020DC6C0020E46C002021
:10D76800E46C0020EC6C0020EC6C0020F46C0020D1
:10D77800F46C0020FC6C0020FC6C0020046D002080
:10D78800046D00200C6D00200C6D0020146D00202D
:10D79800146D00201C6D00201C6D0020246D0020DD
:10D7A800246D00202C6D00202C6D0020346D00208D
:10D7B800346D00203C6D00203C6D0020446D00203D
:10D7C800446D00204C6D00204C6D0020546D0020ED
:10D7D800546D00205C6D00205C6D0020646D00209D
:10D7E800646D00206C6D00206C6D0020746D00204D
:10D7F800746D00207C6D00207C6D0020846D0020FD
:10D80800846D00208C6D00208C6D0020946D0020AC
:10D81800946D00209C6D00209C6D0020A46D00205C
:10D82800A46D0020AC6D0020AC6D0020B46D00200C
:10D83800B46D0020BC6D0020BC6D0020C46D0020BC
:10D84800C46D0020CC6D0020CC6D0020D46D00206C
:10D85800D46D0020DC6D0020DC6D0020E46D00201C
:10D86800E46D0020EC6D0020EC6D0020F46D0020CC
:10D87800F46D0020FC6D0020FC6D0020046E00207B
:10D88800046E00200C6E00200C6E0020146E002028
:10D89800146E00201C6E00201C6E0020246E0020D8
:10D8A800246E00202C6E00202C6E0020346E002088
:10D8B800346E00203C6E00203C6E0020446E002038
:10D8C800446E00204C6E00204C6E0020546E0020E8
:10D8D800546E00205C6E00205C6E0020646E002098
:10D8E800646E00206C6E00206C6E0020746E002048
:10D8F800746E00207C6E00207C6E0020846E0020F8
:10D90800846E00208C6E00208C6E0020946E0020A7
:10D91800946E00209C6E00209C6E0020A46E002057
:10D92800A46E0020AC6E0020AC6E0020B46E002007
:10D93800B46E0020BC6E0020BC6E0020C46E0020B7
:10D94800C46E0020CC6E0020CC6E0020D46E002067
:10D95800D46E0020DC6E0020DC6E0020E46E002017
:10D96800E46E0020EC6E0020EC6E0020F46E0020C7
:10D97800F46E0020FC6E0020FC6E0020046F002076
:10D98800046F00200C6F00200C6F0020146F002023
:10D99800146F00201C6F00201C6F0020246F0020D3
:10D9A800246F00202C6F00202C6F0020346F002083
:10D9B800346F00203C6F00203C6F0020446F002033
:10D9C800446F00204C6F00204C6F0020FFFFFFFFCA
:10D9D800000002000000000025710200C575020069
:10D9E8004D9C020099C30200E1C9020041CE020029
:10D9F80001DF0200B5E202004DE9020021F9020050
:10DA0800A5FA0200A9000300211203003D14030037
:10DA1800F518030069C6050085D005000000000060
:10DA2800017102000000000000000000000000007A
:10DA380000000000000000000000000000000000DE
:10DA480000000000C5BA0600000000000000000049
:0400000360008F61A9
:00000001FF
